id;bundesland;plz;dimb_ig;landkreis;ort;dimb_ig_id
20871464-f134-41a8-8dd5-47581e0c15b6;Sachsen;01067;DIMB IG Dresden;Dresden;Dresden;5
4d4d6656-54b2-48cc-899f-97ebc26fe237;Sachsen;01069;DIMB IG Dresden;Dresden;Dresden;5
513e2329-3e5a-4b69-bff1-bf80043f70ac;Sachsen;01097;DIMB IG Dresden;Dresden;Dresden;5
9d02cef5-0511-4ab4-aa0d-b8107a0b89ca;Sachsen;01099;DIMB IG Dresden;Dresden;Dresden;5
1e14a098-a1b7-4cf2-88fa-23c7911dfdd9;Sachsen;01108;DIMB IG Dresden;Dresden;Dresden;5
cabc908a-cced-4820-a9c1-b175caf4f1d5;Sachsen;01109;DIMB IG Dresden;Dresden;Dresden;5
1851a0a0-c9f9-4b0c-b0f6-1717a727f147;Sachsen;01127;DIMB IG Dresden;Dresden;Dresden;5
ec5a5c47-44ae-4ecb-af7d-b1f7899037e0;Sachsen;01129;DIMB IG Dresden;Dresden;Dresden;5
ce08be51-316f-4308-97b7-0642da1ca16b;Sachsen;01139;DIMB IG Dresden;Dresden;Dresden;5
9a8a0126-3da3-4631-9a32-6c53f9611f22;Sachsen;01156;DIMB IG Dresden;Dresden;Dresden;5
53e649a0-a0f9-47c7-ab8c-9d7a2a9dea8c;Sachsen;01157;DIMB IG Dresden;Dresden;Dresden;5
d8389f83-fc00-4bf7-b1ca-450bad635598;Sachsen;01159;DIMB IG Dresden;Dresden;Dresden;5
5f8fed4d-8dc7-443a-a87b-7af88d35d6bc;Sachsen;01169;DIMB IG Dresden;Dresden;Dresden;5
9b786d87-9f4d-45be-aad3-4f08d3b648e7;Sachsen;01187;DIMB IG Dresden;Dresden;Dresden;5
3ad19074-d84f-4d4f-b63d-5be24b437d89;Sachsen;01189;DIMB IG Dresden;Dresden;Dresden;5
ebe024bd-f387-49bc-b137-00ea83a41844;Sachsen;01217;DIMB IG Dresden;Dresden;Dresden;5
b61bf87e-5621-415c-b32d-d0d5fdfc24d6;Sachsen;01219;DIMB IG Dresden;Dresden;Dresden;5
ac2dccce-d4ad-463e-bef4-38bc4913b6cc;Sachsen;01237;DIMB IG Dresden;Dresden;Dresden;5
0fe59000-bc3e-4b19-80bc-b0dbae878b9b;Sachsen;01239;DIMB IG Dresden;Dresden;Dresden;5
c9b25f42-36cc-49d5-b9c5-ffa1299ed633;Sachsen;01257;DIMB IG Dresden;Dresden;Dresden;5
42c35fb1-d19d-4e5f-a6a7-d419ba7ff294;Sachsen;01259;DIMB IG Dresden;Dresden;Dresden;5
23079b2b-8e82-46b4-9e71-40be3c778bed;Sachsen;01277;DIMB IG Dresden;Dresden;Dresden;5
15d6bc00-de67-4034-9829-65be4ad883e1;Sachsen;01279;DIMB IG Dresden;Dresden;Dresden;5
7991dbd2-5c7c-43dc-9cbb-0091ff82934a;Sachsen;01307;DIMB IG Dresden;Dresden;Dresden;5
83ca9ebc-9ccd-4182-a672-47447f02ae88;Sachsen;01309;DIMB IG Dresden;Dresden;Dresden;5
a0654fd4-aba4-458e-a710-25eedb983135;Sachsen;01324;DIMB IG Dresden;Dresden;Dresden;5
3aaf873e-9aa6-4c82-8edb-0f202ca99d98;Sachsen;01326;DIMB IG Dresden;Dresden;Dresden;5
939eb227-c6a1-46ff-9357-f4555562d335;Sachsen;01328;DIMB IG Dresden;Dresden;Dresden;5
9755512e-a951-4e94-9cb1-2093f4e7a703;Sachsen;01445;DIMB IG Dresden;Landkreis Meißen;Radebeul;5
a30a6faa-f75a-4229-8fcc-fc250fbe4862;Sachsen;01454;DIMB IG Dresden;Landkreis Bautzen;Radeberg, Wachau;5
e974beee-02f3-429a-8d58-ff438406bb4f;Sachsen;01458;DIMB IG Dresden;Landkreis Bautzen;Ottendorf-Okrilla;5
c939d628-0fa3-40c7-ac26-6d8f57ffdde1;Sachsen;01465;DIMB IG Dresden;Dresden;Dresden;5
b6aab39c-22cd-40f7-a270-7c30fe621240;Sachsen;01468;DIMB IG Dresden;Landkreis Meißen;Moritzburg;5
7e97a3f2-e599-4091-8310-b5df60ce7da5;Sachsen;01471;DIMB IG Dresden;Landkreis Meißen;Radeburg;5
0395ea3a-2621-4a53-8072-7555a53f4c4f;Sachsen;01477;DIMB IG Dresden;Landkreis Bautzen;Arnsdorf;5
c47b684d-a490-4125-98dd-12b369258b50;Sachsen;01558;DIMB IG Dresden;Landkreis Meißen;Großenhain;5
ba452433-c07f-475f-ad03-2bc2029ef0a3;Sachsen;01561;DIMB IG Dresden;Landkreis Meißen;Ebersbach, Großenhain, Lampertswalde, Priestewitz, Schönfeld, Thiendorf;5
ad07ae12-bd1b-4639-8659-bfbb2b4e91bf;Sachsen;01587;DIMB IG Dresden;Landkreis Meißen;Riesa;5
d79d5f50-84f8-4c5f-9092-20f0b316762c;Sachsen;01589;DIMB IG Dresden;Landkreis Meißen;Riesa;5
0eebbfce-5f67-4a84-89e1-edf8babde9b4;Sachsen;01591;DIMB IG Dresden;Landkreis Meißen;Riesa;5
4d913a6d-7546-4c6e-82c5-84e1c81004f1;Sachsen;01594;DIMB IG Dresden;Landkreis Meißen;Hirschstein, Riesa, Stauchitz;5
782562be-12f2-425f-bc73-9dc78cd40b59;Sachsen;01609;DIMB IG Dresden;Landkreis Meißen;Gröditz, Röderaue, Wülknitz;5
c293c743-cde2-449c-b64c-d8e60f05e094;Sachsen;01612;DIMB IG Dresden;Landkreis Meißen;Glaubitz, Nünchritz;5
90332036-2484-4fa0-9c71-a38325854f19;Sachsen;01616;DIMB IG Dresden;Landkreis Meißen;Strehla;5
0afc11e2-eddc-4ee1-a3be-589e7e86bfef;Sachsen;01619;DIMB IG Dresden;Landkreis Meißen;Zeithain;5
e1dbfdd9-35e4-4354-a2f8-7d3df3a48765;Sachsen;01623;DIMB IG Dresden;Landkreis Meißen;Lommatzsch;5
20e665ad-4ae8-4316-88ae-65de33ef2bd2;Sachsen;01640;DIMB IG Dresden;Landkreis Meißen;Coswig;5
f0f535c3-1f5f-4d41-b379-589a240028b0;Sachsen;01662;DIMB IG Dresden;Landkreis Meißen;Meißen;5
fb09d49c-f9cd-4e8e-b1be-ef3bd75c7c78;Sachsen;01665;DIMB IG Dresden;Landkreis Meißen;Diera-Zehren, Käbschütztal, Klipphausen;5
20833320-4fb0-4b34-8976-99a682e580e6;Sachsen;01683;DIMB IG Dresden;Landkreis Meißen;Nossen;5
4e08565b-ce4e-4d7a-a520-8ba7120b610b;Sachsen;01689;DIMB IG Dresden;Landkreis Meißen;Niederau, Weinböhla;5
239a8a9f-f028-4d58-8272-facc4b1493fd;Sachsen;01705;DIMB IG Dresden;Landkreis Sächsische Schweiz-Osterzgebirge;Freital;5
7acb2816-7d5f-400a-ac4a-584a6610c40c;Sachsen;01723;DIMB IG Dresden;Landkreis Sächsische Schweiz-Osterzgebirge;Wilsdruff;5
d7467308-0c1e-4010-b70f-197efffa2f78;Sachsen;01728;DIMB IG Dresden;Landkreis Sächsische Schweiz-Osterzgebirge;Bannewitz;5
2335c914-cda0-4837-820a-ec0b4a4bbee2;Sachsen;01731;DIMB IG Dresden;Landkreis Sächsische Schweiz-Osterzgebirge;Kreischa;5
30a072fb-bc1e-49a5-bfed-4c5fd5d6e47d;Sachsen;01734;DIMB IG Dresden;Landkreis Sächsische Schweiz-Osterzgebirge;Rabenau;5
a9bb1fa1-5a3a-41ef-8ed9-2eb76f1e8f56;Sachsen;01737;DIMB IG Dresden;Landkreis Sächsische Schweiz-Osterzgebirge;Tharandt, Wilsdruff;5
a0dbfb45-bf86-4b72-8c7b-e6f80aebf4d8;Sachsen;01738;DIMB IG Dresden;Landkreis Sächsische Schweiz-Osterzgebirge;Dorfhain;5
8bbb4d6f-6965-49d2-8542-72e94b9feb60;Sachsen;01744;DIMB IG Dresden;Landkreis Sächsische Schweiz-Osterzgebirge;Dippoldiswalde;5
eb593a28-5605-4796-8115-a3b2cda093dd;Sachsen;01762;DIMB IG Dresden;Landkreis Sächsische Schweiz-Osterzgebirge;Hartmannsdorf-Reichenau;5
2cc44951-8932-4026-93cd-2efe26b47015;Sachsen;01768;DIMB IG Dresden;Landkreis Sächsische Schweiz-Osterzgebirge;Glashütte;5
c4ef9c48-07cc-4846-9198-6f755d69dddc;Sachsen;01773;DIMB IG Dresden;Landkreis Sächsische Schweiz-Osterzgebirge;Altenberg;5
b9ffab1b-5098-41f0-b09d-d8eac7b5d4a7;Sachsen;01774;DIMB IG Dresden;Landkreis Sächsische Schweiz-Osterzgebirge;Klingenberg;5
5d31e46d-88d0-4c79-ad4f-7e718ba9a3a6;Sachsen;01776;DIMB IG Dresden;Landkreis Sächsische Schweiz-Osterzgebirge;Hermsdorf/Erzgebirge;5
2cab7519-bf01-43c4-b455-d3cc4130586e;Sachsen;01778;DIMB IG Dresden;Landkreis Sächsische Schweiz-Osterzgebirge;Altenberg;5
56c0b4b1-2c1e-44b6-9884-e127fcbf585a;Sachsen;01796;DIMB IG Dresden;Landkreis Sächsische Schweiz-Osterzgebirge;Dohma, Pirna, Struppen;5
8fa8ab0c-a5d9-4fbb-ae5d-a17bd0140c44;Sachsen;01809;DIMB IG Dresden;Landkreis Sächsische Schweiz-Osterzgebirge;Dohna, Heidenau, Müglitztal;5
08c22419-4ce9-4301-b09a-f96fe4c19416;Sachsen;01814;DIMB IG Dresden;Landkreis Sächsische Schweiz-Osterzgebirge;Bad Schandau, Rathmannsdorf.Reinhardtsdorf-Schöna;5
2a86cd6c-84c4-4aea-ae29-ab531d2c802d;Sachsen;01816;DIMB IG Dresden;Landkreis Sächsische Schweiz-Osterzgebirge;Bad Gottleuba-Berggießhübel;5
d4909a4c-3c04-42c7-a002-a95dfc94f8cf;Sachsen;01819;DIMB IG Dresden;Landkreis Sächsische Schweiz-Osterzgebirge;Bahretal;5
8b0a5115-14b7-457c-b1bd-274762e0033a;Sachsen;01824;DIMB IG Dresden;Landkreis Sächsische Schweiz-Osterzgebirge;Gohrisch, Königstein, Rathen, Rosenthal-Bielatal;5
0f687c7f-6f9a-4fd5-b5fb-593a072b5946;Sachsen;01825;DIMB IG Dresden;Landkreis Sächsische Schweiz-Osterzgebirge;Liebstadt;5
ecdcee72-0da2-425a-9f39-606f58cc70c9;Sachsen;01829;DIMB IG Dresden;Landkreis Sächsische Schweiz-Osterzgebirge;Wehlen;5
24914401-555e-4f4d-b26b-e5703f13556d;Sachsen;01833;DIMB IG Dresden;Landkreis Sächsische Schweiz-Osterzgebirge;Dürrröhrsdorf-Dittersbach, Stolpen;5
f0f27374-97e5-403b-a223-6c3dd9442dcf;Sachsen;01844;DIMB IG Dresden;Landkreis Sächsische Schweiz-Osterzgebirge;Neustadt in Sachsen;5
b5d3c3dc-70ca-4017-94fd-fb410d8d4847;Sachsen;01847;DIMB IG Dresden;Landkreis Sächsische Schweiz-Osterzgebirge;Lohmen;5
afb5e17a-40f5-4a51-8ecf-e9ac1030b093;Sachsen;01848;DIMB IG Dresden;Landkreis Sächsische Schweiz-Osterzgebirge;Hohnstein;5
79782f14-0c18-433a-a9f9-2466257d8227;Sachsen;01855;DIMB IG Dresden;Landkreis Sächsische Schweiz-Osterzgebirge;Sebnitz;5
d095199d-3e0d-45c1-b41b-e2eefdca8cb2;Sachsen;01877;DIMB IG Dresden;Landkreis Bautzen;Bischofswerda, Demitz-Thumitz, Doberschau-Gaußig - Dobruša-Huska, Rammenau, Schmölln-Putzkau;5
37f698f2-9e57-40d8-a74b-673dde2ff74e;Sachsen;01896;DIMB IG Dresden;Landkreis Bautzen;Lichtenberg, Ohorn, Pulsnitz;5
7b76229d-5a76-4121-ad73-2ce009033070;Sachsen;01900;DIMB IG Dresden;Landkreis Bautzen;Großröhrsdorf;5
68e0b8cb-7ace-43a3-8f62-48b971a0f777;Sachsen;01904;DIMB IG Dresden;Landkreis Bautzen;Neukirch/Lausitz, Steinigtwolmsdorf;5
c34345d5-ed29-43d0-af4e-31b05d3c2123;Sachsen;01906;DIMB IG Dresden;Landkreis Bautzen;Burkau - Porchow;5
2cfe0f4a-0b86-41e3-8e57-909c0e4ed961;Sachsen;01909;DIMB IG Dresden;Landkreis Bautzen;Frankenthal, Großharthau;5
a7f5053b-7eab-492b-85ba-04500f621072;Sachsen;01917;DIMB IG Dresden;Landkreis Bautzen;Kamenz - Kamjenc;5
fa18b5b1-ffce-4318-b0fa-ac6dc279cde6;Sachsen;01920;DIMB IG Dresden;Landkreis Bautzen;Crostwitz - Chrósćicy, Elstra - Halštrow, Haselbachtal, Nebelschütz - Njebjelčicy, Oßling - Wóslink, Panschwitz-Kuckau - Panćicy-Kukow, Räckelwitz - Worklecy, Ralbitz-Rosenthal - Ralbicy-Róžant, Steina;5
76dd26fd-6055-43a3-b56e-919eb43df689;Sachsen;01936;DIMB IG Dresden;Landkreis Bautzen;Großnaundorf, Königsbrück, Laußnitz, Neukirch, Schwepnitz;5
878a6a43-442d-4def-90f3-bbd6025a65e4;Sachsen;02625;DIMB IG Dresden;Landkreis Bautzen;Bautzen - Budyšin;5
55967660-73a5-4429-a0a5-363d0c7f0086;Sachsen;02627;DIMB IG Dresden;Landkreis Bautzen;Hochkirch - Bukecy, Kubschütz - Kubšicy, Radibor - Radwor, Weißenberg - Wóspork;5
e0c3bc02-8cf1-4ec8-84c3-7cc579da2d9e;Sachsen;02633;DIMB IG Dresden;Landkreis Bautzen;Doberschau-Gaußig - Dobruša-Huska, Göda - Hodźij;5
b821214b-346f-439b-824b-47782b7c3cba;Sachsen;02681;DIMB IG Dresden;Landkreis Bautzen;Schirgiswalde-Kirschau, Wilthen;5
a9e85673-d77a-4e0b-96cf-6b18eef9b2ad;Sachsen;02689;DIMB IG Dresden;Landkreis Bautzen;Sohland an der Spree;5
d92fcf0e-2459-489a-80ab-500f52a831ce;Sachsen;02692;DIMB IG Dresden;Landkreis Bautzen;Doberschau-Gaußig - Dobruša-Huska, Großpostwitz/O.L. - Budestecy, Obergurig - Hornja Hórka;5
060aced8-2203-4fa8-b660-cad1c40794c5;Sachsen;02694;DIMB IG Dresden;Landkreis Bautzen;Großdubrau - Wulka Dubrawa, Malschwitz - Malešecy;5
82d2b2fc-4372-40fb-8a55-474331eb262f;Sachsen;02699;DIMB IG Dresden;Landkreis Bautzen;Königswartha - Rakecy, Neschwitz - Njeswačidło, Puschwitz - Bóšicy;5
b6290b71-04ff-4a2a-80aa-c8e4bd843dd3;Sachsen;02733;DIMB IG Dresden;Landkreis Bautzen;Cunewalde;5
aa8f9e53-388a-4ef9-8241-4545f05120b7;Sachsen;02977;DIMB IG Dresden;Landkreis Bautzen;Hoyerswerda - Wojerecy;5
1d6c4896-b780-4b5b-a9fb-eb3d4e0c7f1e;Sachsen;02979;DIMB IG Dresden;Landkreis Bautzen;Elsterheide - Halštrowska Hola, Spreetal - Sprjewiny Doł;5
dd715a22-6b8d-4744-9d38-a35a54d69c64;Sachsen;02991;DIMB IG Dresden;Landkreis Bautzen;Lauta;5
dac758b8-7bbe-41b6-b127-d4ed110d0010;Sachsen;02994;DIMB IG Dresden;Landkreis Bautzen;Bernsdorf;5
8a0926e2-4bb7-4891-80d7-990821903491;Sachsen;02997;DIMB IG Dresden;Landkreis Bautzen;Wittichenau - Kulow;5
513a09dc-89bf-435d-ac0a-67d58bebf95f;Sachsen;02999;DIMB IG Dresden;Landkreis Bautzen;Lohsa - Łaz;5
1023b63d-fc59-493c-90fc-7737e6187b3c;Sachsen;04103;DIMB IG Leipzig;Leipzig;Leipzig;89
b5fe1967-afa1-44d6-9e7f-4a7d7e576b15;Sachsen;04105;DIMB IG Leipzig;Leipzig;Leipzig;89
7546199d-c2b2-4401-b9b9-4c0a7017ce7f;Sachsen;04107;DIMB IG Leipzig;Leipzig;Leipzig;89
dec68d52-f7c1-4ff6-933b-b3f376289b47;Sachsen;04109;DIMB IG Leipzig;Leipzig;Leipzig;89
9eb518c4-d604-45af-bc89-facfaa2508d8;Sachsen;04129;DIMB IG Leipzig;Leipzig;Leipzig;89
15ef6a4c-2628-4ced-844e-f302f86154fd;Sachsen;04155;DIMB IG Leipzig;Leipzig;Leipzig;89
0db94814-572f-404e-a5b1-05c9e1d79362;Sachsen;04157;DIMB IG Leipzig;Leipzig;Leipzig;89
1776f6d4-7fa2-41c1-bac7-5586761020cc;Sachsen;04158;DIMB IG Leipzig;Leipzig;Leipzig;89
05b8022d-5dba-4381-afb8-03510161d8b5;Sachsen;04159;DIMB IG Leipzig;Leipzig;Leipzig;89
c826c8bc-a354-4469-b79b-5e6055c964f4;Sachsen;04177;DIMB IG Leipzig;Leipzig;Leipzig;89
28ccaf76-22f0-4c93-99df-51fd7cd2b51e;Sachsen;04178;DIMB IG Leipzig;Leipzig;Leipzig;89
d4cbb561-0d44-49a8-9a67-7f26029338ef;Sachsen;04179;DIMB IG Leipzig;Leipzig;Leipzig;89
516c7e63-3e0b-426b-970e-75d72303a80a;Sachsen;04205;DIMB IG Leipzig;Leipzig;Leipzig;89
021de5de-f622-4b5e-bc60-75b470bd0fc0;Sachsen;04207;DIMB IG Leipzig;Leipzig;Leipzig;89
2d69c6e8-feb4-4795-b9d5-5caf015bc4a3;Sachsen;04209;DIMB IG Leipzig;Leipzig;Leipzig;89
d6f9cbbc-f70f-49f7-bb40-5697826e0d9b;Sachsen;04229;DIMB IG Leipzig;Leipzig;Leipzig;89
49d622bc-0702-4bf4-b859-984c24578950;Sachsen;04249;DIMB IG Leipzig;Leipzig;Leipzig;89
a1fb4c20-f5a4-4634-bc72-a2cfe12c3380;Sachsen;04275;DIMB IG Leipzig;Leipzig;Leipzig;89
2daac70e-354d-43f4-a8bf-47231c0e4cbf;Sachsen;04277;DIMB IG Leipzig;Leipzig;Leipzig;89
a64f7480-4345-4eb0-a00a-3569365d5693;Sachsen;04279;DIMB IG Leipzig;Leipzig;Leipzig;89
3568faa0-19ca-459e-9171-c00c6cada401;Sachsen;04288;DIMB IG Leipzig;Leipzig;Leipzig;89
7a79585a-ee5c-41d4-9c07-59298e4ced10;Sachsen;04289;DIMB IG Leipzig;Leipzig;Leipzig;89
d3656f0b-05a6-47b8-8c6c-686afd686f35;Sachsen;04299;DIMB IG Leipzig;Leipzig;Leipzig;89
f62af2cd-c38e-4240-8695-12faeccd37d0;Sachsen;04315;DIMB IG Leipzig;Leipzig;Leipzig;89
a07e6d5c-b79e-4eaa-8ea0-7bb7276459d5;Sachsen;04316;DIMB IG Leipzig;Leipzig;Leipzig;89
890a8204-bbf1-4f90-a082-5d2d0857ce77;Sachsen;04317;DIMB IG Leipzig;Leipzig;Leipzig;89
0f1f6a9f-3f3e-4bf8-ad0c-ca5b473dcaaa;Sachsen;04318;DIMB IG Leipzig;Leipzig;Leipzig;89
6164bbf4-50ed-4017-bac0-db4d7dfecd77;Sachsen;04319;DIMB IG Leipzig;Leipzig;Leipzig;89
d43c3e3a-0206-4f47-9ae0-e315ac3ab0b6;Sachsen;04328;DIMB IG Leipzig;Leipzig;Leipzig;89
375f09e9-119b-46d8-b605-1e2b20085fd8;Sachsen;04329;DIMB IG Leipzig;Leipzig;Leipzig;89
9d312840-2fbc-4872-966c-cbf81c9b0ee2;Sachsen;04347;DIMB IG Leipzig;Leipzig;Leipzig;89
1dff445b-6816-4c68-b5df-263685a66885;Sachsen;04349;DIMB IG Leipzig;Leipzig;Leipzig;89
d2a725f7-3907-4a1d-9f20-38bfdbe8ca32;Sachsen;04356;DIMB IG Leipzig;Leipzig;Leipzig;89
4b42cfa4-175f-4a90-a8e6-05e96e867fc5;Sachsen;04357;DIMB IG Leipzig;Leipzig;Leipzig;89
c967ff08-d3ce-4ce8-b68d-aa11775e152d;Sachsen;04416;DIMB IG Leipzig;Landkreis Leipzig;Markkleeberg;89
d7c86572-1fab-4d32-a1f0-03332a54a695;Sachsen;04420;DIMB IG Leipzig;Landkreis Leipzig;Markranstädt;89
6ae8d8e4-9ae2-494d-9194-3c920d1d1384;Sachsen;04425;DIMB IG Leipzig;Landkreis Nordsachsen;Taucha;89
eda26515-8152-4232-b5d7-dd7564e117c4;Sachsen;04435;DIMB IG Leipzig;Landkreis Nordsachsen;Schkeuditz;89
18ad3046-8d49-4538-b482-dbffc6f63fd4;Sachsen;04442;DIMB IG Leipzig;Landkreis Leipzig;Zwenkau;89
caa7c26c-e3ce-4891-80ca-4d6cb1100a4a;Sachsen;04451;DIMB IG Leipzig;Landkreis Leipzig;Borsdorf;89
fc6c4c7a-e7a3-401f-a7ad-cd657f65483c;Sachsen;04463;DIMB IG Leipzig;Landkreis Leipzig;Großpösna;89
ced67116-aa03-4e2f-9615-98ce5c809cad;Sachsen;04509;DIMB IG Leipzig;Landkreis Nordsachsen;Delitzsch, Krostitz, Löbnitz, Schönwölkau, Wiedemar;89
31d5570b-1afa-4234-be92-82212f8aacc1;Sachsen;04519;DIMB IG Leipzig;Landkreis Nordsachsen;Rackwitz;89
984a0cfa-8ddd-4977-92b8-832e8ce2dca9;Sachsen;04523;DIMB IG Leipzig;Landkreis Leipzig;Elstertrebnitz, Pegau;89
b0883633-0ced-4f8a-88bb-5a2e0672c621;Sachsen;04539;DIMB IG Leipzig;Landkreis Leipzig;Groitzsch;89
dd206a18-9e0c-430a-b621-28e5c6ca1ca0;Sachsen;04552;DIMB IG Leipzig;Landkreis Leipzig;Borna;89
677319e0-29cd-454b-bbc0-a4b967ddd345;Sachsen;04564;DIMB IG Leipzig;Landkreis Leipzig;Böhlen;89
979a5dc5-f3f6-4c05-a87d-26f24347831e;Sachsen;04565;DIMB IG Leipzig;Landkreis Leipzig;Regis-Breitingen;89
24b112f8-1be5-4b05-a3a8-966e750765c9;Sachsen;04567;DIMB IG Leipzig;Landkreis Leipzig;Kitzscher;89
436715a2-a420-4d2a-8388-b6b76c814793;Sachsen;04571;DIMB IG Leipzig;Landkreis Leipzig;Rötha;89
978826bd-89b5-424e-be01-a857d78a32c6;Sachsen;04575;DIMB IG Leipzig;Landkreis Leipzig;Neukieritzsch;89
cbb794bd-e2c1-4a95-b3fc-3e127e833736;Thüringen;04600;DIMB IG Thüringen;Landkreis Altenburger Land;Altenburg;1
c644be0f-7f97-4578-8364-e9cc8eb87a37;Thüringen;04603;DIMB IG Thüringen;Landkreis Altenburger Land;Göhren, Nobitz, Windischleuba;1
9d4ebc95-daa6-4f97-aff1-063d3d9228b9;Thüringen;04610;DIMB IG Thüringen;Landkreis Altenburger Land;Meuselwitz;1
294dcf30-30ed-4e7b-9c7a-e77dd283cf66;Thüringen;04613;DIMB IG Thüringen;Landkreis Altenburger Land;Lucka;1
e18c26dd-9b73-49be-bc4d-465b705911ac;Thüringen;04617;DIMB IG Thüringen;Landkreis Altenburger Land;Fockendorf, Gerstenberg, Haselbach, Kriebitzsch, Lödla, Monstab, Rositz, Starkenberg, Treben;1
7184afec-2574-4918-b1c1-06ca4a96aad0;Thüringen;04618;DIMB IG Thüringen;Landkreis Altenburger Land;Göpfersdorf,Langenleuba-Niederhain;1
2c065b4b-00b6-4279-a60b-9fa9a9f4b802;Thüringen;04626;DIMB IG Thüringen;Landkreis Altenburger Land;Dobitschen, Göllnitz, Heukewalde, Heyersdorf, Jonaswalde, Löbichau, Mehna, Posterstein, Schmölln, Thonhausen, Vollmershain;1
1df0dfed-c88b-450f-928c-0eff434dd2d5;Thüringen;04639;DIMB IG Thüringen;Landkreis Altenburger Land;Gößnitz, Ponitz;1
7f14adf3-1077-4a9f-90e2-e95a1d0c4c15;Sachsen;04643;DIMB IG Leipzig;Landkreis Leipzig;Geithain;89
fcde2337-85a4-47bc-9d20-f32458ff93f1;Sachsen;04651;DIMB IG Leipzig;Landkreis Leipzig;Bad Lausick;89
ac9fb464-9b5c-4d2d-a1e5-7ca1e92ebba8;Sachsen;04654;DIMB IG Leipzig;Landkreis Leipzig;Frohburg;89
e3ebe740-2652-48c0-a592-1ab4c4545c0f;Sachsen;04668;DIMB IG Leipzig;Landkreis Leipzig;Grimma, Otterwisch, Parthenstein;89
d1ab84a2-25e6-4ff8-b7a5-324fb384e443;Sachsen;04680;DIMB IG Leipzig;Landkreis Leipzig;Colditz;89
4af056db-a69e-495f-82b0-1dd72267d6d0;Sachsen;04683;DIMB IG Leipzig;Landkreis Leipzig;Belgershain, Naunhof;89
661192bd-f27e-4849-b2da-5ae8a4a5fa4c;Sachsen;04687;DIMB IG Leipzig;Landkreis Leipzig;Trebsen/Mulde;89
f0562112-a9fa-4a80-987f-6c11f5121bc4;Sachsen;04758;DIMB IG Leipzig;Landkreis Nordsachsen;Cavertitz, Liebschützberg, Naundorf, Oschatz;89
a3c6c313-faa3-4462-9ec2-f23adc1d5cdc;Sachsen;04769;DIMB IG Leipzig;Landkreis Nordsachsen;Mügeln, Naundorf;89
beb5911c-3040-465a-88eb-a620422d5bce;Sachsen;04774;DIMB IG Leipzig;Landkreis Nordsachsen;Dahlen;89
cb70c37d-b8bb-4ed7-adac-3c2aa0e2f249;Sachsen;04779;DIMB IG Leipzig;Landkreis Nordsachsen;Wermsdorf;89
a383ebce-fae7-4ed1-9440-72459b44437c;Sachsen;04808;DIMB IG Leipzig;Landkreis Leipzig;Lossatal, Thallwitz, Wurzen;89
1f99df66-89d8-492c-addf-c43486421e5f;Sachsen;04821;DIMB IG Leipzig;Landkreis Leipzig;Brandis;89
0b2e350d-cf5c-4768-9650-95c2fa5f429f;Sachsen;04824;DIMB IG Leipzig;Landkreis Leipzig;Brandis;89
3eeefcb6-860c-4ec4-b8b2-d17cf940b656;Sachsen;04827;DIMB IG Leipzig;Landkreis Leipzig;Machern;89
f07e2461-1046-47ce-ab1b-559889a57121;Sachsen;04828;DIMB IG Leipzig;Landkreis Leipzig;Bennewitz;89
cc28df85-6f4a-427b-8972-c668144cba2a;Sachsen;04838;DIMB IG Leipzig;Landkreis Nordsachsen;Doberschütz, Eilenburg, Jesewitz, Laußig, Zschepplin;89
eb6dd75c-0e7c-49d5-a4fc-18e3b4c7d39c;Sachsen;04849;DIMB IG Leipzig;Landkreis Nordsachsen;Bad Düben, Laußig;89
a6afb569-8065-48df-8c07-16732bee61a0;Sachsen;04860;DIMB IG Leipzig;Landkreis Nordsachsen;Dreiheide, Torgau;89
9bc19eda-dcac-4516-8001-54de6f240053;Sachsen;04861;DIMB IG Leipzig;Landkreis Nordsachsen;Torgau;89
b8dadaeb-d384-41ba-9817-12f45697cbce;Sachsen;04862;DIMB IG Leipzig;Landkreis Nordsachsen;Mockrehna;89
f8edf712-f6c7-4762-a327-f6b6a8a9b965;Sachsen;04874;DIMB IG Leipzig;Landkreis Nordsachsen;Belgern-Schildau;89
84c00538-8755-45ff-a7ea-97a145f19e2f;Sachsen;04880;DIMB IG Leipzig;Landkreis Nordsachsen;Dommitzsch, Elsnig, Trossin;89
0a5c37b7-7f37-4de0-a9cb-f60476ed087c;Sachsen;04886;DIMB IG Leipzig;Landkreis Nordsachsen;Arzberg, Beilrode;89
4c0b50ad-2438-4363-81c8-e57ade4a9e87;Sachsen;04889;DIMB IG Leipzig;Landkreis Nordsachsen;Belgern-Schildau;89
1f33215f-5ae1-4da7-8518-cde895e85fac;Sachsen-Anhalt;06268;DIMB IG Mansfelder Land;Saalekreis;Barnstädt, Mücheln (Geiseltal), Nemsdorf-Göhrendorf, Obhausen, Querfurt, Steigra;102
43d144c2-8a2c-4dd9-8620-98611cac91e1;Sachsen-Anhalt;06279;DIMB IG Mansfelder Land;Saalekreis;Farnstädt, Schraplau;102
24294a21-e9c6-4b1f-9083-28c2ae415ed6;Sachsen-Anhalt;06295;DIMB IG Mansfelder Land;Landkreis Mansfeld-Südharz;Bornstedt, Lutherstadt Eisleben;102
4ab0bbe7-4fef-4a62-a1a8-ccf703d765e8;Sachsen-Anhalt;06308;DIMB IG Mansfelder Land;Landkreis Mansfeld-Südharz;Benndorf, Klostermansfeld;102
dc10f6b6-bd96-4517-85aa-2bc8137dbbd7;Sachsen-Anhalt;06311;DIMB IG Mansfelder Land;Landkreis Mansfeld-Südharz;Helbra;102
cd6d8660-4a12-485e-826d-dd8c6e9a133c;Sachsen-Anhalt;06313;DIMB IG Mansfelder Land;Landkreis Mansfeld-Südharz;Ahlsdorf, Hergisdorf, Wimmelburg;102
145921a7-6c6c-4a45-bad5-e91561fdda7e;Sachsen-Anhalt;06317;DIMB IG Mansfelder Land;Landkreis Mansfeld-Südharz;Seegebiet Mansfelder Land;102
9d66c4c2-274c-47a7-9f57-d6674a76837c;Sachsen-Anhalt;06333;DIMB IG Mansfelder Land;Landkreis Mansfeld-Südharz;Hettstedt;102
6a1bff79-a804-4655-b8eb-8d72f3f5ad8b;Sachsen-Anhalt;06343;DIMB IG Mansfelder Land;Landkreis Mansfeld-Südharz;Mansfeld;102
cc98b0a5-72da-4e9a-b18b-fa16c92da491;Sachsen-Anhalt;06526;DIMB IG Mansfelder Land;Landkreis Mansfeld-Südharz;Sangerhausen;102
990e5bf6-6b0e-4417-a53c-79e747674287;Sachsen-Anhalt;06528;DIMB IG Mansfelder Land;Landkreis Mansfeld-Südharz;Blankenheim, Brücken-Hackpfüffel, Edersleben, Wallhausen;102
45b51e06-3587-4525-a860-f12497f78dbd;Sachsen-Anhalt;06542;DIMB IG Mansfelder Land;Landkreis Mansfeld-Südharz;Allstedt;102
8e33f313-9259-438c-9a6b-feb4a8f0a8a6;Thüringen;06556;DIMB IG Thüringen;Kyffhäuserkreis;An der Schmücke, Artern, Borxleben, Kalbsrieth, Mönchpfiffel-Nikolausrieth, Reinsdorf;1
1c5388d1-175c-486f-beed-ba5419c70dde;Thüringen;06567;DIMB IG Thüringen;Kyffhäuserkreis;Bad Frankenhausen/Kyffhäuser;1
044fc5d3-60a4-4caa-980a-fbacb9f97c93;Thüringen;06571;DIMB IG Thüringen;Kyffhäuserkreis;Gehofen, Roßleben-Wiehe;1
258b49c6-1daa-42a6-bc4b-53c08cff0789;Thüringen;06577;DIMB IG Thüringen;Kyffhäuserkreis;An der Schmücke, Etzleben, Oberheldrungen;1
190cc919-62da-4ded-bdb5-8c1d59720406;Thüringen;06578;DIMB IG Thüringen;Kyffhäuserkreis;An der Schmücke, Kindelbrück;1
aa381ae9-99d6-4323-9119-c0def9502410;Thüringen;07318;DIMB IG Thüringen;Landkreis Saalfeld-Rudolstadt;Saalfeld/Saale;1
001da6f3-2ab9-426b-bd63-1bcc6c99cbd0;Thüringen;07330;DIMB IG Thüringen;Landkreis Saalfeld-Rudolstadt;Probstzella;1
3ff5ae97-fe69-4991-8439-2d632c1999d0;Thüringen;07333;DIMB IG Thüringer Meer;Landkreis Saalfeld-Rudolstadt;Unterwellenborn;103
f3dcae21-a7e7-483e-8a48-cc50534f9cc4;Thüringen;07338;DIMB IG Thüringer Meer;Landkreis Saalfeld-Rudolstadt;Altenbeuthen, Drognitz, Hohenwarte, Kaulsdorf, Leutenberg;103
095a9119-a91b-433e-8883-18dc80363d31;Thüringen;07343;DIMB IG Thüringen;Saale-Orla-Kreis;Wurzbach;1
1b4a8e20-407e-4cec-95dd-1469b21cd661;Thüringen;07349;DIMB IG Thüringen;Landkreis Saalfeld-Rudolstadt;Lehesten;1
b3520486-62cf-442a-96a2-a8814703474c;Thüringen;07356;DIMB IG Thüringer Meer;Saale-Orla-Kreis;Bad Lobenstein;103
cff3eb08-1818-4f67-8e89-e108f582da30;Thüringen;07366;DIMB IG Thüringer Meer;Saale-Orla-Kreis;Rosenthal am Rennsteig;103
3e2af51a-4359-4cb3-96ff-c5c51e53c1a8;Thüringen;07368;DIMB IG Thüringer Meer;Saale-Orla-Kreis;Remptendorf;103
d9362784-0609-4b82-bab3-3bf75263796a;Thüringen;07381;DIMB IG Thüringer Meer;Saale-Orla-Kreis;Bodelwitz, Döbritz, Langenorla, Moxa, Nimritz, Oberoppurg, Oppurg,  Paska, Pößneck, Solkwitz, Wernburg;103
6c015707-defb-45f6-8c34-608eee17006f;Thüringen;07387;DIMB IG Thüringer Meer;Saale-Orla-Kreis;Krölpa;103
ba6ff976-7172-4105-9b2e-8dc3a5581d72;Thüringen;07389;DIMB IG Thüringer Meer;Saale-Orla-Kreis;Gertewitz, Gössitz, Grobengereuth, Keila, Knau, Peuschen, Quaschwitz, Ranis, Schmorda, Seisla, Wilhelmsdorf;103
1ffa8714-6a24-4cca-b752-5d453d75da87;Thüringen;07407;DIMB IG Thüringen;Landkreis Saalfeld-Rudolstadt;Rudolstadt, Uhlstädt-Kirchhasel;1
9b2285de-4c05-46c8-95f3-bac57b10034e;Thüringen;07422;DIMB IG Thüringen;Landkreis Saalfeld-Rudolstadt;Bad Blankenburg;1
b2c431b5-fcf7-4e99-a7a4-bebc99e0ec78;Thüringen;07426;DIMB IG Thüringen;Landkreis Saalfeld-Rudolstadt;Allendorf, Bechstedt, Königsee;1
057e1bee-67c8-489d-be1a-f391392eead6;Thüringen;07427;DIMB IG Thüringen;Landkreis Saalfeld-Rudolstadt;Schwarzburg;1
583e148f-4581-4818-b69b-76e4c106ac1c;Thüringen;07429;DIMB IG Thüringen;Landkreis Saalfeld-Rudolstadt;Döschnitz, Rohrbach, Sitzendorf;1
13f98c4c-de5b-472f-a005-bc8770baf88c;Thüringen;07545;DIMB IG Thüringen;Gera;Gera;1
c3f9e7fe-b55f-49d5-93a3-e9ebbbde7d07;Thüringen;07546;DIMB IG Thüringen;Gera;Gera;1
2f3e9eda-64c6-482d-a300-eae6934b9476;Thüringen;07548;DIMB IG Thüringen;Gera;Gera;1
fe50eabd-941b-46fd-8f41-da87a8a5d169;Thüringen;07549;DIMB IG Thüringen;Gera;Gera;1
f8ef85a4-6578-45f1-ba8e-b98304f41914;Thüringen;07551;DIMB IG Thüringen;Gera;Gera;1
66242dcb-ba09-4f23-8e1a-29c366da7811;Thüringen;07552;DIMB IG Thüringen;Gera;Gera;1
e89530b8-5bd4-4f29-96d3-47cc9652c708;Thüringen;07554;DIMB IG Thüringen;Gera;Gera, Schwaara, Bethenhausen, Brahmenau, Hirschfeld, Kauern, Korbußen, Pölzig, Schwaara;1
d592c913-0c49-4838-a87b-8cfb4b2132ce;Thüringen;07557;DIMB IG Thüringen;Gera;Crimla, Gera, Hundhaupten, Zedlitz;1
d7a0de99-950a-4725-937c-36ccd18be04a;Thüringen;07570;DIMB IG Thüringen;Landkreis Greiz;Endschütz, Harth-Pöllnitz, Teichwitz, Weida, Wünschendorf/Elster;1
907ea4bc-8bc7-46f2-92cb-abf98885f5fd;Thüringen;07580;DIMB IG Thüringen;Landkreis Greiz;Braunichswalde, Gauern, Großenstein, Hilbersdorf, Linda b. Weida, Paitzdorf, Reichstädt, Ronneburg;1
6a1c419c-54d4-4cee-9209-22ee1f286f26;Thüringen;07586;DIMB IG Thüringen;Landkreis Greiz;Bad Köstritz, Caaschwitz, Hartmannsdorf, Kraftsdorf;1
015d67a5-cc99-453b-96c3-03ec23c80413;Thüringen;07589;DIMB IG Thüringen;Landkreis Greiz;Bocka, Lederhose, Lindenkreuz, Münchenbernsdorf, Saara, Schwarzbach;1
24dac8a9-fe31-41d9-98c6-51c411a3b287;Thüringen;07607;DIMB IG Jena;Saale-Holzland-Kreis;Eisenberg, Gösen, Hainspitz;101
15185f7b-34d7-435d-aeaf-1f9d629bc421;Thüringen;07613;DIMB IG Jena;Saale-Holzland-Kreis;Crossen an der Elster, Hartmannsdorf, Heideland, Rauda, Silbitz, Walpernhain;101
5a9229a7-6074-4a7b-b253-7950334cc20b;Thüringen;07616;DIMB IG Jena;Saale-Holzland-Kreis;Bürgel, Graitschen bei Bürgel, Nausnitz, Petersberg, Poxdorf, Rauschwitz, Serba;101
8cc42142-4c05-431b-a23e-75112f64568e;Thüringen;07619;DIMB IG Jena;Saale-Holzland-Kreis;Mertendorf, Schkölen;101
858af1d3-57fc-4b55-ad2e-02aaea5a8bd6;Thüringen;07629;DIMB IG Jena;Saale-Holzland-Kreis;Hermsdorf, Reichenbach, Schleifreisen, St. Gangloff;101
d4d17601-db60-46d1-aa78-264ba75afb76;Thüringen;07639;DIMB IG Jena;Saale-Holzland-Kreis;Bad Klosterlausnitz, Tautenhain, Weißenborn;101
8b852f69-7519-4607-ba43-37c501e656b4;Thüringen;07646;DIMB IG Jena;Saale-Holzland-Kreis;Albersdorf, Bobeck, Bremsnitz, Eineborn, Geisenhain, Gneus, Großbockedra, Karlsdorf, Kleinbockedra, Kleinebersdorf, Laasdorf, Lippersdorf-Erdmannsdorf, Meusebach, Möckern, Mörsdorf, Oberbodnitz, Ottendorf, Rattelsdorf, Rausdorf, Renthendorf, Ruttersdorf-Lotschen, Scheiditz, Schlöben, Schöngleina, Stadtroda, Tautendorf, Tissa, Tröbnitz, Trockenborn-Wolfersdorf, Unterbodnitz, Waldeck, Waltersdorf, Weißbach;101
688cfa8c-07db-47b1-93dc-23b5a7266bae;Thüringen;07743;DIMB IG Jena;Jena;Jena;101
88153dfd-d894-447c-9db9-21a32be81232;Thüringen;07745;DIMB IG Jena;Jena;Jena;101
951088e4-3f5b-402e-8726-cd7dc56dfc7d;Thüringen;07747;DIMB IG Jena;Jena;Jena;101
17d3efc0-7750-41d3-b6f0-eb02a5128e7a;Thüringen;07749;DIMB IG Jena;Jena;Jena;101
4b49e443-f2ae-42b9-a6e8-27ae269d30fe;Thüringen;07751;DIMB IG Jena;Saale-Holzland-Kreis;Bucha, Golmsdorf, Großlöbichau, Großpürschütz, Jenalöbnitz, Löberschütz, Milda, Rothenstein, Sulza, Zöllnitz;101
83c623c9-a93a-4d6a-8c71-714e062ce3f7;Thüringen;07751;DIMB IG Jena;Jena;Jena;101
10eb1b46-71d0-4b2b-8e01-44bde919e026;Thüringen;07768;DIMB IG Jena;Saale-Holzland-Kreis;Altenberga, Bibra, Eichenberg, Freienorla, Großeutersdorf, Gumperda, Hummelshain, Kahla, Kleineutersdorf, Lindig, Orlamünde, Reinstädt, Schöps, Seitenroda;101
c27c3b36-b4fa-437b-9517-097885cf5795;Thüringen;07774;DIMB IG Jena;Saale-Holzland-Kreis;Dornburg-Camburg, Frauenprießnitz, Thierschneck, Wichmar;101
314e57ad-b869-4da1-883a-86e5a469a8f0;Thüringen;07778;DIMB IG Jena;Saale-Holzland-Kreis;Hainichen, Lehesten, Neuengönna, Tautenburg, Zimmern, Rückersdorf, Seelingstädt;101
8c67f9f5-0a6b-4c78-9fe8-7c141b9c7d38;Thüringen;07806;DIMB IG Thüringen;Saale-Orla-Kreis;Dreba, Kospoda, Lausnitz, Neustadt an der Orla, Weira;1
7fbdcf61-a3c3-4023-a673-71604200cf3e;Thüringen;07819;DIMB IG Thüringen;Saale-Orla-Kreis;Dreitzsch, Geroda, Lemnitz, Linda, Miesitz, Mittelpöllnitz, Rosendorf, Schmieritz, Tömmelsdorf, Triptis;1
798abf78-ff81-4c5e-990b-57a7ab25b0da;Thüringen;07907;DIMB IG Thüringer Meer;Saale-Orla-Kreis;Tegau, Burgk, Dittersdorf, Görkwitz, Göschitz, Löhma, Moßbach, Oettersdorf, Plothen, Pörmitz, Schleiz;103
de660f93-63e0-4284-a1db-d3188a9e2c1d;Thüringen;07919;DIMB IG Thüringen;Saale-Orla-Kreis;Kirschkau;1
e07ed164-b1b9-4f02-a0fa-5e29251eae99;Thüringen;07922;DIMB IG Thüringen;Saale-Orla-Kreis;Tanna;1
87afb106-20b3-48ef-a12d-268da409a591;Thüringen;07924;DIMB IG Thüringer Meer;Saale-Orla-Kreis;Eßbach, Neundorf, Schöndorf, Volkmannsdorf, Ziegenrück;103
612eb199-4354-453b-ad85-2f5bc12e92c8;Thüringen;07926;DIMB IG Thüringen;Saale-Orla-Kreis;Gefell;1
ee5ede7e-427f-4ccf-968f-42fd5ce4641f;Thüringen;07927;DIMB IG Thüringen;Saale-Orla-Kreis;Hirschberg;1
41bfe4f4-1698-476d-8ccf-8f2647b46ebf;Thüringen;07929;DIMB IG Thüringer Meer;Saale-Orla-Kreis;Saalburg-Ebersdorf;103
f851e6ca-c1f6-4fb1-a260-a85639fedf67;Thüringen;07937;DIMB IG Thüringen;Landkreis Greiz;Langenwolschendorf, Zeulenroda-Triebes;1
b769af07-97a4-48af-a89e-a3d0dc95bc84;Thüringen;07950;DIMB IG Thüringen;Landkreis Greiz;Weißendorf, Zeulenroda-Triebes;1
8fecda30-40a9-4bcb-a5a1-c632c4f92675;Thüringen;07955;DIMB IG Thüringen;Landkreis Greiz;Auma-Weidatal;1
c2add667-1a75-4bda-85d8-795a67b8a1fa;Thüringen;07957;DIMB IG Thüringen;Landkreis Greiz;Langenwetzendorf;1
21339def-4eb1-4736-8350-52698c90cffa;Thüringen;07958;DIMB IG Thüringen;Landkreis Greiz;Hohenleuben;1
0b09ca4f-c81b-42eb-862f-529c0bbfd2ff;Thüringen;07973;DIMB IG Thüringen;Landkreis Greiz;Greiz;1
13de6dd1-5ade-434b-9bb3-db434fde1945;Thüringen;07980;DIMB IG Thüringen;Landkreis Greiz;Berga/Elster, Kühdorf, Neumühle/Elster;1
230850b8-ef2e-4b04-b224-4ab654c07733;Thüringen;07987;DIMB IG Thüringen;Landkreis Greiz;Mohlsdorf-Teichwolframsdorf;1
1720175a-9097-48de-b679-b55810e05073;Berlin;10115;DIMB IG Berlin;Berlin;Berlin;109
aea1e878-bfc2-4754-a207-e2baa1c80605;Berlin;10117;DIMB IG Berlin;Berlin;Berlin;109
629f909a-248d-4de7-95fc-b9b98a486cd7;Berlin;10119;DIMB IG Berlin;Berlin;Berlin;109
a6106765-760d-428d-97ce-92828af2fbac;Berlin;10178;DIMB IG Berlin;Berlin;Berlin;109
26a5a36a-b3d7-4def-9c6b-414723b0859b;Berlin;10179;DIMB IG Berlin;Berlin;Berlin;109
dbef5e14-3327-4d8f-b892-ba9873df51ac;Berlin;10243;DIMB IG Berlin;Berlin;Berlin;109
82162c2e-7fbb-48d8-aa82-50b5047e2c95;Berlin;10245;DIMB IG Berlin;Berlin;Berlin;109
912fe706-4660-43af-a3ac-c35eb5fa1d85;Berlin;10247;DIMB IG Berlin;Berlin;Berlin;109
fbbb138b-ea98-4cbe-8af4-d3447dc3ca04;Berlin;10249;DIMB IG Berlin;Berlin;Berlin;109
073607b5-dce6-46b2-b2f0-6cb19174acd3;Berlin;10315;DIMB IG Berlin;Berlin;Berlin;109
3b9fd81a-6842-4eee-8dce-f27d6b5d24b6;Berlin;10317;DIMB IG Berlin;Berlin;Berlin;109
8570d5a9-15d1-44e1-aab6-afc5dcf0cbf7;Berlin;10318;DIMB IG Berlin;Berlin;Berlin;109
eb705c7c-94a8-40c8-993c-817fdcd64475;Berlin;10319;DIMB IG Berlin;Berlin;Berlin;109
e065e14e-8314-4ad2-a3cb-c6d6ea1bf67d;Berlin;10365;DIMB IG Berlin;Berlin;Berlin;109
c481afe1-5bce-4e4d-ae22-5997738187fe;Berlin;10367;DIMB IG Berlin;Berlin;Berlin;109
62195651-f80d-486b-a215-293c65d61fe7;Berlin;10369;DIMB IG Berlin;Berlin;Berlin;109
06dd6f0f-a5be-4bd8-83c2-296f28ced659;Berlin;10405;DIMB IG Berlin;Berlin;Berlin;109
f82866ec-280b-4a76-be31-618df2a1582b;Berlin;10407;DIMB IG Berlin;Berlin;Berlin;109
1e21499a-fc29-4c4b-869e-100e4e324bab;Berlin;10409;DIMB IG Berlin;Berlin;Berlin;109
0b1a03b3-8f9b-438d-9a37-01ae43f47dd8;Berlin;10435;DIMB IG Berlin;Berlin;Berlin;109
a16e10e3-c396-462b-9961-59b8774d73ad;Berlin;10437;DIMB IG Berlin;Berlin;Berlin;109
3cf8cee6-91ea-4695-9abf-3bbf77ac6067;Berlin;10439;DIMB IG Berlin;Berlin;Berlin;109
597044a1-1c9c-4979-99fe-5b0e21e7e897;Berlin;10551;DIMB IG Berlin;Berlin;Berlin;109
39bf691d-936d-44ac-97dc-813349f5b4b0;Berlin;10553;DIMB IG Berlin;Berlin;Berlin;109
ea41ed7a-8830-4a65-8d95-ee823c56361e;Berlin;10555;DIMB IG Berlin;Berlin;Berlin;109
7ac9638c-ba5d-405c-a009-2f383781564f;Berlin;10557;DIMB IG Berlin;Berlin;Berlin;109
188da5a2-355f-4d36-ba30-674943ae1375;Berlin;10559;DIMB IG Berlin;Berlin;Berlin;109
e08f5388-215c-46b1-bb13-4afe21022cf4;Berlin;10585;DIMB IG Berlin;Berlin;Berlin;109
b55c579c-e3bd-480f-8ee3-f5c9c0c88554;Berlin;10587;DIMB IG Berlin;Berlin;Berlin;109
e4e98d0b-6a64-4bfa-a319-79504a662a84;Berlin;10589;DIMB IG Berlin;Berlin;Berlin;109
f602cfad-3a53-41c6-9270-67645c549e07;Berlin;10623;DIMB IG Berlin;Berlin;Berlin;109
26f713db-293b-460c-bf70-5c756fa5aa06;Berlin;10625;DIMB IG Berlin;Berlin;Berlin;109
537aaf6b-9ee8-4561-8a0e-ad187a566f86;Berlin;10627;DIMB IG Berlin;Berlin;Berlin;109
47044c2f-fe57-4ec2-832b-e06c344908d8;Berlin;10629;DIMB IG Berlin;Berlin;Berlin;109
930f8471-dffe-44a1-8f93-fd3c4d011968;Berlin;10707;DIMB IG Berlin;Berlin;Berlin;109
837986be-1131-4a91-aa3a-1b35e58c03f4;Berlin;10709;DIMB IG Berlin;Berlin;Berlin;109
688bed9e-728e-4cdb-a98d-26784cd8bbee;Berlin;10711;DIMB IG Berlin;Berlin;Berlin;109
1b9de9bf-b4f4-4d29-8cbb-56c931c07bb9;Berlin;10713;DIMB IG Berlin;Berlin;Berlin;109
9f26fc35-ef58-4300-8829-8a30569d74c1;Berlin;10715;DIMB IG Berlin;Berlin;Berlin;109
03806609-641b-4c83-81f7-e7eea337613a;Berlin;10717;DIMB IG Berlin;Berlin;Berlin;109
502fcfa9-bf32-4b62-a688-2c89c9e305af;Berlin;10719;DIMB IG Berlin;Berlin;Berlin;109
2c219c51-c1bf-4f67-af02-b58afe83910d;Berlin;10777;DIMB IG Berlin;Berlin;Berlin;109
03d6a422-5c53-4883-81ae-96d215287284;Berlin;10779;DIMB IG Berlin;Berlin;Berlin;109
958dbe19-cfea-4201-8245-9c0e229dcf16;Berlin;10781;DIMB IG Berlin;Berlin;Berlin;109
21feeaac-7217-4d5f-ad8a-2ab6490aa40f;Berlin;10783;DIMB IG Berlin;Berlin;Berlin;109
89ac0f93-6e3c-443e-853e-d73948a93273;Berlin;10785;DIMB IG Berlin;Berlin;Berlin;109
5b6943dc-573f-4da6-a93a-918b62697d89;Berlin;10787;DIMB IG Berlin;Berlin;Berlin;109
634b5462-efa9-4646-b5f6-9d9c207342b0;Berlin;10789;DIMB IG Berlin;Berlin;Berlin;109
85f3ca59-dbf8-40ea-ac01-72b5f9c2f1fe;Berlin;10823;DIMB IG Berlin;Berlin;Berlin;109
93542de8-c2cd-4430-a5a9-05b904ee3bca;Berlin;10825;DIMB IG Berlin;Berlin;Berlin;109
979489a5-2d39-4523-82f2-71a10a24107d;Berlin;10827;DIMB IG Berlin;Berlin;Berlin;109
5a5686b6-4acd-4825-aca5-7dc59e9434a2;Berlin;10829;DIMB IG Berlin;Berlin;Berlin;109
630ad2d9-4770-4e7d-97ce-20875d700f85;Berlin;10961;DIMB IG Berlin;Berlin;Berlin;109
c27b0e54-2b15-43f7-a610-e5b09401ede6;Berlin;10963;DIMB IG Berlin;Berlin;Berlin;109
d7b738e8-befd-4b2e-9ad3-2eba95941083;Berlin;10965;DIMB IG Berlin;Berlin;Berlin;109
c7e5bb77-3f2c-4505-9a0a-9ed3c2e18bf7;Berlin;10967;DIMB IG Berlin;Berlin;Berlin;109
c472e607-04b6-4933-b73c-380f4161f513;Berlin;10969;DIMB IG Berlin;Berlin;Berlin;109
f4007a82-2e31-4fea-a5cd-bae9775fabe8;Berlin;10997;DIMB IG Berlin;Berlin;Berlin;109
c079926c-970d-4bc5-b66d-3ba25b105c25;Berlin;10999;DIMB IG Berlin;Berlin;Berlin;109
2b137011-666c-43a2-8827-2b570133d636;Berlin;12043;DIMB IG Berlin;Berlin;Berlin;109
0873aadf-1335-4e50-a9b7-e7ac809e032d;Berlin;12045;DIMB IG Berlin;Berlin;Berlin;109
4e3136da-57cd-4055-b7d2-bd4784d550ba;Berlin;12047;DIMB IG Berlin;Berlin;Berlin;109
5cedbcb8-935b-40da-b3d2-bbd33bda20bd;Berlin;12049;DIMB IG Berlin;Berlin;Berlin;109
01761496-bd48-4087-bcef-9a07bb083131;Berlin;12051;DIMB IG Berlin;Berlin;Berlin;109
1fd712ee-af8b-4e0d-88c1-5b3c68bae37e;Berlin;12053;DIMB IG Berlin;Berlin;Berlin;109
6397bea7-6d59-460d-b3e0-e1948776ddfb;Berlin;12055;DIMB IG Berlin;Berlin;Berlin;109
5c4b1ac1-d7dc-46dd-bd4e-3ac6fe1135c9;Berlin;12057;DIMB IG Berlin;Berlin;Berlin;109
b41fe41c-0269-4b82-bb28-4484eab3158c;Berlin;12059;DIMB IG Berlin;Berlin;Berlin;109
10aef123-907b-41d5-9d9a-a57f4a44230c;Berlin;12099;DIMB IG Berlin;Berlin;Berlin;109
8b9b0448-b942-43c1-96e7-337280650ed9;Berlin;12101;DIMB IG Berlin;Berlin;Berlin;109
8607b27b-2e84-4756-9c65-6c5a296151c7;Berlin;12103;DIMB IG Berlin;Berlin;Berlin;109
e059b387-bf5a-4efb-8425-b781235a1fcb;Berlin;12105;DIMB IG Berlin;Berlin;Berlin;109
3dbd9726-f2b2-4f9a-b223-57544dbd6958;Berlin;12107;DIMB IG Berlin;Berlin;Berlin;109
bd659d03-ae9a-4a7c-8839-b49be080ec00;Berlin;12109;DIMB IG Berlin;Berlin;Berlin;109
b19aa394-0f25-46b3-add4-e158a10eb3a2;Berlin;12157;DIMB IG Berlin;Berlin;Berlin;109
d3ce925a-b988-49a6-9677-0a0c58a19691;Berlin;12159;DIMB IG Berlin;Berlin;Berlin;109
ffd45e0c-aa9d-4665-925a-abf6f3f4b4f1;Berlin;12161;DIMB IG Berlin;Berlin;Berlin;109
6700921c-7bf5-4762-bdae-0ebd7b612647;Berlin;12163;DIMB IG Berlin;Berlin;Berlin;109
27037611-f5e5-4a8f-bcf7-c715f44532dd;Berlin;12165;DIMB IG Berlin;Berlin;Berlin;109
452b4b0c-00fc-4239-938d-30a048b8dc70;Berlin;12167;DIMB IG Berlin;Berlin;Berlin;109
22c99b6f-e3b3-43d4-8847-949639f707e7;Berlin;12169;DIMB IG Berlin;Berlin;Berlin;109
a3948690-c813-43fd-b36d-bdf6b2eb710b;Berlin;12203;DIMB IG Berlin;Berlin;Berlin;109
c3b7373e-252d-4e1b-b786-1c1397de0847;Berlin;12205;DIMB IG Berlin;Berlin;Berlin;109
e5733e22-4b23-418d-a2c2-80b8bebf13ad;Berlin;12207;DIMB IG Berlin;Berlin;Berlin;109
c8027f0e-9040-46ea-8cff-9a2b7d736e46;Berlin;12209;DIMB IG Berlin;Berlin;Berlin;109
5d166e8a-ce83-491f-97c4-35fd75b03da1;Berlin;12247;DIMB IG Berlin;Berlin;Berlin;109
ebbed6c8-f34c-4bcc-b803-a4a07c0c8f4f;Berlin;12249;DIMB IG Berlin;Berlin;Berlin;109
cf720925-6e81-4170-add8-14de62b9ce66;Berlin;12277;DIMB IG Berlin;Berlin;Berlin;109
3b968b89-d9fa-4243-9723-c05516830335;Berlin;12279;DIMB IG Berlin;Berlin;Berlin;109
182ca9cf-d227-4a77-ac38-93ead5500cc8;Berlin;12305;DIMB IG Berlin;Berlin;Berlin;109
afad0015-fda4-4753-b84d-b1964b19a165;Berlin;12307;DIMB IG Berlin;Berlin;Berlin;109
131a9665-694e-46d7-8001-4555f540e138;Berlin;12309;DIMB IG Berlin;Berlin;Berlin;109
ebcace75-8b3d-4704-a7c1-a399c90260da;Berlin;12347;DIMB IG Berlin;Berlin;Berlin;109
fc8b7c7a-ca45-4eb3-b52b-887d7e3e83dc;Berlin;12349;DIMB IG Berlin;Berlin;Berlin;109
6b0924c1-cb55-492e-b91a-b2c84985eb91;Berlin;12351;DIMB IG Berlin;Berlin;Berlin;109
aa9016c9-e4e2-4429-b00e-d3c6344ca6d0;Berlin;12353;DIMB IG Berlin;Berlin;Berlin;109
7a04e3a8-3ce2-4b36-becf-bbb5fc21cb04;Berlin;12355;DIMB IG Berlin;Berlin;Berlin;109
7aa0f517-a211-48cd-8459-f9b44dae028b;Berlin;12357;DIMB IG Berlin;Berlin;Berlin;109
a0add3a8-34dd-413a-b89b-e72ec38c3428;Berlin;12359;DIMB IG Berlin;Berlin;Berlin;109
57d03fda-be89-4ac0-8191-bddead5b685a;Berlin;12435;DIMB IG Berlin;Berlin;Berlin;109
df03c547-d639-411f-98e4-ae3ea7669343;Berlin;12437;DIMB IG Berlin;Berlin;Berlin;109
675f7858-260e-40c1-97df-621f096d4027;Berlin;12439;DIMB IG Berlin;Berlin;Berlin;109
49a769f2-4576-4b9d-8a1a-643644885c7d;Berlin;12459;DIMB IG Berlin;Berlin;Berlin;109
85f72981-1236-49f2-bde3-e09ccd8e247a;Berlin;12487;DIMB IG Berlin;Berlin;Berlin;109
d33aa3b9-4404-4023-ad3b-6c435a0d8295;Berlin;12489;DIMB IG Berlin;Berlin;Berlin;109
5b2f573e-c15b-4ce9-b31e-75b0071d49ca;Berlin;12524;DIMB IG Berlin;Berlin;Berlin;109
d9d9b6f2-86ff-4e7c-af91-fe57337c721f;Berlin;12526;DIMB IG Berlin;Berlin;Berlin;109
c731dbb4-db64-4598-8c81-5c0a53aa95b2;Berlin;12527;DIMB IG Berlin;Berlin;Berlin;109
8022bf76-38a1-4b03-a8e5-88ce86395432;Berlin;12555;DIMB IG Berlin;Berlin;Berlin;109
37a0182c-ed4d-424b-a1e9-1c87bed7b214;Berlin;12557;DIMB IG Berlin;Berlin;Berlin;109
3b7f2886-f354-4011-a207-7adf0a35cffb;Berlin;12559;DIMB IG Berlin;Berlin;Berlin;109
2720fb5a-d91d-473b-a49f-6c5e1bf53f0c;Berlin;12587;DIMB IG Berlin;Berlin;Berlin;109
a1e65975-2030-4612-be13-267d7a6edf79;Berlin;12589;DIMB IG Berlin;Berlin;Berlin;109
bb9f7e5d-bc2f-421b-baaf-7167d44ac1da;Berlin;12619;DIMB IG Berlin;Berlin;Berlin;109
23183e7d-133e-4282-b27f-eb0a8a79f97a;Berlin;12621;DIMB IG Berlin;Berlin;Berlin;109
fbd780ef-9720-43c2-bb42-e137a6a42bfc;Berlin;12623;DIMB IG Berlin;Berlin;Berlin;109
27e46f74-06d7-4aef-bfe3-319f81ea3900;Berlin;12627;DIMB IG Berlin;Berlin;Berlin;109
f0266e6e-9718-4336-858b-b4f332e098ed;Berlin;12629;DIMB IG Berlin;Berlin;Berlin;109
3c34a380-1fb5-4c5e-a460-b229aec3f0b2;Berlin;12679;DIMB IG Berlin;Berlin;Berlin;109
8198876a-d52e-4f0b-94b1-e61ab8250d63;Berlin;12681;DIMB IG Berlin;Berlin;Berlin;109
e51cc94f-0011-4692-8279-45d5419a5ca2;Berlin;12683;DIMB IG Berlin;Berlin;Berlin;109
d54ae9a9-e363-4cb2-889d-8bf78c2acde2;Berlin;12685;DIMB IG Berlin;Berlin;Berlin;109
dac0e588-df6b-439e-a0a4-f30d9ae161fa;Berlin;12687;DIMB IG Berlin;Berlin;Berlin;109
5c2d1de1-f341-42fe-a33b-86c619d19f84;Berlin;12689;DIMB IG Berlin;Berlin;Berlin;109
dcaf4f0d-d49b-420d-88da-9418bba340e2;Berlin;13051;DIMB IG Berlin;Berlin;Berlin;109
0f89431c-78a0-41b0-9104-cf9165c5c357;Berlin;13053;DIMB IG Berlin;Berlin;Berlin;109
6cf0ebe9-ec5a-426b-864c-8dd3816939ed;Berlin;13055;DIMB IG Berlin;Berlin;Berlin;109
5c3ca307-3ed7-46fb-847f-21af343265ec;Berlin;13057;DIMB IG Berlin;Berlin;Berlin;109
c533c1c5-ed3a-4239-8bfa-f880ce775026;Berlin;13059;DIMB IG Berlin;Berlin;Berlin;109
f8e0b927-add8-48a4-b652-0a9200e8e26d;Berlin;13086;DIMB IG Berlin;Berlin;Berlin;109
18fd0d8a-7657-4601-9d5c-3e82a50dbc40;Berlin;13088;DIMB IG Berlin;Berlin;Berlin;109
25863bac-3b3b-41d1-ad52-79f2f665da1a;Berlin;13089;DIMB IG Berlin;Berlin;Berlin;109
71f62090-ba05-4698-bcbf-254656aa08f1;Berlin;13125;DIMB IG Berlin;Berlin;Berlin;109
4799fd01-12a6-495b-a7b6-a1a43a3ffacd;Berlin;13127;DIMB IG Berlin;Berlin;Berlin;109
dc492bb3-bec7-47a5-bf3e-ad5e50de02ff;Berlin;13129;DIMB IG Berlin;Berlin;Berlin;109
4b8027e0-5768-494e-ba89-784ce695f030;Berlin;13156;DIMB IG Berlin;Berlin;Berlin;109
1c15aa3c-8659-4528-979b-8ff312283401;Berlin;13158;DIMB IG Berlin;Berlin;Berlin;109
d5630ba0-635c-4775-b74f-4fae52ec4f21;Berlin;13159;DIMB IG Berlin;Berlin;Berlin;109
8b41fe64-e0fc-4246-b421-043e55efda98;Berlin;13187;DIMB IG Berlin;Berlin;Berlin;109
71118321-ecb8-44b8-8aff-86c066bf5758;Berlin;13189;DIMB IG Berlin;Berlin;Berlin;109
e9c4099f-7650-46e1-927f-60b294b43cf1;Berlin;13347;DIMB IG Berlin;Berlin;Berlin;109
c0db25ee-0053-4d50-94ba-f89f78f0db41;Berlin;13349;DIMB IG Berlin;Berlin;Berlin;109
9159876f-abe4-42db-b94b-909368271504;Berlin;13351;DIMB IG Berlin;Berlin;Berlin;109
6ebe4276-179f-40d3-a893-da9be6a90cb1;Berlin;13353;DIMB IG Berlin;Berlin;Berlin;109
e5d46b92-50dd-42a1-a303-3f3c8045e406;Berlin;13355;DIMB IG Berlin;Berlin;Berlin;109
c9f73b17-b918-4705-bbc3-4c8762b5c860;Berlin;13357;DIMB IG Berlin;Berlin;Berlin;109
33869700-2dbf-4ceb-9db5-14000b4dcab8;Berlin;13359;DIMB IG Berlin;Berlin;Berlin;109
fb3a043a-ec10-43ff-8163-0c5ae64fc50c;Berlin;13403;DIMB IG Berlin;Berlin;Berlin;109
d1acafcd-0fbc-4032-9863-cfc728a351ba;Berlin;13405;DIMB IG Berlin;Berlin;Berlin;109
c57cd99a-4938-4980-bdc3-20ff257a4dc6;Berlin;13407;DIMB IG Berlin;Berlin;Berlin;109
1479eef7-7d40-42b5-b4b3-887c32c844ed;Berlin;13409;DIMB IG Berlin;Berlin;Berlin;109
b076ec3b-5429-4ce8-9255-7c404ac9a440;Berlin;13435;DIMB IG Berlin;Berlin;Berlin;109
93e33ed1-4b5d-4b09-a4e6-d83937024124;Berlin;13437;DIMB IG Berlin;Berlin;Berlin;109
feaae29d-df2f-4c86-92ad-04bc5f28836b;Berlin;13439;DIMB IG Berlin;Berlin;Berlin;109
0181ff1c-4841-4f43-943d-871527c5e9ba;Berlin;13465;DIMB IG Berlin;Berlin;Berlin;109
fac88e80-f875-4170-aa80-127c7be55a58;Berlin;13467;DIMB IG Berlin;Berlin;Berlin;109
dab1aa79-1bd4-42db-a2de-5a949e104cdf;Berlin;13469;DIMB IG Berlin;Berlin;Berlin;109
da845952-2d18-442f-bf69-8b81951d1e5f;Berlin;13503;DIMB IG Berlin;Berlin;Berlin;109
1b017e75-8c83-46be-9049-618cc9925bc9;Berlin;13505;DIMB IG Berlin;Berlin;Berlin;109
549cb90d-b2cc-4623-b17c-1230d8ae7090;Berlin;13507;DIMB IG Berlin;Berlin;Berlin;109
14b6b852-32f6-4124-aa26-c6f4f6340dc8;Berlin;13509;DIMB IG Berlin;Berlin;Berlin;109
2a913409-37c2-40fb-be4f-91c99cbc92f0;Berlin;13581;DIMB IG Berlin;Berlin;Berlin;109
551fcb8b-a758-4bf0-80b6-8906df0e0938;Berlin;13583;DIMB IG Berlin;Berlin;Berlin;109
cf9cb2f9-9773-43bd-9ded-b157997ca393;Berlin;13585;DIMB IG Berlin;Berlin;Berlin;109
c61afdf2-0d84-42c1-ad72-0451ef5187f2;Berlin;13587;DIMB IG Berlin;Berlin;Berlin;109
af7148c3-2b5a-4e17-89b6-41ba3348105e;Berlin;13589;DIMB IG Berlin;Berlin;Berlin;109
be84b816-1326-450c-ae75-ec44beb45235;Berlin;13591;DIMB IG Berlin;Berlin;Berlin;109
465ddc25-aac3-46b5-9a36-2cedb0aa3a61;Berlin;13593;DIMB IG Berlin;Berlin;Berlin;109
12b5c67f-64af-4b00-b6bd-12fd8194a6ec;Berlin;13595;DIMB IG Berlin;Berlin;Berlin;109
b59b9c5c-5f76-465c-984d-42ae2dcc39a8;Berlin;13597;DIMB IG Berlin;Berlin;Berlin;109
c066803b-6aba-46fb-90ab-f027590e7a40;Berlin;13599;DIMB IG Berlin;Berlin;Berlin;109
8e2abe3e-67f9-4914-914b-7d5440990723;Berlin;13627;DIMB IG Berlin;Berlin;Berlin;109
3e263fa8-755a-4691-a5ce-f1ba6991128f;Berlin;13629;DIMB IG Berlin;Berlin;Berlin;109
aa500bff-af44-408a-af4b-8b80e87449af;Berlin;14050;DIMB IG Berlin;Berlin;Berlin;109
6d953ba9-3147-4e02-9f6a-2df71e29d959;Berlin;14052;DIMB IG Berlin;Berlin;Berlin;109
58d43961-3709-4694-8b88-90b75f518409;Berlin;14053;DIMB IG Berlin;Berlin;Berlin;109
be6ef052-71ee-4546-901a-bac809831f27;Berlin;14055;DIMB IG Berlin;Berlin;Berlin;109
5c9c285a-8810-4eb6-88e8-b75fe8e34f55;Berlin;14057;DIMB IG Berlin;Berlin;Berlin;109
e74a1a50-577e-4fb7-b2c6-0cfe54db0af3;Berlin;14059;DIMB IG Berlin;Berlin;Berlin;109
225153bf-7dc0-4bcd-899e-5687956911c4;Berlin;14089;DIMB IG Berlin;Berlin;Berlin;109
72f15ca9-9445-4b8e-af05-14aaf404b490;Berlin;14109;DIMB IG Berlin;Berlin;Berlin;109
9af72d78-89a0-41b2-ba5d-47ed63df2666;Berlin;14129;DIMB IG Berlin;Berlin;Berlin;109
ec186ac4-c1b1-4836-b0a1-32ca88d27685;Berlin;14163;DIMB IG Berlin;Berlin;Berlin;109
48a75abd-daa6-47eb-9e4d-04ddf47ff086;Berlin;14165;DIMB IG Berlin;Berlin;Berlin;109
92b826c5-5fd4-4c7b-8661-0a6e50166a47;Berlin;14167;DIMB IG Berlin;Berlin;Berlin;109
da67b21b-1d20-4bf3-9892-62136c1dd4f8;Berlin;14169;DIMB IG Berlin;Berlin;Berlin;109
a793bc0a-fcb6-4d63-9564-03b5fa421342;Berlin;14193;DIMB IG Berlin;Berlin;Berlin;109
f187f51a-0e6f-4f49-adc7-7fac4f1ca5ec;Berlin;14195;DIMB IG Berlin;Berlin;Berlin;109
7f8e2e92-ba9f-4f88-a540-8e0cc86d888b;Berlin;14197;DIMB IG Berlin;Berlin;Berlin;109
0632844e-b148-4828-8182-cfcdb12c1f40;Berlin;14199;DIMB IG Berlin;Berlin;Berlin;109
cb65d737-2d4a-43cf-93e2-c967d70d3dac;Nordrhein-Westfalen;32805;DIMB IG Eggegebirge;Kreis Lippe;Horn-Bad Meinberg;110
a6eff95a-f0e5-46fb-9f8c-d941d9673d64;Nordrhein-Westfalen;32839;DIMB IG Eggegebirge;Kreis Höxter;Steinheim;110
273433da-2113-4373-b7cc-00e188c9f064;Nordrhein-Westfalen;33014;DIMB IG Eggegebirge;Kreis Höxter;Bad Driburg;110
a0fa8ead-d1fc-4344-b213-b6d83232e27e;Nordrhein-Westfalen;33034;DIMB IG Eggegebirge;Kreis Höxter;Brakel;110
30930c33-6fd3-44a9-b9df-786ddbe0d462;Nordrhein-Westfalen;33039;DIMB IG Eggegebirge;Kreis Höxter;Nieheim;110
95839504-ac56-4876-b282-b1a26bb065a2;Nordrhein-Westfalen;33098;DIMB IG Eggegebirge;Kreis Paderborn;Paderborn;110
c6413a1b-c54d-4db4-a4d8-7fc13c21622f;Nordrhein-Westfalen;33100;DIMB IG Eggegebirge;Kreis Paderborn;Paderborn;110
3c271a12-5301-49c4-aef2-063290d68dc6;Nordrhein-Westfalen;33102;DIMB IG Eggegebirge;Kreis Paderborn;Paderborn;110
4e052eda-38b0-4c07-9e04-8b6c1100a5ea;Nordrhein-Westfalen;33104;DIMB IG Eggegebirge;Kreis Paderborn;Paderborn;110
b3b52e72-a852-4031-ae6b-aa7d5bcdb2a8;Nordrhein-Westfalen;33106;DIMB IG Eggegebirge;Kreis Paderborn;Paderborn;110
65ed7980-64e9-44b9-a629-c04358ffbfea;Nordrhein-Westfalen;33129;DIMB IG Eggegebirge;Kreis Paderborn;Delbrück;110
f2ea53ff-2dae-45ab-b2fc-30e40147dd26;Nordrhein-Westfalen;33142;DIMB IG Eggegebirge;Kreis Paderborn;Büren;110
bf2c9028-a56d-446a-beec-fdd1a4cc610e;Nordrhein-Westfalen;33154;DIMB IG Eggegebirge;Kreis Paderborn;Paderborn, Salzkotten;110
344d892e-a462-4ae7-8db1-e1dd05d9fd6b;Nordrhein-Westfalen;33161;DIMB IG Eggegebirge;Kreis Paderborn;Hövelhof, Paderborn;110
ed99a362-5dc7-4e33-bab8-dbef78d49b2b;Nordrhein-Westfalen;33165;DIMB IG Eggegebirge;Kreis Paderborn;Lichtenau;110
d86dfe9e-63f4-419a-8b13-f6801c2d5afa;Nordrhein-Westfalen;33175;DIMB IG Eggegebirge;Kreis Paderborn;Bad Lippspringe;110
fe2fe54a-c50f-4f54-b343-e8acc8067ccd;Nordrhein-Westfalen;33178;DIMB IG Eggegebirge;Kreis Paderborn;Borchen;110
54529f08-019a-47a0-9cf6-c51f4f413ca3;Nordrhein-Westfalen;33181;DIMB IG Eggegebirge;Kreis Paderborn;Bad Wünnenberg;110
fe024f1c-b688-4801-aac5-7f6a7a8dbe4e;Nordrhein-Westfalen;33184;DIMB IG Eggegebirge;Kreis Paderborn;Altenbeken;110
e72f008b-f514-4b43-b543-ce3c92694fa0;Nordrhein-Westfalen;33189;DIMB IG Eggegebirge;Kreis Lippe;Schlangen;110
01f70509-98b4-491e-b7bb-db9cc3e751e5;Nordrhein-Westfalen;33330;DIMB IG Teutoburger Wald;Kreis Gütersloh;Gütersloh;82
f5e8c13f-bbf6-4bdc-932a-48b06d0e353d;Nordrhein-Westfalen;33332;DIMB IG Teutoburger Wald;Kreis Gütersloh;Gütersloh;82
ea729e7b-f6a5-415b-8b27-34b27e025051;Nordrhein-Westfalen;33333;DIMB IG Teutoburger Wald;Kreis Gütersloh;Gütersloh;82
644b00e7-b66c-47a9-8800-7d916393e4ca;Nordrhein-Westfalen;33334;DIMB IG Teutoburger Wald;Kreis Gütersloh;Gütersloh;82
da282921-1209-4e62-b57a-bdced207eda3;Nordrhein-Westfalen;33335;DIMB IG Teutoburger Wald;Kreis Gütersloh;Gütersloh;82
1fe24567-0027-4fb3-87bb-6d3ebfc6f804;Nordrhein-Westfalen;33378;DIMB IG Teutoburger Wald;Kreis Gütersloh;Rheda-Wiedenbrück;82
5ffa0539-3d4e-4641-b587-1139a4e72f56;Nordrhein-Westfalen;33397;DIMB IG Teutoburger Wald;Kreis Gütersloh;Rietberg;82
9acc00e4-c0a4-436c-81fa-bb0b81597523;Nordrhein-Westfalen;33415;DIMB IG Teutoburger Wald;Kreis Gütersloh;Verl;82
7067ea1e-1821-4fb1-9a5c-2345a93cc37d;Nordrhein-Westfalen;33428;DIMB IG Teutoburger Wald;Kreis Gütersloh;Harsewinkel;82
fd6191fa-d0bc-4649-ae81-460da8614672;Nordrhein-Westfalen;33442;DIMB IG Teutoburger Wald;Kreis Gütersloh;Herzebrock-Clarholz;82
12d1c853-4ec7-4d2a-b4b7-5ff03e84e8ac;Nordrhein-Westfalen;33449;DIMB IG Teutoburger Wald;Kreis Gütersloh;Langenberg;82
1b251aed-9a1a-4785-9a7d-28db347b02a6;Nordrhein-Westfalen;33758;DIMB IG Teutoburger Wald;Kreis Gütersloh;Schloß Holte-Stukenbrock;82
1151b6c1-27f7-438e-9eed-8b450287c654;Nordrhein-Westfalen;33775;DIMB IG Teutoburger Wald;Kreis Gütersloh;Versmold;82
3e5dab40-718e-48cc-bff7-fce3a7caa50c;Nordrhein-Westfalen;33790;DIMB IG Teutoburger Wald;Kreis Gütersloh;Halle (Westf.);82
9fcf02de-6813-436d-b3c4-276d6ff4b767;Nordrhein-Westfalen;33803;DIMB IG Teutoburger Wald;Kreis Gütersloh;Steinhagen;82
810debe4-a0b1-48f6-bf2c-bcd1e2787c0b;Nordrhein-Westfalen;33824;DIMB IG Teutoburger Wald;Kreis Gütersloh;Werther;82
cb618221-ac62-48cb-8b5b-868ff3385020;Nordrhein-Westfalen;33829;DIMB IG Teutoburger Wald;Kreis Gütersloh;Borgholzhausen;82
2f216fee-e79c-4e3e-ad28-603afd5e69d9;Hessen;34117;DIMB IG Kassel;Kassel;Kassel;45
c5f52480-50d7-440c-8069-760113036e41;Hessen;34119;DIMB IG Kassel;Kassel;Kassel;45
49ae0d05-5fde-492a-b1ef-dbf8cb4b6911;Hessen;34121;DIMB IG Kassel;Kassel;Kassel;45
cc4048e3-d058-4b2f-915d-c89eef4e17df;Hessen;34123;DIMB IG Kassel;Kassel;Kassel;45
4301cfb1-3f8e-4fe9-af2c-96b92090c99e;Hessen;34125;DIMB IG Kassel;Kassel;Kassel;45
1e82509d-a547-4bdc-9eb1-6659efb3e0dc;Hessen;34127;DIMB IG Kassel;Kassel;Kassel, Fuldatal;45
cb865615-31c9-45f7-88ce-9826a459b247;Hessen;34128;DIMB IG Kassel;Kassel;Kassel;45
169a6748-aadd-405c-93b7-a1f30bb80ff7;Hessen;34130;DIMB IG Kassel;Kassel;Kassel;45
0e671dc6-ea81-4582-963e-c03992a63c77;Hessen;34131;DIMB IG Kassel;Kassel;Kassel;45
8fbf7760-e073-497b-9edd-8d49d831144b;Hessen;34132;DIMB IG Kassel;Kassel;Kassel;45
1b04a82c-6cc5-42f2-9f12-bae504ef003f;Hessen;34134;DIMB IG Kassel;Kassel;Kassel;45
d33ccfbc-3d33-4cd4-ab11-99e5a0e78828;Hessen;34212;DIMB IG Kassel;Schwalm-Eder-Kreis;Melsungen;45
b1ed25ce-ba9f-4579-9e6c-857512a6c33a;Hessen;34225;DIMB IG Kassel;Landkreis Kassel;Baunatal;45
81b8a0c5-a37b-4adf-935a-a1cc41d3dfaa;Hessen;34233;DIMB IG Kassel;Kassel;Kassel, Fuldatal;45
60f16e60-63fd-4f99-89c5-3a740af61401;Hessen;34246;DIMB IG Kassel;Landkreis Kassel;Vellmar;45
126a5772-fb45-419f-8a5c-4d996c8b7f81;Hessen;34253;DIMB IG Kassel;Landkreis Kassel;Lohfelden;45
8849467a-36bd-4dca-931f-2128386967e9;Hessen;34260;DIMB IG Kassel;Landkreis Kassel;Kaufungen;45
bb9a1559-40b2-4e43-a6b9-80cd91758a4b;Hessen;34266;DIMB IG Kassel;Landkreis Kassel;Niestetal;45
f7158b6b-0de2-4d67-8e1c-cf952aaee1e2;Hessen;34270;DIMB IG Kassel;Landkreis Kassel;Schauenburg;45
b6cac0a7-aa5c-47ae-976a-0f2de12d4e44;Hessen;34277;DIMB IG Kassel;Landkreis Kassel;Fuldabrück;45
47c7cbd7-feb2-4274-ab31-b379eb8752cd;Hessen;34281;DIMB IG Kassel;Schwalm-Eder-Kreis;Gudensberg;45
2f3bf6a9-76a6-4831-94b4-e010c72ea343;Hessen;34286;DIMB IG Kassel;Schwalm-Eder-Kreis;Spangenberg;45
64404cf7-08ee-4fe9-b3ed-b5db4839003b;Hessen;34289;DIMB IG Kassel;Landkreis Kassel;Zierenberg;45
c9cb8e35-9ef8-401c-af7e-3a7af848325a;Hessen;34292;DIMB IG Kassel;Landkreis Kassel;Ahnatal;45
fc5119ac-2bbc-448f-a400-4c39b384b2e6;Hessen;34295;DIMB IG Kassel;Schwalm-Eder-Kreis;Edermünde;45
801c5e26-645f-4c04-812e-7d757e7dc3ca;Hessen;34298;DIMB IG Kassel;Landkreis Kassel;Helsa;45
76fee5ff-1e14-478d-aa80-9f56089d4b67;Hessen;34302;DIMB IG Kassel;Schwalm-Eder-Kreis;Guxhagen;45
f5c42692-f13e-4561-b16a-79d26ceb6434;Hessen;34305;DIMB IG Kassel;Schwalm-Eder-Kreis;Niedenstein;45
088efcae-28a3-42ef-9f7a-bda105aaf666;Hessen;34308;DIMB IG Kassel;Landkreis Kassel;Bad Emstal;45
20f84f9c-8783-4eec-bcda-a3e99d03f5d2;Hessen;34311;DIMB IG Kassel;Landkreis Kassel;Naumburg;45
d410f044-3e10-41e4-b2ef-2a507bcbd4ad;Hessen;34314;DIMB IG Kassel;Landkreis Kassel;Espenau;45
9d33a587-6cd4-405f-8c47-3acae6bc5d0e;Hessen;34317;DIMB IG Kassel;Landkreis Kassel;Habichtswald;45
c5a447bf-2f8e-439f-a80a-7efb07bb5aa1;Hessen;34320;DIMB IG Kassel;Landkreis Kassel;Söhrewald;45
4f5d7a80-30dc-4f65-8109-82af68f916f7;Hessen;34323;DIMB IG Kassel;Schwalm-Eder-Kreis;Malsfeld;45
da8495f4-8353-4be5-b7e8-22017251785c;Hessen;34326;DIMB IG Kassel;Schwalm-Eder-Kreis;Morschen;45
09831480-1745-4e67-99d1-f6f1a859346c;Hessen;34327;DIMB IG Kassel;Schwalm-Eder-Kreis;Körle;45
fcd5410a-f4f9-49ba-a6af-25a82ee3889c;Hessen;34329;DIMB IG Kassel;Landkreis Kassel;Nieste;45
d539361e-ea3e-43d4-b4a7-b49afddb00f7;Niedersachsen;34346;DIMB IG Harz;Landkreis Göttingen;Hann. Münden;41
38f63c93-bca3-42ed-a718-8d6ec5b9f24a;Niedersachsen;34355;DIMB IG Harz;Landkreis Göttingen;Staufenberg;41
52cf1ac8-5636-4283-8daf-09c76b153092;Hessen;34359;DIMB IG Kassel;Landkreis Kassel;Reinhardshagen;45
199c236c-08d9-4bae-b89c-142aa3011027;Hessen;34369;DIMB IG Kassel;Landkreis Kassel;Hofgeismar;45
6adb99a4-7663-439f-82c8-4223def82f33;Hessen;34376;DIMB IG Kassel;Landkreis Kassel;Immenhausen;45
64b84ae9-d9cc-473b-8253-cb6a681df3b8;Hessen;34379;DIMB IG Kassel;Landkreis Kassel;Calden;45
674e1760-50ac-4b65-a81b-bf68a98e1a4c;Hessen;34385;DIMB IG Kassel;Landkreis Kassel;Bad Karlshafen;45
a2bb12e9-7908-4a88-8cf5-57d26404b9e3;Hessen;34388;DIMB IG Kassel;Landkreis Kassel;Trendelburg;45
d6d7815d-86b3-46be-ab62-43e4adbc422b;Hessen;34393;DIMB IG Kassel;Landkreis Kassel;Grebenstein;45
8ff9f20f-213c-4aad-8348-8085af068223;Hessen;34396;DIMB IG Kassel;Landkreis Kassel;Liebenau;45
45985669-87b7-46d9-9d5c-5f0fbc4b5a91;Hessen;34399;DIMB IG Kassel;Landkreis Kassel;Oberweser, Wahlsburg;45
ce948028-e4d5-41b6-a304-14975739b57a;Nordrhein-Westfalen;34414;DIMB IG Eggegebirge;Kreis Höxter;Warburg;110
1c1fb30d-44a9-414c-ace4-d705d28c41d7;Nordrhein-Westfalen;34431;DIMB IG Eggegebirge;Hochsauerlandkreis;Marsberg;110
480fab78-e0f3-4b81-8458-34cccf4ff4ac;Nordrhein-Westfalen;34434;DIMB IG Eggegebirge;Kreis Höxter;Borgentreich;110
8c3cb619-8a85-4ca5-b25f-d9f5f022ebb4;Nordrhein-Westfalen;34439;DIMB IG Eggegebirge;Kreis Höxter;Willebadessen;110
3486e9f4-a524-41b3-b518-1e166fb0bad7;Hessen;34454;DIMB IG Kassel;Landkreis Waldeck-Frankenberg;Bad Arolsen;45
92cf7bda-8a73-4714-88e0-762bc880efe5;Hessen;34466;DIMB IG Kassel;Landkreis Kassel;Wolfhagen;45
c8215a1b-ebfb-4649-b0c1-dcf08e143900;Hessen;34471;DIMB IG Kassel;Landkreis Waldeck-Frankenberg;Volkmarsen;45
b069f612-62aa-4867-b4ba-608ba74ea41c;Hessen;34474;DIMB IG Kassel;Landkreis Waldeck-Frankenberg;Diemelstadt;45
a2a9b519-b846-4b49-a6ef-1de0448ba742;Hessen;34477;DIMB IG Kassel;Landkreis Waldeck-Frankenberg;Twistetal;45
9d1295f5-7fee-4938-b472-e4428b17c544;Hessen;34479;DIMB IG Kassel;Landkreis Kassel;Breuna;45
e06a3368-859f-4678-be19-d3b350dcadcd;Hessen;34497;DIMB IG Kassel;Landkreis Waldeck-Frankenberg;Korbach;45
c65a64df-b4b3-4a36-83b4-7252557c2126;Hessen;34508;DIMB IG Kassel;Landkreis Waldeck-Frankenberg;Willingen (Upland);45
215f2f04-b79b-4028-a1d5-40af0fd84aea;Hessen;34513;DIMB IG Kassel;Landkreis Waldeck-Frankenberg;Korbach, Waldeck;45
71eff1ba-a88d-4b7c-a81a-f6a4f0578f43;Hessen;34516;DIMB IG Kassel;Landkreis Waldeck-Frankenberg;Vöhl;45
dc2c7f55-3e0a-4275-9f41-021921ac11e7;Hessen;34519;DIMB IG Kassel;Landkreis Waldeck-Frankenberg;Diemelsee;45
8d18a198-50fc-4bf1-9a88-2d14336a725e;Hessen;34537;DIMB IG Kassel;Landkreis Waldeck-Frankenberg;Bad Wildungen;45
b94bdb3a-494c-474b-bc33-f07661a20437;Hessen;34549;DIMB IG Kassel;Landkreis Waldeck-Frankenberg;Edertal;45
751255cd-48f6-4253-bbf3-7d21d1cc56bd;Hessen;34560;DIMB IG Kassel;Schwalm-Eder-Kreis;Fritzlar;45
fb3f79da-f4ec-4eb4-a14e-3afe70a06357;Hessen;34576;DIMB IG Kassel;Schwalm-Eder-Kreis;Homberg;45
b8aea6d4-5acb-4d21-b1ac-8c81e511e02f;Hessen;34582;DIMB IG Kassel;Schwalm-Eder-Kreis;Borken;45
a5a83e20-41f4-4c84-8e59-88039e58bab8;Hessen;34587;DIMB IG Kassel;Schwalm-Eder-Kreis;Felsberg;45
e9ab3787-32f7-4560-baa3-1637d4f42fa0;Hessen;34590;DIMB IG Kassel;Schwalm-Eder-Kreis;Wabern;45
6846e900-a93c-4a70-b13b-f8b07c6cbffd;Hessen;34593;DIMB IG Kassel;Schwalm-Eder-Kreis;Knüllwald;45
64661e2e-1f30-4b93-bf09-514d4d5b55c3;Hessen;34596;DIMB IG Kassel;Schwalm-Eder-Kreis;Bad Zwesten;45
b95a9b64-3882-46b9-b1f8-2ff13ee3981f;Hessen;34599;DIMB IG Kassel;Schwalm-Eder-Kreis;Neuental;45
f52b0d36-969f-4139-a272-fd0bd0535b54;Hessen;34613;DIMB IG Kassel;Schwalm-Eder-Kreis;Schwalmstadt;45
4dde54a2-f273-4214-9781-5cce8d5a5a0e;Hessen;34621;DIMB IG Kassel;Schwalm-Eder-Kreis;Frielendorf;45
f9662dfe-007c-4bfd-8142-9ad76589d456;Hessen;34626;DIMB IG Kassel;Schwalm-Eder-Kreis;Neukirchen;45
356bc35f-0c2e-4e86-9ff5-f7e27fdc0f35;Hessen;34628;DIMB IG Kassel;Schwalm-Eder-Kreis;Willingshausen;45
167fa646-e1ac-4703-93e3-84a3e8d9ad1c;Hessen;34630;DIMB IG Kassel;Schwalm-Eder-Kreis;Gilserberg;45
b2ec0498-938f-431b-a16a-c10e73ab04e8;Hessen;34632;DIMB IG Kassel;Schwalm-Eder-Kreis;Jesberg;45
5a2b9291-e5b5-444b-aecc-1fd00284ffbb;Hessen;34633;DIMB IG Kassel;Schwalm-Eder-Kreis;Ottrau;45
130b9205-89bf-4f2a-b018-e8da5043450e;Hessen;34637;DIMB IG Kassel;Schwalm-Eder-Kreis;Schrecksbach;45
2652cb3a-2bbe-4c6d-b80d-30b68ec7b1d2;Hessen;34639;DIMB IG Kassel;Schwalm-Eder-Kreis;Schwarzenborn;45
4f93a308-6e2e-4ddd-b7e0-2892101a9a44;Hessen;35037;DIMB IG Taunus;Landkreis Marburg-Biedenkopf;Marburg;21
8ee8271c-2081-4b50-99a3-747ab9ac3f3d;Hessen;35039;DIMB IG Taunus;Landkreis Marburg-Biedenkopf;Marburg;21
3f2a7071-64ec-4e64-9bb3-6806e9101745;Hessen;35041;DIMB IG Taunus;Landkreis Marburg-Biedenkopf;Marburg;21
db2d7d3d-5a5a-473d-b185-9b0b3785b0d6;Hessen;35043;DIMB IG Taunus;Landkreis Marburg-Biedenkopf;Marburg;21
0d67cbbf-87cf-4647-ad28-b36ab1c3ae01;Hessen;35066;DIMB IG Kassel;Landkreis Waldeck-Frankenberg;Frankenberg;45
7d7541f5-7ffd-4a8f-aa8a-33acfa97a3b2;Hessen;35075;DIMB IG Taunus;Landkreis Marburg-Biedenkopf;Gladenbach;21
d2f3e656-54e2-4850-9836-df058ba60e61;Hessen;35080;DIMB IG Taunus;Landkreis Marburg-Biedenkopf;Bad Endbach;21
478e1813-e068-4938-9cee-0a009815fa00;Hessen;35083;DIMB IG Taunus;Landkreis Marburg-Biedenkopf;Wetter;21
806d9564-7468-4889-81ef-274f547dc309;Hessen;35085;DIMB IG Taunus;Landkreis Marburg-Biedenkopf;Ebsdorfergrund;21
c15f875d-3ef4-4c32-874e-c1ca98c46354;Hessen;35088;DIMB IG Kassel;Landkreis Waldeck-Frankenberg;Battenberg;45
f6ed9782-3b76-4f22-a46e-0380096e81fb;Hessen;35091;DIMB IG Taunus;Landkreis Marburg-Biedenkopf;Cölbe;21
2d9d17b2-1af3-4531-a20e-7e87d9dae824;Hessen;35094;DIMB IG Taunus;Landkreis Marburg-Biedenkopf;Lahntal, Marburg;21
984a32db-09cb-4fbe-a671-f33bb15b6223;Hessen;35096;DIMB IG Taunus;Landkreis Marburg-Biedenkopf;Weimar (Lahn);21
4d2ae373-9406-4e47-a6f9-a53376b4cd86;Hessen;35099;DIMB IG Kassel;Landkreis Waldeck-Frankenberg;Burgwald;45
962db95b-bd42-462e-bf1c-98f1e02f156d;Hessen;35102;DIMB IG Taunus;Landkreis Marburg-Biedenkopf;Lohra;21
ab96b54b-d5f4-4d98-b287-99b134cae567;Hessen;35104;DIMB IG Kassel;Landkreis Waldeck-Frankenberg;Lichtenfels;45
91a0f390-1708-43ba-a69e-5cf0f7636dbb;Hessen;35108;DIMB IG Kassel;Landkreis Waldeck-Frankenberg;Allendorf;45
c0bb8f03-78e2-4a13-a65e-ae670da50f0f;Hessen;35110;DIMB IG Kassel;Landkreis Waldeck-Frankenberg;Frankenau;45
f29242fe-3b60-411d-bee3-25f88da5ab4c;Hessen;35112;DIMB IG Taunus;Landkreis Marburg-Biedenkopf;Fronhausen;21
feba252e-d9a6-47e5-a737-9b18f2548068;Hessen;35114;DIMB IG Kassel;Landkreis Waldeck-Frankenberg;Haina;45
940892a0-d938-4556-b59d-44f8aa9ecc58;Hessen;35116;DIMB IG Kassel;Landkreis Waldeck-Frankenberg;Hatzfeld;45
eff6adaa-966a-4181-9e71-c76ef7ceaf6f;Hessen;35117;DIMB IG Kassel;Landkreis Marburg-Biedenkopf;Münchhausen;45
c5c0a1e4-019b-4b28-87f6-d1d547964bad;Hessen;35119;DIMB IG Kassel;Landkreis Waldeck-Frankenberg;Rosenthal;45
2b526965-2f59-4b8a-b1bf-3834f0da8b70;Hessen;35216;DIMB IG Taunus;Landkreis Marburg-Biedenkopf;Biedenkopf;21
7cdb9fb5-d0f6-4d36-a1a6-63541e711b9b;Hessen;35232;DIMB IG Taunus;Landkreis Marburg-Biedenkopf;Dautphetal;21
df49ed43-43b0-48ca-9290-f56f4516a435;Hessen;35236;DIMB IG Taunus;Landkreis Marburg-Biedenkopf;Breidenbach;21
8d3dd8ed-694e-4013-844a-4eec2c41668e;Hessen;35239;DIMB IG Taunus;Landkreis Marburg-Biedenkopf;Steffenberg;21
568a1fe9-44c8-4efa-8759-6e0f4a9e6cdc;Hessen;35260;DIMB IG Taunus;Landkreis Marburg-Biedenkopf;Stadtallendorf;21
a393294f-792a-413d-a910-d5d083788c9a;Hessen;35274;DIMB IG Taunus;Landkreis Marburg-Biedenkopf;Kirchhain;21
99253123-4d65-4359-939f-7a784fb6810f;Hessen;35279;DIMB IG Taunus;Landkreis Marburg-Biedenkopf;Neustadt;21
3fb2c218-f451-4885-96f4-bb5704ca7d51;Hessen;35282;DIMB IG Kassel;Landkreis Marburg-Biedenkopf;Rauschenberg;45
6dcc5927-9c74-4cd9-a920-27bcb6641d8d;Hessen;35285;DIMB IG Kassel;Landkreis Waldeck-Frankenberg;Gemünden;45
91b18f1d-e626-4a5a-ae32-8d30db771a95;Hessen;35287;DIMB IG Taunus;Landkreis Marburg-Biedenkopf;Amöneburg;21
c27436ad-ccbe-4788-b383-72db176e9630;Hessen;35288;DIMB IG Kassel;Landkreis Marburg-Biedenkopf;Wohratal;45
1f32b584-2a61-48de-b675-bf350767eb06;Hessen;35305;DIMB IG Taunus;Landkreis Gießen;Grünberg;21
49230819-c7e4-4041-b62b-069edf862da0;Hessen;35315;DIMB IG Taunus;Vogelsbergkreis;Homberg (Ohm);21
42e902c7-559c-44e1-a0a1-d631ca89eb46;Hessen;35321;DIMB IG Taunus;Landkreis Gießen;Laubach;21
3e2b3c2e-d305-431e-a418-18ccc7dce5fa;Hessen;35325;DIMB IG Taunus;Vogelsbergkreis;Mücke;21
ca1cafce-ee02-4903-a499-53b9d5f38d46;Hessen;35327;DIMB IG Taunus;Vogelsbergkreis;Ulrichstein;21
ec4f11d2-4082-4022-99bb-e2328989a91c;Hessen;35329;DIMB IG Taunus;Vogelsbergkreis;Gemünden (Felda);21
864dcf2a-d85f-4146-9a22-81d0cde96733;Hessen;35390;DIMB IG Taunus;Landkreis Gießen;Gießen;21
dde160c6-0946-4d51-9b98-6cf5dee250bc;Hessen;35392;DIMB IG Taunus;Landkreis Gießen;Gießen;21
83348db1-8c19-4848-859d-320a00b40b9a;Hessen;35394;DIMB IG Taunus;Landkreis Gießen;Gießen;21
c4213d3a-a6f7-465d-a220-492b7d351368;Hessen;35396;DIMB IG Taunus;Landkreis Gießen;Gießen;21
cf3e1f66-ba7a-4b83-b81c-3cc111c7498b;Hessen;35398;DIMB IG Taunus;Landkreis Gießen;Gießen;21
1a54a26b-c58e-43ee-99ab-72cea25d66a6;Hessen;35410;DIMB IG Taunus;Landkreis Gießen;Hungen;21
13fe30ba-f3e9-4eb5-ba78-9da96f92312d;Hessen;35415;DIMB IG Taunus;Landkreis Gießen;Pohlheim;21
748ac0bd-cf89-4fbb-8ac4-f7dd2febdffd;Hessen;35418;DIMB IG Taunus;Landkreis Gießen;Buseck;21
45cb010f-cf5f-41a0-97dc-0e09d04db278;Hessen;35423;DIMB IG Taunus;Landkreis Gießen;Lich;21
8c94f59b-81be-4060-ae73-870eaeccd415;Hessen;35428;DIMB IG Taunus;Landkreis Gießen;Langgöns;21
dc4c1eac-eeda-4672-9527-c9eccc39263f;Hessen;35435;DIMB IG Taunus;Landkreis Gießen;Wettenberg;21
1cfb3213-7227-4a3e-a80d-a19bb2220a3c;Hessen;35440;DIMB IG Taunus;Landkreis Gießen;Linden;21
0a0a5a5e-755f-48ba-a039-1500180b96dc;Hessen;35444;DIMB IG Taunus;Landkreis Gießen;Biebertal;21
c84aa693-a490-4c35-9846-e9b22e56bcbd;Hessen;35447;DIMB IG Taunus;Landkreis Gießen;Reiskirchen;21
577a2226-84bc-4bc5-8cb1-60c7240bd8e2;Hessen;35452;DIMB IG Taunus;Landkreis Gießen;Heuchelheim;21
0ef89b19-86a3-4b9a-9981-258ffa7b2d91;Hessen;35457;DIMB IG Taunus;Landkreis Gießen;Lollar;21
1e385945-257d-42bc-b910-adec0604bb42;Hessen;35460;DIMB IG Taunus;Landkreis Gießen;Staufenberg;21
3a7d6ac6-3673-4351-848a-663f86b3e86e;Hessen;35463;DIMB IG Taunus;Landkreis Gießen;Fernwald;21
ccdd122e-e17e-43c5-b913-890059329637;Hessen;35466;DIMB IG Taunus;Landkreis Gießen;Rabenau;21
c7868290-7ee1-4d9b-9e54-42447dd8284c;Hessen;35469;DIMB IG Taunus;Landkreis Gießen;Allendorf (Lumda);21
d82501b9-b465-49f4-adcd-108c6490937c;Hessen;35510;DIMB IG Taunus;Wetteraukreis;Butzbach;21
240e5a95-3c5f-4ba7-9dc5-a9343f6b7336;Hessen;35516;DIMB IG Taunus;Wetteraukreis;Münzenberg;21
12f83de4-2474-446c-9d59-e306a6b2901c;Hessen;35519;DIMB IG Taunus;Wetteraukreis;Rockenberg;21
4fc51432-a1ba-4091-8e08-31555f064eef;Hessen;35576;DIMB IG Taunus;Lahn-Dill-Kreis;Wetzlar;21
5a8a7f5f-8c19-45b7-a973-db1fd3104daf;Hessen;35578;DIMB IG Taunus;Lahn-Dill-Kreis;Wetzlar;21
2b9faad6-25ac-40c4-a9e1-9376672fceaf;Hessen;35579;DIMB IG Taunus;Lahn-Dill-Kreis;Wetzlar;21
7bbe81de-a063-422c-9948-9e24ffda0c09;Hessen;35580;DIMB IG Taunus;Lahn-Dill-Kreis;Wetzlar;21
ca16855c-2e79-4c43-8707-12397c291c93;Hessen;35581;DIMB IG Taunus;Lahn-Dill-Kreis;Wetzlar;21
7b0cf1da-6057-4410-befa-8ee7f4a98c8b;Hessen;35582;DIMB IG Taunus;Lahn-Dill-Kreis;Wetzlar;21
caec1965-76be-4353-9a34-9c8c3068b052;Hessen;35583;DIMB IG Taunus;Lahn-Dill-Kreis;Wetzlar;21
398ef84e-1f9f-4658-be51-23743afbf342;Hessen;35584;DIMB IG Taunus;Lahn-Dill-Kreis;Wetzlar;21
58dd8a31-98b0-4775-af4a-684680a1d088;Hessen;35585;DIMB IG Taunus;Lahn-Dill-Kreis;Wetzlar;21
4d2ff7ca-f509-464e-940f-a309cd610c0f;Hessen;35586;DIMB IG Taunus;Lahn-Dill-Kreis;Wetzlar;21
92dc7c5f-e894-44d7-b626-45c251b39761;Hessen;35606;DIMB IG Taunus;Lahn-Dill-Kreis;Solms;21
7c21e050-3953-46e6-a0f8-efa9270bf826;Hessen;35614;DIMB IG Taunus;Lahn-Dill-Kreis;Aßlar;21
4863b445-8cdb-4b0a-9258-ad9b292a6e6c;Hessen;35619;DIMB IG Taunus;Lahn-Dill-Kreis;Braunfels;21
74f52bea-4e22-42de-a0b9-4d756e29b294;Hessen;35625;DIMB IG Taunus;Lahn-Dill-Kreis;Hüttenberg;21
15c43e60-fd55-4ffe-81ef-98e7e0e0c612;Hessen;35630;DIMB IG Taunus;Lahn-Dill-Kreis;Ehringshausen;21
ee01cdc2-9e92-426d-bdb1-1a199a4cd48b;Hessen;35633;DIMB IG Taunus;Lahn-Dill-Kreis;Lahnau;21
c826c090-ac1c-4a7d-9a2a-859ba9ee84be;Hessen;35638;DIMB IG Taunus;Lahn-Dill-Kreis;Leun;21
fd52041b-f151-4689-bbbc-0099139696f3;Hessen;35641;DIMB IG Taunus;Lahn-Dill-Kreis;Schöffengrund;21
d946648a-4c9c-4349-ade4-9ab9bc69506e;Hessen;35644;DIMB IG Taunus;Lahn-Dill-Kreis;Hohenahr;21
90033808-efae-479c-8b6e-7f3b45bb4d0e;Hessen;35647;DIMB IG Taunus;Lahn-Dill-Kreis;Waldsolms;21
d18364ce-228c-4aa2-8e43-e2e6d158e5af;Hessen;35649;DIMB IG Taunus;Lahn-Dill-Kreis;Bischoffen;21
b30dff54-26a2-43b1-a941-a195973ce2bc;Hessen;35683;DIMB IG Taunus;Lahn-Dill-Kreis;Dillenburg;21
ff74060d-3d55-41af-a16f-b17e79905c60;Hessen;35684;DIMB IG Taunus;Lahn-Dill-Kreis;Dillenburg;21
b13fa549-4fd1-43dd-9289-d66746a263f2;Hessen;35685;DIMB IG Taunus;Lahn-Dill-Kreis;Dillenburg;21
fb4166ef-8b89-486c-b284-e6657094ae7b;Hessen;35686;DIMB IG Taunus;Lahn-Dill-Kreis;Dillenburg;21
655e97c6-c525-4b6c-a596-0d5552c7ea5d;Hessen;35687;DIMB IG Taunus;Lahn-Dill-Kreis;Dillenburg;21
6ec3014b-2d88-4af8-9a2a-ff12a0d480ac;Hessen;35688;DIMB IG Taunus;Lahn-Dill-Kreis;Dillenburg;21
c97302e3-64e3-48a9-9757-9768025c2af5;Hessen;35689;DIMB IG Taunus;Lahn-Dill-Kreis;Dillenburg;21
9dac81f3-964e-4550-98e1-701c051273d2;Hessen;35690;DIMB IG Taunus;Lahn-Dill-Kreis;Dillenburg;21
4d81447b-4d17-4710-a2bf-94f11040e8dd;Hessen;35708;DIMB IG Taunus;Lahn-Dill-Kreis;Haiger;21
bf6549e9-a392-4329-a550-6a875d83f719;Hessen;35713;DIMB IG Taunus;Lahn-Dill-Kreis;Eschenburg;21
ad3a340d-2e61-4aa7-9d40-05e15d6729f2;Hessen;35716;DIMB IG Taunus;Lahn-Dill-Kreis;Dietzhölztal;21
7b5a8869-c7e3-4d20-aa56-90539fb71f16;Hessen;35719;DIMB IG Taunus;Landkreis Marburg-Biedenkopf;Angelburg;21
0f24db45-c90b-4125-9f44-d0e8d3ce1aaa;Hessen;35745;DIMB IG Taunus;Lahn-Dill-Kreis;Herborn;21
1aee366d-3c96-4f42-ac5e-e91cba5bee97;Hessen;35753;DIMB IG Taunus;Lahn-Dill-Kreis;Greifenstein;21
c0241268-f77a-423b-870d-1a6da7529e05;Hessen;35756;DIMB IG Taunus;Lahn-Dill-Kreis;Mittenaar;21
0c71b363-0ff6-4f31-9910-67603c27499d;Hessen;35759;DIMB IG Taunus;Lahn-Dill-Kreis;Driedorf;21
bb1aa6a5-56f4-40b5-832f-6e3bb81132be;Hessen;35764;DIMB IG Taunus;Lahn-Dill-Kreis;Sinn;21
6c901692-d09a-421a-a2d3-a6ee97e5d012;Hessen;35767;DIMB IG Taunus;Lahn-Dill-Kreis;Breitscheid;21
5b6536a1-67be-4a5c-bdea-7f6ebaaa5e27;Hessen;35768;DIMB IG Taunus;Lahn-Dill-Kreis;Siegbach;21
f2ed6198-53a2-479f-a86e-b66a469e6932;Hessen;35781;DIMB IG Taunus;Landkreis Limburg-Weilburg;Weilburg;21
c64f7507-b8b3-4e74-a6ab-500d10bde100;Hessen;35789;DIMB IG Taunus;Landkreis Limburg-Weilburg;Weilmünster;21
5b6fa272-38d5-48da-9d8a-f6584b50c1b6;Hessen;35792;DIMB IG Taunus;Landkreis Limburg-Weilburg;Löhnberg;21
cadb5b90-6227-4b19-94bd-dbae313c2382;Hessen;35794;DIMB IG Taunus;Landkreis Limburg-Weilburg;Mengerskirchen;21
ad85d09f-c4ed-4d97-a3cc-ac6426ed87d0;Hessen;35796;DIMB IG Taunus;Landkreis Limburg-Weilburg;Weinbach;21
7b3ccbd5-60b3-45ef-ba6f-07cad4a02c1e;Hessen;35799;DIMB IG Taunus;Landkreis Limburg-Weilburg;Merenberg;21
c2aa7942-beb5-4bf3-bf97-ffbf183c8ab7;Hessen;36037;DIMB IG Taunus;Landkreis Fulda;Fulda;21
378d33e8-124d-4c08-8d18-8a8298fddaae;Hessen;36039;DIMB IG Taunus;Landkreis Fulda;Fulda;21
95717c30-9399-4b0a-b663-7294d42398de;Hessen;36041;DIMB IG Taunus;Landkreis Fulda;Fulda;21
f38c10a6-0250-488a-a5a0-092b65891b34;Hessen;36043;DIMB IG Taunus;Landkreis Fulda;Fulda;21
0f50a706-f364-4468-bfc4-7eb0a79e7725;Hessen;36088;DIMB IG Taunus;Landkreis Fulda;Hünfeld;21
07d41564-4790-42d2-8ea1-aa2ef884789a;Hessen;36093;DIMB IG Taunus;Landkreis Fulda;Künzell;21
b9e1127b-9bec-4346-becf-e3a64f4f1b89;Hessen;36100;DIMB IG Taunus;Landkreis Fulda;Petersberg;21
1cc59447-90aa-4e8b-bb69-3d78eb8650f8;Hessen;36103;DIMB IG Taunus;Landkreis Fulda;Flieden;21
27ca8e4d-25aa-4d39-9a46-cbfe3375db9b;Hessen;36110;DIMB IG Taunus;Vogelsbergkreis;Schlitz;21
d31c061d-3e69-4d0b-9b2f-9b9854421469;Hessen;36115;DIMB IG Taunus;Landkreis Fulda;Ehrenberg, Hilders;21
3d12e517-dbe0-4035-a485-87715f1b4774;Hessen;36119;DIMB IG Taunus;Landkreis Fulda;Neuhof;21
7b368642-0302-4637-8822-18e5a4b8856b;Hessen;36124;DIMB IG Taunus;Landkreis Fulda;Eichenzell;21
d881ee8f-1eeb-41de-9b11-68ed5fa8aa40;Hessen;36129;DIMB IG Taunus;Landkreis Fulda;Gersfeld;21
c0ed6906-8b70-4717-ab29-c6b607fcf9c1;Hessen;36132;DIMB IG Taunus;Landkreis Fulda;Eiterfeld;21
25c06f71-16c3-4c89-8838-a8bb78ccf466;Hessen;36137;DIMB IG Taunus;Landkreis Fulda;Großenlüder;21
8aeb5f40-dbb4-4e7e-a072-b7160850df08;Hessen;36142;DIMB IG Taunus;Landkreis Fulda;Tann;21
02fc5b25-ef26-48dd-a3e5-7a24cf41075e;Hessen;36145;DIMB IG Taunus;Landkreis Fulda;Hofbieber;21
6aedcdf5-3ce4-441b-b6ce-db38f15e8dcc;Hessen;36148;DIMB IG Taunus;Landkreis Fulda;Kalbach;21
ede6bbfa-4ad6-477e-b7ff-db56ccb290b1;Hessen;36151;DIMB IG Taunus;Landkreis Fulda;Burghaun;21
e555e61d-fee5-42c4-b7b5-1665758c54b5;Hessen;36154;DIMB IG Taunus;Landkreis Fulda;Hosenfeld;21
7d12061a-c10c-4249-8346-36ad126c1bae;Hessen;36157;DIMB IG Taunus;Landkreis Fulda;Ebersburg;21
c7cbceae-f3a8-4b46-b1d3-bf373c7226f7;Hessen;36160;DIMB IG Taunus;Landkreis Fulda;Dipperz;21
e38c25a8-7160-43da-83b4-ed9247b68a92;Hessen;36163;DIMB IG Taunus;Landkreis Fulda;Poppenhausen;21
f3bb50ab-2401-41ee-805e-93471dd036e1;Hessen;36166;DIMB IG Kassel;Landkreis Hersfeld-Rotenburg;Haunetal;45
a9e483fa-9f37-4019-959b-ea1d1f6128fd;Hessen;36167;DIMB IG Taunus;Landkreis Fulda;Nüsttal;21
9ca5fd4e-975e-43ec-9b1c-b9444898c373;Hessen;36169;DIMB IG Taunus;Landkreis Fulda;Rasdorf;21
84b7406f-da63-4732-b81c-ff832c13354a;Hessen;36179;DIMB IG Kassel;Landkreis Hersfeld-Rotenburg;Bebra;45
670bee3f-5f18-4e3d-8ea7-21922ffc7229;Hessen;36199;DIMB IG Kassel;Landkreis Hersfeld-Rotenburg;Rotenburg an der Fulda;45
c1203bac-34aa-46b7-8ec6-b6cfd00498d2;Hessen;36205;DIMB IG Kassel;Werra-Meißner-Kreis;Sontra;45
8112eeb9-0897-4aa3-86d8-1df2499782cb;Hessen;36208;DIMB IG Kassel;Landkreis Hersfeld-Rotenburg;Wildeck;45
f703b9a0-974a-4076-a1b3-3d6d00f303fc;Hessen;36211;DIMB IG Kassel;Landkreis Hersfeld-Rotenburg;Alheim;45
a3c2ecdc-980a-4922-a322-b98beaa1d068;Hessen;36214;DIMB IG Kassel;Landkreis Hersfeld-Rotenburg;Nentershausen;45
538e0be0-ed1c-40b0-863c-1e049cb180ad;Hessen;36217;DIMB IG Kassel;Landkreis Hersfeld-Rotenburg;Ronshausen;45
fbe14289-17ef-4b08-9538-714a750b2763;Hessen;36219;DIMB IG Kassel;Landkreis Hersfeld-Rotenburg;Cornberg;45
acfd387d-64a5-42bd-8d87-c0dcc5dd2807;Hessen;36251;DIMB IG Kassel;Landkreis Hersfeld-Rotenburg;Bad Hersfeld, Ludwigsau;45
6260d78b-0ac6-4805-bf08-b39e445f75d4;Hessen;36266;DIMB IG Kassel;Landkreis Hersfeld-Rotenburg;Heringen;45
edbf08e8-3196-4721-95d1-e3c76f6ac3f0;Hessen;36269;DIMB IG Kassel;Landkreis Hersfeld-Rotenburg;Philippsthal;45
cd97d75e-02d4-45ac-b3fc-afc353b1fce4;Hessen;36272;DIMB IG Kassel;Landkreis Hersfeld-Rotenburg;Niederaula;45
b95fe165-c887-441b-a296-2e2011d36988;Hessen;36275;DIMB IG Kassel;Landkreis Hersfeld-Rotenburg;Kirchheim;45
89bc486f-50c5-4e37-baa9-0289cab18b38;Hessen;36277;DIMB IG Kassel;Landkreis Hersfeld-Rotenburg;Schenklengsfeld;45
b9cd2cbd-9086-43df-920c-7f67c182ebc1;Hessen;36280;DIMB IG Kassel;Schwalm-Eder-Kreis;Oberaula;45
671fc4d4-3e72-4d88-86e3-9459c11b6ba9;Hessen;36282;DIMB IG Kassel;Landkreis Hersfeld-Rotenburg;Hauneck;45
ce8d7d04-206e-4d76-a3c0-204a1ba55f04;Hessen;36284;DIMB IG Kassel;Landkreis Hersfeld-Rotenburg;Hohenroda;45
98da6df4-98c7-4cf7-bf31-9499f149e438;Hessen;36286;DIMB IG Kassel;Landkreis Hersfeld-Rotenburg;Neuenstein;45
40d4e2ee-1d55-4479-ae06-2ae7e207cbcb;Hessen;36287;DIMB IG Kassel;Landkreis Hersfeld-Rotenburg;Breitenbach am Herzberg;45
69949c8d-c553-448d-8288-69fb26ef9ef6;Hessen;36289;DIMB IG Kassel;Landkreis Hersfeld-Rotenburg;Friedewald;45
05cc46ef-5497-48b7-9482-0d33db531dc0;Hessen;36304;DIMB IG Taunus;Vogelsbergkreis;Alsfeld;21
be2d5ad2-786b-4efc-af59-26ffb1c4cf05;Hessen;36318;DIMB IG Taunus;Vogelsbergkreis;Schwalmtal;21
79290a1a-a3ea-4ff2-944c-0c9e1289370e;Hessen;36320;DIMB IG Taunus;Vogelsbergkreis;Kirtorf;21
6a0e8d90-c004-40ff-bb06-4083075474f3;Hessen;36323;DIMB IG Taunus;Vogelsbergkreis;Grebenau;21
755cac8a-8d4c-4eb0-952a-55ae55ced5c7;Hessen;36325;DIMB IG Taunus;Vogelsbergkreis;Feldatal;21
4d060fe0-f88f-41c5-878c-0c61080ba1c8;Hessen;36326;DIMB IG Taunus;Vogelsbergkreis;Antrifttal;21
46ae927d-ebdb-400e-9cf0-c619bb530d10;Hessen;36329;DIMB IG Taunus;Vogelsbergkreis;Romrod;21
b0627207-f028-4c16-9b00-24eabd29f128;Hessen;36341;DIMB IG Taunus;Vogelsbergkreis;Lauterbach;21
62f661da-2895-4d11-882f-5ed27c7719a9;Hessen;36355;DIMB IG Taunus;Vogelsbergkreis;Grebenhain;21
f1fd1405-0159-4d8a-b9c8-8267c449f99b;Hessen;36358;DIMB IG Taunus;Vogelsbergkreis;Herbstein;21
e38747a4-a237-480f-9d91-b494d281ae7a;Hessen;36364;DIMB IG Taunus;Landkreis Fulda;Bad Salzschlirf;21
16c1c78e-cbe0-4bd1-9c09-e1e97f00ce0a;Hessen;36367;DIMB IG Taunus;Vogelsbergkreis;Wartenberg;21
2181cd38-881d-4a86-9f3f-9761660a76a6;Hessen;36369;DIMB IG Taunus;Vogelsbergkreis;Lautertal;21
881d1e7f-b2e8-45c0-80e7-ffe3a7ecb212;Hessen;36381;DIMB IG Hessischer Spessart;Main-Kinzig-Kreis;Schlüchtern;12
c4c50db9-75be-40b0-a352-da4197d5e2cb;Hessen;36391;DIMB IG Hessischer Spessart;Main-Kinzig-Kreis;Sinntal;12
536129dd-c2a1-494a-b1f7-0c81ce0a7ce2;Hessen;36396;DIMB IG Hessischer Spessart;Main-Kinzig-Kreis;Steinau an der Straße;12
fc089962-eb63-4ecb-9e8c-b18c40d9d766;Hessen;36399;DIMB IG Taunus;Vogelsbergkreis;Freiensteinau;21
d1084f47-1f9a-4ebf-b244-3c76bc742691;Thüringen;36404;DIMB IG Thüringen;Wartburgkreis;Dermbach,Oechsen, Unterbreizbach, Vacha;1
9c405987-de28-4c24-a720-fd74bab2f234;Thüringen;36414;DIMB IG Thüringen;Wartburgkreis;Unterbreizbach;1
11cd2122-d688-4076-a165-e77dc4937969;Thüringen;36419;DIMB IG Thüringen;Wartburgkreis;Buttlar, Geisa, Gerstengrund, Schleid;1
e008777f-c45b-47d5-8060-d5b1c2aa6f9b;Thüringen;36433;DIMB IG Thüringen;Wartburgkreis;Bad Salzungen, Leimbach, Moorgrund;1
534f8b67-5b5a-43aa-ad35-e259d7ab83cb;Thüringen;36448;DIMB IG Thüringen;Wartburgkreis;Bad Liebenstein;1
5622cb56-055b-460f-9b78-d87fc7a6e6cf;Thüringen;36452;DIMB IG Thüringen;Wartburgkreis;Dermbach, Empfertshausen, Kaltennordheim;1
b6e7d7e0-6d56-4ebd-a594-2714546846f6;Thüringen;36456;DIMB IG Thüringen;Wartburgkreis;Barchfeld-Immelborn;1
a0dc0a28-6c4a-4e34-a27c-dd60ac260706;Thüringen;36457;DIMB IG Thüringen;Wartburgkreis;Dermbach, Weilar;1
e1f7e5ad-b125-4c04-96ea-73aeaf28561d;Thüringen;36460;DIMB IG Thüringen;Wartburgkreis;Bad Salzungen, Krayenberggemeinde;1
58712238-3a9b-4b82-9de3-53d83588b84b;Thüringen;36466;DIMB IG Thüringen;Wartburgkreis;Dermbach, Wiesenthal;1
913d0bcd-71cd-4bc9-83fb-35028de2ec3b;Thüringen;36469;DIMB IG Thüringen;Wartburgkreis;Bad Salzungen;1
6c84ef43-bcb8-433d-a796-22d14dd8008f;Niedersachsen;37073;DIMB IG Harz;Landkreis Göttingen;Göttingen;41
4cc30dc3-c4f2-4132-a9de-ad79bff41c96;Niedersachsen;37075;DIMB IG Harz;Landkreis Göttingen;Göttingen;41
1344e710-5f01-4439-be2c-382e8ba954db;Niedersachsen;37077;DIMB IG Harz;Landkreis Göttingen;Göttingen;41
37ee03f2-9157-4dc0-ac9f-ee6b9b89bd21;Niedersachsen;37079;DIMB IG Harz;Landkreis Göttingen;Göttingen;41
4417e871-00e6-479f-8085-538fe52053e4;Niedersachsen;37081;DIMB IG Harz;Landkreis Göttingen;Göttingen;41
8aadbf6a-fb20-454d-92b7-b662f515120e;Niedersachsen;37083;DIMB IG Harz;Landkreis Göttingen;Göttingen;41
256b9788-2d84-423d-8217-80feb82ad75e;Niedersachsen;37085;DIMB IG Harz;Landkreis Göttingen;Göttingen;41
49fb8dde-c06f-4ccb-8454-7e8bfa7d5c47;Niedersachsen;37115;DIMB IG Harz;Landkreis Göttingen;Duderstadt;41
a47a7540-4408-4c4e-afdc-bf0a6ec35ebe;Niedersachsen;37120;DIMB IG Harz;Landkreis Göttingen;Bovenden;41
669bfa39-5f4f-4f6d-840c-1dcd80f65088;Niedersachsen;37124;DIMB IG Harz;Landkreis Göttingen;Rosdorf;41
b13b2d04-8209-43c1-ac1d-83db6d62646a;Niedersachsen;37127;DIMB IG Harz;Landkreis Göttingen;Bühren, Dransfeld, Jühnde, Niemetal, Scheden;41
44475ec5-97eb-4183-b9b3-f45778efe436;Niedersachsen;37130;DIMB IG Harz;Landkreis Göttingen;Gleichen;41
55e86978-e4a2-4042-8c67-e2dffaedcbac;Niedersachsen;37133;DIMB IG Harz;Landkreis Göttingen;Friedland;41
7f25f562-e383-4be3-9dc3-d4b262303517;Niedersachsen;37136;DIMB IG Harz;Landkreis Göttingen;Ebergötzen, Landolfshausen, Seeburg, Seulingen, Waake;41
fb9f7af5-d4d6-4f46-9caf-52e7767acb2a;Niedersachsen;37139;DIMB IG Harz;Landkreis Göttingen;Adelebsen;41
27aea63d-9955-4572-b8a2-0aa1a8a0e683;Niedersachsen;37197;DIMB IG Harz;Landkreis Göttingen;Hattorf am Harz;41
75753106-993f-4b73-b4f4-44ae2b11fd57;Niedersachsen;37199;DIMB IG Harz;Landkreis Göttingen;Wulften am Harz;41
c70d8031-3f25-41d9-b523-4a16543ab9a1;Hessen;37213;DIMB IG Kassel;Werra-Meißner-Kreis;Witzenhausen;45
0cb2ccc1-d8f3-4f7b-b63f-7423fd32de03;Hessen;37214;DIMB IG Kassel;Werra-Meißner-Kreis;Witzenhausen;45
f0b3bc5e-a5a8-4191-9e98-c9b9af20706d;Hessen;37215;DIMB IG Kassel;Werra-Meißner-Kreis;Witzenhausen;45
3aacca53-a2cc-4b74-85fc-b2d32e5eeab9;Hessen;37216;DIMB IG Kassel;Werra-Meißner-Kreis;Witzenhausen;45
ddb75067-870e-40be-8341-a2f9b3122adc;Hessen;37217;DIMB IG Kassel;Werra-Meißner-Kreis;Witzenhausen;45
557101fe-4377-4d23-9cec-b95f3e7872fa;Hessen;37218;DIMB IG Kassel;Werra-Meißner-Kreis;Witzenhausen;45
23388590-8475-4d04-8e0d-7d98fa6cec68;Hessen;37235;DIMB IG Kassel;Werra-Meißner-Kreis;Hessisch Lichtenau;45
cb91a350-197e-4f79-bdc8-e6930af175d8;Hessen;37242;DIMB IG Kassel;Werra-Meißner-Kreis;Bad Sooden-Allendorf;45
7902985f-e3f4-4af5-93d7-48f4c69352c4;Hessen;37247;DIMB IG Kassel;Werra-Meißner-Kreis;Großalmerode;45
756b4c61-d9ef-481e-b198-90dd4d6969fe;Hessen;37249;DIMB IG Kassel;Werra-Meißner-Kreis;Neu-Eichenberg;45
df0967a2-e800-4274-b11e-0434c0e04434;Hessen;37269;DIMB IG Kassel;Werra-Meißner-Kreis;Eschwege;45
5daba0f1-b1c0-4461-9946-cb1ba482b59d;Hessen;37276;DIMB IG Kassel;Werra-Meißner-Kreis;Meinhard;45
83b68e5f-6f58-4c69-a910-916a8da49f43;Hessen;37281;DIMB IG Kassel;Werra-Meißner-Kreis;Wanfried;45
6099ffc8-9949-4ce7-a43f-18461cfe8dd6;Hessen;37284;DIMB IG Kassel;Werra-Meißner-Kreis;Waldkappel;45
6fdc17b2-1284-4ae7-9d83-a53bd9db3089;Hessen;37287;DIMB IG Kassel;Werra-Meißner-Kreis;Wehretal;45
be5a665e-d780-4d10-8951-1082062f657d;Hessen;37290;DIMB IG Kassel;Werra-Meißner-Kreis;Meißner;45
06c58f68-a033-4905-956f-4b1bf5eb4381;Hessen;37293;DIMB IG Kassel;Werra-Meißner-Kreis;Herleshausen;45
0b3c0372-5479-42a2-9879-e3fd48cc1dc5;Hessen;37296;DIMB IG Kassel;Werra-Meißner-Kreis;Ringgau;45
d9647f1e-ac63-4f58-b174-bafbb4139f0e;Hessen;37297;DIMB IG Kassel;Werra-Meißner-Kreis;Berkatal;45
406b03b7-dc20-4cb4-9cfd-bb49c0c8d59e;Hessen;37299;DIMB IG Kassel;Werra-Meißner-Kreis;Weißenborn;45
61007401-2b7c-4238-bfd7-a1c3ec397f7d;Thüringen;37308;DIMB IG Thüringen;Landkreis Eichsfeld;Bodenrode-Westhausen, Geisleden, Geismar, Glasehausen, Heilbad Heiligenstadt, Heuthen, Hohes Kreuz, Kella, Krombach, Pfaffschwende, Reinholterode, Schimberg, Sickerode, Steinbach, Volkerode, Wiesenfeld;1
9e31971c-2582-4a17-bdcf-57f30df75a58;Thüringen;37318;DIMB IG Thüringen;Landkreis Eichsfeld;Arenshausen, Asbach-Sickenberg, Birkenfelde, Bornhagen, Burgwalde, Dieterode, Dietzenrode/Vatterode, Eichstruth, Freienhagen, Fretterode, Gerbershausen, Hohengandern, Kirchgandern, Lenterode, Lindewerra, Lutter, Mackenrode, Marth, Rohrberg, Röhrig, Rustenfelde, Schachtebich, Schönhagen, Schwobfeld, Steinheuterode, Thalwenden, Uder, Wahlhausen, Wüstheuterode;1
a3b65dc6-a752-4b71-b09c-be7dd5bc0d18;Thüringen;37327;DIMB IG Thüringen;Landkreis Eichsfeld;Leinefelde-Worbis, Niederorschel, Wingerode;1
ff00c301-c2bc-472c-bf7e-7169c25373b1;Thüringen;37339;DIMB IG Thüringen;Landkreis Eichsfeld;Berlingerode, Brehme, Breitenworbis, Buhla, Ecklingerode, Ferna, Gernrode,Haynrode, Kirchworbis, Leinefelde-Worbis, Tastungen, Teistungen, Wehnde;1
20b5f5b5-79c4-4863-af3b-ca8c0786b95a;Thüringen;37345;DIMB IG Thüringen;Landkreis Eichsfeld;Am Ohmberg, Sonnenstein;1
9bc607ff-c825-40b5-a085-c494fd91846c;Thüringen;37351;DIMB IG Thüringen;Landkreis Eichsfeld;Dingelstädt;1
4147356b-e61a-4f71-9893-b9399677a8b0;Thüringen;37355;DIMB IG Thüringen;Landkreis Eichsfeld;Niederorschel;1
e180cfa6-2060-4037-811a-80513ba0cf5a;Thüringen;37359;DIMB IG Thüringen;Landkreis Eichsfeld;Büttstedt, Effelder, Großbartloff, Küllstedt, Wachstedt;1
45143a88-448a-4b8c-acf5-75d005bfec58;Niedersachsen;37412;DIMB IG Harz;Landkreis Göttingen;Elbingerode, Herzberg am Harz, Hörden am Harz;41
4c18c3d8-6178-4aee-a475-3be32fd8a24d;Niedersachsen;37431;DIMB IG Harz;Landkreis Göttingen;Bad Lauterberg;41
cbc38023-04a1-40c6-a784-8bb8b1c9e744;Niedersachsen;37434;DIMB IG Harz;Landkreis Göttingen;Bilshausen, Bodensee, Gieboldehausen, Herzberg am Harz, Krebeck, Obernfeld, Rhumspringe, Rollshausen, Rüdershausen, Wollbrandshausen, Wollershausen;41
ffbf9317-99ab-42a3-93b9-578ddcebfcd8;Niedersachsen;37441;DIMB IG Harz;Landkreis Göttingen;Bad Sachsa;41
ebef0e64-46e7-46c4-9b11-c86ccbe07be7;Niedersachsen;37444;DIMB IG Harz;Landkreis Goslar;Braunlage;41
998f971f-4bd1-4194-aec0-15282621f053;Niedersachsen;37445;DIMB IG Harz;Landkreis Göttingen;Walkenried;41
770db7e1-d821-4269-ba6f-9b967f944a16;Niedersachsen;37520;DIMB IG Harz;Landkreis Göttingen;Osterode;41
b43d03ca-0886-4ddf-85b8-bf2df1c91f5f;Niedersachsen;37539;DIMB IG Harz;Landkreis Göttingen;Bad Grund;41
bb037611-0879-44b0-bc00-b7043ee186d4;Nordrhein-Westfalen;37671;DIMB IG Eggegebirge;Kreis Höxter;Höxter;110
308565fd-93b0-44d2-998c-17c5dc502bd0;Nordrhein-Westfalen;37688;DIMB IG Eggegebirge;Kreis Höxter;Beverungen;110
44313ac6-1370-4d9f-88ba-25dd298ce0bf;Nordrhein-Westfalen;37696;DIMB IG Eggegebirge;Kreis Höxter;Marienmünster;110
bae4e73f-aade-4c6b-b6c2-c199e72c8824;Niedersachsen;38640;DIMB IG Harz;Landkreis Goslar;Goslar;41
61606f90-e85a-4bc5-bec5-0e614882394f;Niedersachsen;38642;DIMB IG Harz;Landkreis Goslar;Goslar;41
c09e56b3-7570-407b-82ac-08eb65d50d66;Niedersachsen;38644;DIMB IG Harz;Landkreis Goslar;Goslar;41
5ac54018-5b0c-4f6f-86c0-4f397292956c;Niedersachsen;38667;DIMB IG Harz;Landkreis Goslar;Bad Harzburg, Clausthal-Zellerfeld;41
cdf3d2b7-d71e-442d-a65f-dd5744da7a48;Niedersachsen;38678;DIMB IG Harz;Landkreis Goslar;Clausthal-Zellerfeld;41
9fb3d6ac-cf6c-412a-be47-66d73b4bfb65;Niedersachsen;38685;DIMB IG Harz;Landkreis Goslar;Langelsheim;41
a99dbd73-7c1d-45a6-baf5-d508c4cc1670;Niedersachsen;38690;DIMB IG Harz;Landkreis Goslar;Goslar;41
c031c21e-5e83-43e5-9034-6d5b5d1bd238;Niedersachsen;38700;DIMB IG Harz;Landkreis Goslar;Braunlage;41
4c614c1c-3b75-4d0f-abc8-b6c26edd4eb1;Niedersachsen;38704;DIMB IG Harz;Landkreis Goslar;Liebenburg;41
d0d74085-1683-4d2e-bce3-bf93d0a3f53b;Niedersachsen;38707;DIMB IG Harz;Landkreis Goslar;Clausthal-Zellerfeld;41
cbdb9fb5-3d94-4038-bc99-02b0a60562f7;Niedersachsen;38709;DIMB IG Harz;Landkreis Goslar;Clausthal-Zellerfeld;41
7a2a9437-785a-4b24-8e12-6ca2e99c9263;Niedersachsen;38723;DIMB IG Harz;Landkreis Goslar;Seesen;41
9cbda1a4-2c6b-4438-ad2c-120c57e45644;Niedersachsen;38729;DIMB IG Harz;Landkreis Goslar;Hahausen, Lutter am Barenberge, Wallmoden;41
bf3ab70e-4cba-4606-9fa4-30c6b6e36501;Nordrhein-Westfalen;40472;DIMB IG Köln;Kreis Mettmann;Ratingen;34
29336d15-498f-45ea-a9a9-aa4cc205e5d6;Nordrhein-Westfalen;40699;DIMB IG Köln;Kreis Mettmann;Erkrath;34
54b038ac-2c15-4238-bab3-04f4b6ee85a8;Nordrhein-Westfalen;40723;DIMB IG Köln;Kreis Mettmann;Hilden;34
e35bdb62-5c47-4a4d-a5a6-dad759aa2ae5;Nordrhein-Westfalen;40724;DIMB IG Köln;Kreis Mettmann;Hilden;34
654d924e-f371-4917-aaea-92a8ed62ae4f;Nordrhein-Westfalen;40764;DIMB IG Köln;Kreis Mettmann;Langenfeld (Rheinland);34
057c7539-1eef-494b-ac82-bb6c2b7f1afc;Nordrhein-Westfalen;40789;DIMB IG Köln;Kreis Mettmann;Monheim am Rhein;34
d57b4fcb-3a9d-41c4-8c44-64e1815cb640;Nordrhein-Westfalen;40822;DIMB IG Köln;Kreis Mettmann;Mettmann;34
663e249b-15b4-4409-86fa-09c29c467050;Nordrhein-Westfalen;40878;DIMB IG Köln;Kreis Mettmann;Ratingen;34
427737f2-ca40-4c04-8ab6-42f0018a02e7;Nordrhein-Westfalen;40880;DIMB IG Köln;Kreis Mettmann;Ratingen;34
3aa6d649-3151-447d-80e6-daf43da35f6c;Nordrhein-Westfalen;40882;DIMB IG Köln;Kreis Mettmann;Ratingen;34
15864cd0-e2fa-4d82-9470-4b66e47b9896;Nordrhein-Westfalen;40883;DIMB IG Köln;Kreis Mettmann;Ratingen;34
dce1636f-70f3-4b1d-b63f-13e4e6dc0597;Nordrhein-Westfalen;40885;DIMB IG Köln;Kreis Mettmann;Ratingen;34
97422261-9a45-4e62-97be-93f4107d3297;Nordrhein-Westfalen;42489;DIMB IG Köln;Kreis Mettmann;Wülfrath;34
e23bb490-a55c-46c8-87f0-5ff3d90a37a0;Nordrhein-Westfalen;42549;DIMB IG Köln;Kreis Mettmann;Velbert;34
40272922-39d5-45c7-afd7-79b5bb45b4f3;Nordrhein-Westfalen;42551;DIMB IG Köln;Kreis Mettmann;Velbert;34
b51cc2fe-137e-4e89-b4f3-449bbff1cdb4;Nordrhein-Westfalen;42553;DIMB IG Köln;Kreis Mettmann;Velbert;34
17989b95-92a2-4bd9-9d20-f54c354e0ac9;Nordrhein-Westfalen;42555;DIMB IG Köln;Kreis Mettmann;Velbert;34
952c0719-9424-4928-b3c9-96ec4dac60b2;Nordrhein-Westfalen;42579;DIMB IG Köln;Kreis Mettmann;Heiligenhaus;34
db774ecf-a98c-4111-9772-ac204b2b377c;Nordrhein-Westfalen;42651;DIMB IG Köln;Solingen;Solingen;34
3a67bd8c-ade1-4ab0-99dc-5081d62694aa;Nordrhein-Westfalen;42653;DIMB IG Köln;Solingen;Solingen;34
22fd60a2-e03a-4ed7-baee-9c8490ff1a52;Nordrhein-Westfalen;42655;DIMB IG Köln;Solingen;Solingen;34
e1acc6cf-81d3-4104-be91-67d4e2c8937a;Nordrhein-Westfalen;42657;DIMB IG Köln;Solingen;Solingen;34
65ab682b-db1f-4673-a0c3-d177d2871203;Nordrhein-Westfalen;42659;DIMB IG Köln;Solingen;Solingen;34
0af86bcd-148c-4f2b-a520-3dcef8d5b0cd;Nordrhein-Westfalen;42697;DIMB IG Köln;Solingen;Solingen;34
e0e6237d-34ba-447a-b190-91783ec88195;Nordrhein-Westfalen;42699;DIMB IG Köln;Solingen;Solingen;34
61569600-704a-44fc-9116-017c5d1aeab4;Nordrhein-Westfalen;42719;DIMB IG Köln;Solingen;Solingen;34
f4f58cce-f0a5-4d64-9270-31c648a2085e;Nordrhein-Westfalen;42781;DIMB IG Köln;Kreis Mettmann;Haan;34
beb382ae-2a6a-4f49-935c-8386295e44a8;Nordrhein-Westfalen;44135;DIMB IG Ruhrgebiet;Dortmund;Dortmund;79
9ab3ba1f-18d5-4a87-a82c-6bd920520801;Nordrhein-Westfalen;44137;DIMB IG Ruhrgebiet;Dortmund;Dortmund;79
a53f9086-97ee-4c08-b1b8-cd39f58b7b31;Nordrhein-Westfalen;44139;DIMB IG Ruhrgebiet;Dortmund;Dortmund;79
1656757f-2a45-4624-a9cc-99f539d58e47;Nordrhein-Westfalen;44141;DIMB IG Ruhrgebiet;Dortmund;Dortmund;79
3b52eac8-a6ca-4739-842a-511b483ef390;Nordrhein-Westfalen;44143;DIMB IG Ruhrgebiet;Dortmund;Dortmund;79
b1d664f9-03de-4269-83df-6ee9505ed119;Nordrhein-Westfalen;44145;DIMB IG Ruhrgebiet;Dortmund;Dortmund;79
fee3d23d-3510-45e9-ac52-ba7b4e33032e;Nordrhein-Westfalen;44147;DIMB IG Ruhrgebiet;Dortmund;Dortmund;79
71b1657b-8803-4902-8c66-8e66ab5b4192;Nordrhein-Westfalen;44149;DIMB IG Ruhrgebiet;Dortmund;Dortmund;79
cbc7cc17-69a3-4cc4-91fb-11534542be34;Nordrhein-Westfalen;44225;DIMB IG Ruhrgebiet;Dortmund;Dortmund;79
e4276b0c-b61c-4c4c-8a95-e9f3b1870509;Nordrhein-Westfalen;44227;DIMB IG Ruhrgebiet;Dortmund;Dortmund;79
1c2fbabe-0390-4253-8764-4b81cddec6dc;Nordrhein-Westfalen;44229;DIMB IG Ruhrgebiet;Dortmund;Dortmund;79
fc8d3017-d32d-4836-9dea-8902d498e56d;Nordrhein-Westfalen;44263;DIMB IG Ruhrgebiet;Dortmund;Dortmund;79
3f652299-7acc-47e6-9250-1a6a0bc1329e;Nordrhein-Westfalen;44265;DIMB IG Ruhrgebiet;Dortmund;Dortmund;79
e2ccc507-7ba4-4f93-9d08-0365a5cc3784;Nordrhein-Westfalen;44267;DIMB IG Ruhrgebiet;Dortmund;Dortmund;79
36adc76a-be0f-46ea-8082-a58c3b7eac4a;Nordrhein-Westfalen;44269;DIMB IG Ruhrgebiet;Dortmund;Dortmund;79
7de7f62f-8b7a-491b-8aa4-aa358cf20b1f;Nordrhein-Westfalen;44287;DIMB IG Ruhrgebiet;Dortmund;Dortmund;79
1d4c0c0f-f717-4a28-87ca-a022fb78563d;Nordrhein-Westfalen;44289;DIMB IG Ruhrgebiet;Dortmund;Dortmund;79
be6a2820-d0e9-41a7-a33e-f4a3cde360fb;Nordrhein-Westfalen;44309;DIMB IG Ruhrgebiet;Dortmund;Dortmund;79
65d3ee58-5a29-49a3-8040-13eb252c59d7;Nordrhein-Westfalen;44319;DIMB IG Ruhrgebiet;Dortmund;Dortmund;79
316de670-c61a-42f2-86a0-03eb8ff0bda7;Nordrhein-Westfalen;44328;DIMB IG Ruhrgebiet;Dortmund;Dortmund;79
108f5a34-687c-4f29-8e2d-0e4707f79b63;Nordrhein-Westfalen;44329;DIMB IG Ruhrgebiet;Dortmund;Dortmund;79
daa61ace-c58e-4eb2-bf20-9fc4a8d6bc91;Nordrhein-Westfalen;44339;DIMB IG Ruhrgebiet;Dortmund;Dortmund;79
973f0d71-5ee4-4300-aefd-e0f827d31384;Nordrhein-Westfalen;44357;DIMB IG Ruhrgebiet;Dortmund;Dortmund;79
9cdf1a5e-1d54-4adb-ba4c-d24baa213fda;Nordrhein-Westfalen;44359;DIMB IG Ruhrgebiet;Dortmund;Dortmund;79
8893681b-b74e-4b7f-bd45-6fbda34b897f;Nordrhein-Westfalen;44369;DIMB IG Ruhrgebiet;Dortmund;Dortmund;79
8799cfba-fbcb-448e-8fc4-374d8f10fedc;Nordrhein-Westfalen;44379;DIMB IG Ruhrgebiet;Dortmund;Dortmund;79
89d17d38-593e-43bc-a4c6-4493f02f5f28;Nordrhein-Westfalen;44388;DIMB IG Ruhrgebiet;Dortmund;Dortmund;79
26347961-0ab8-49da-8d5d-02b021995d46;Nordrhein-Westfalen;44532;DIMB IG Ruhrgebiet;Kreis Unna;Lünen;79
d0aa3942-0917-4a1b-8573-0afcea7383f8;Nordrhein-Westfalen;44534;DIMB IG Ruhrgebiet;Kreis Unna;Lünen;79
f80ecd22-2fb7-4e0d-93f5-9ed5d851eea8;Nordrhein-Westfalen;44536;DIMB IG Ruhrgebiet;Kreis Unna;Lünen;79
ff450da1-2fa5-4ed9-9939-26c8f5c1148a;Nordrhein-Westfalen;44575;DIMB IG Ruhrgebiet;Kreis Recklinghausen;Castrop-Rauxel;79
fec63311-0f6a-4902-8ddf-e2549cbd5176;Nordrhein-Westfalen;44577;DIMB IG Ruhrgebiet;Kreis Recklinghausen;Castrop-Rauxel;79
89664ab7-aa5f-4f95-b68e-007301c09351;Nordrhein-Westfalen;44579;DIMB IG Ruhrgebiet;Kreis Recklinghausen;Castrop-Rauxel;79
748f05bd-b9a0-42da-a007-7e01e10d80b5;Nordrhein-Westfalen;44581;DIMB IG Ruhrgebiet;Kreis Recklinghausen;Castrop-Rauxel;79
76deffcb-de50-4614-bbfa-431d6397df80;Nordrhein-Westfalen;44623;DIMB IG Ruhrgebiet;Herne;Herne;79
6759ce48-b1e8-4ad0-a5b4-9e3ac79f1edd;Nordrhein-Westfalen;44625;DIMB IG Ruhrgebiet;Herne;Herne;79
c9684bcd-0231-49a1-9064-e967813501aa;Nordrhein-Westfalen;44627;DIMB IG Ruhrgebiet;Herne;Herne;79
d57a9364-b4bb-4f3f-8bfa-c025e4789ddc;Nordrhein-Westfalen;44628;DIMB IG Ruhrgebiet;Herne;Herne;79
9bf038dd-2467-4650-aaab-f8b26d1557bf;Nordrhein-Westfalen;44629;DIMB IG Ruhrgebiet;Herne;Herne;79
1fd954df-2c60-4514-8074-57bc1230bf25;Nordrhein-Westfalen;44649;DIMB IG Ruhrgebiet;Herne;Herne;79
0167b68b-acfd-4e53-9315-c3ade28726bc;Nordrhein-Westfalen;44651;DIMB IG Ruhrgebiet;Herne;Herne;79
9ee0ab5b-8c59-43f9-a7ca-24efb54e8d4e;Nordrhein-Westfalen;44652;DIMB IG Ruhrgebiet;Herne;Herne;79
4134c697-c65b-4eb7-bbce-9c8020c62d08;Nordrhein-Westfalen;44653;DIMB IG Ruhrgebiet;Herne;Herne;79
e52f259e-5505-4646-b290-572d6ad579fa;Nordrhein-Westfalen;44787;DIMB IG Ruhrgebiet;Bochum;Bochum;79
22406994-c925-40a3-906e-a07d9fe9b932;Nordrhein-Westfalen;44789;DIMB IG Ruhrgebiet;Bochum;Bochum;79
37b455b8-e391-4244-a883-30fcb7433c5f;Nordrhein-Westfalen;44791;DIMB IG Ruhrgebiet;Bochum;Bochum;79
611efd05-7808-486f-8aed-cf2e2bb22465;Nordrhein-Westfalen;44793;DIMB IG Ruhrgebiet;Bochum;Bochum;79
ebbdfc62-3be9-4380-821b-d7693a6bec36;Nordrhein-Westfalen;44795;DIMB IG Ruhrgebiet;Bochum;Bochum;79
6b78e05e-93ca-4a3a-a874-4012bfb0fe6d;Nordrhein-Westfalen;44797;DIMB IG Ruhrgebiet;Bochum;Bochum;79
2fbe683a-c846-49c8-b53b-9a18a6caceb0;Nordrhein-Westfalen;44799;DIMB IG Ruhrgebiet;Bochum;Bochum;79
5a758fb0-2329-4dcd-9880-974a74f22d73;Nordrhein-Westfalen;44801;DIMB IG Ruhrgebiet;Bochum;Bochum;79
2a1dd21b-da6c-486f-920c-2bb54c6dac06;Nordrhein-Westfalen;44803;DIMB IG Ruhrgebiet;Bochum;Bochum;79
a9e6b081-fa8a-471d-a175-e5bab6eac24f;Nordrhein-Westfalen;44805;DIMB IG Ruhrgebiet;Bochum;Bochum;79
739025b0-8ca5-43ca-8d00-9204011182e7;Nordrhein-Westfalen;44807;DIMB IG Ruhrgebiet;Bochum;Bochum;79
25cc84c3-8d90-4861-b807-8361438b2e3d;Nordrhein-Westfalen;44809;DIMB IG Ruhrgebiet;Bochum;Bochum;79
6bdb16e9-230b-4d80-bc7c-1ebf9f8d188e;Nordrhein-Westfalen;44866;DIMB IG Ruhrgebiet;Bochum;Bochum;79
7591490f-b5a8-4a12-89ba-0c0b1aabc9aa;Nordrhein-Westfalen;44867;DIMB IG Ruhrgebiet;Bochum;Bochum;79
34cece14-5dfc-4774-a858-785a54694563;Nordrhein-Westfalen;44869;DIMB IG Ruhrgebiet;Bochum;Bochum;79
ec453026-0eb9-4e20-995b-76fedb0a9638;Nordrhein-Westfalen;44879;DIMB IG Ruhrgebiet;Bochum;Bochum;79
239d4734-dc8c-47d4-9b0c-3fab37695164;Nordrhein-Westfalen;44892;DIMB IG Ruhrgebiet;Bochum;Bochum;79
ea6af12d-e4c9-438a-9cc8-845965dc56db;Nordrhein-Westfalen;44894;DIMB IG Ruhrgebiet;Bochum;Bochum;79
158d0bd5-63e0-4137-9981-382079ad10e4;Nordrhein-Westfalen;45127;DIMB IG Ruhrgebiet;Essen;Essen;79
97f982c0-97ab-4a76-97ce-46b83b1ff2cf;Nordrhein-Westfalen;45128;DIMB IG Ruhrgebiet;Essen;Essen;79
6518630d-2b5b-48e3-9f0e-d240bef5da14;Nordrhein-Westfalen;45130;DIMB IG Ruhrgebiet;Essen;Essen;79
879a49c4-5151-4352-a406-e10972d95272;Nordrhein-Westfalen;45131;DIMB IG Ruhrgebiet;Essen;Essen;79
17aa2d45-cb5b-4b8e-9653-d24f3b756668;Nordrhein-Westfalen;45133;DIMB IG Ruhrgebiet;Essen;Essen;79
b26626f3-05a3-4f6f-978e-4118d12dd840;Nordrhein-Westfalen;45134;DIMB IG Ruhrgebiet;Essen;Essen;79
63e7e4c7-26e3-4989-b0b6-b5e408c99a4d;Nordrhein-Westfalen;45136;DIMB IG Ruhrgebiet;Essen;Essen;79
c064081c-f2d0-4110-a7df-20244deaecdb;Nordrhein-Westfalen;45138;DIMB IG Ruhrgebiet;Essen;Essen;79
f3ab29b9-4b03-4552-b0a6-2e2de2a85df6;Nordrhein-Westfalen;45139;DIMB IG Ruhrgebiet;Essen;Essen;79
8dedd504-14ec-4b65-91a6-cc8ec5d43a4a;Nordrhein-Westfalen;45141;DIMB IG Ruhrgebiet;Essen;Essen;79
e9a25bd3-108d-466d-a0ec-8d5ecf294197;Nordrhein-Westfalen;45143;DIMB IG Ruhrgebiet;Essen;Essen;79
bed94527-8d80-4aa8-8040-ebcca7c6fe49;Nordrhein-Westfalen;45144;DIMB IG Ruhrgebiet;Essen;Essen;79
ef6654d0-2d27-4ba5-a7e6-152681fd03c2;Nordrhein-Westfalen;45145;DIMB IG Ruhrgebiet;Essen;Essen;79
ce08e8c3-3ccf-4fbe-b120-5323ea050094;Nordrhein-Westfalen;45147;DIMB IG Ruhrgebiet;Essen;Essen;79
7aa81a69-918e-4b27-ab6a-a27fbeed9e5b;Nordrhein-Westfalen;45149;DIMB IG Ruhrgebiet;Essen;Essen;79
fa728827-ba35-4c11-845e-3fcd562706d9;Nordrhein-Westfalen;45219;DIMB IG Ruhrgebiet;Essen;Essen;79
a3dcced3-b0c2-4fb3-aefa-5ebd5f1700f6;Nordrhein-Westfalen;45239;DIMB IG Ruhrgebiet;Essen;Essen;79
24bbbb61-041d-40fd-9b87-e002d2c474bd;Nordrhein-Westfalen;45257;DIMB IG Ruhrgebiet;Essen;Essen;79
3ac6ac1b-6b2f-431e-af5f-16a2fb5c22a1;Nordrhein-Westfalen;45259;DIMB IG Ruhrgebiet;Essen;Essen;79
a1da478e-a819-475f-a5c5-c338e022219d;Nordrhein-Westfalen;45276;DIMB IG Ruhrgebiet;Essen;Essen;79
61ad6990-425a-4ffb-b4fd-f66b7f4462ad;Nordrhein-Westfalen;45277;DIMB IG Ruhrgebiet;Essen;Essen;79
6f48cbf1-d72f-415a-96ca-b0a27b2c81d3;Nordrhein-Westfalen;45279;DIMB IG Ruhrgebiet;Essen;Essen;79
22c4194d-4960-40b1-be00-0642adcc3dd7;Nordrhein-Westfalen;45289;DIMB IG Ruhrgebiet;Essen;Essen;79
ff58755f-953a-4aac-9f00-3ba73f9d14c0;Nordrhein-Westfalen;45307;DIMB IG Ruhrgebiet;Essen;Essen;79
2e3905dc-27f5-4038-895f-12ab85cc6164;Nordrhein-Westfalen;45309;DIMB IG Ruhrgebiet;Essen;Essen;79
a2affa79-1772-41b5-8e3e-80d765ba6111;Nordrhein-Westfalen;45326;DIMB IG Ruhrgebiet;Essen;Essen;79
d887d734-744f-4cfb-984f-2a914e30c9e3;Nordrhein-Westfalen;45327;DIMB IG Ruhrgebiet;Essen;Essen;79
1dd4d839-8df5-4524-b836-33caecbeb1b1;Nordrhein-Westfalen;45329;DIMB IG Ruhrgebiet;Essen;Essen;79
56ebd538-0011-4049-87a9-384c738aedb8;Nordrhein-Westfalen;45355;DIMB IG Ruhrgebiet;Essen;Essen;79
81ec0f2e-d648-4230-958e-8ba4e8426a28;Nordrhein-Westfalen;45356;DIMB IG Ruhrgebiet;Essen;Essen;79
4073e1d8-ea67-43eb-9192-06013f634e3d;Nordrhein-Westfalen;45357;DIMB IG Ruhrgebiet;Essen;Essen;79
271eb3d4-bfb4-425b-9377-d299784a7c3e;Nordrhein-Westfalen;45359;DIMB IG Ruhrgebiet;Essen;Essen;79
ebc5f1bf-c7c8-41e8-959e-c395d6ce978e;Nordrhein-Westfalen;45468;DIMB IG Ruhrgebiet;Mülheim an der Ruhr;Mülheim an der Ruhr;79
f0c63374-bdda-4d38-ae7a-60bf12be48bc;Nordrhein-Westfalen;45470;DIMB IG Ruhrgebiet;Mülheim an der Ruhr;Mülheim an der Ruhr;79
32dfdb33-2c67-4cca-9d49-a5504b35c923;Nordrhein-Westfalen;45472;DIMB IG Ruhrgebiet;Mülheim an der Ruhr;Mülheim an der Ruhr;79
7e868653-16e6-40d7-9963-5a97c7c760bc;Nordrhein-Westfalen;45473;DIMB IG Ruhrgebiet;Mülheim an der Ruhr;Mülheim an der Ruhr;79
d54a62a4-2ecb-408e-bf51-cc85ae179dd5;Nordrhein-Westfalen;45475;DIMB IG Ruhrgebiet;Mülheim an der Ruhr;Mülheim an der Ruhr;79
fbc06772-d544-4014-b936-54e9cb74dc6d;Nordrhein-Westfalen;45476;DIMB IG Ruhrgebiet;Mülheim an der Ruhr;Mülheim an der Ruhr;79
3dc207d7-6312-4fef-9490-3044cb1b3bfc;Nordrhein-Westfalen;45478;DIMB IG Ruhrgebiet;Mülheim an der Ruhr;Mülheim an der Ruhr;79
4f41917b-b525-4090-b28e-900dbc483dab;Nordrhein-Westfalen;45479;DIMB IG Ruhrgebiet;Mülheim an der Ruhr;Mülheim an der Ruhr;79
2f896506-67c4-41de-befc-70ac3210dd13;Nordrhein-Westfalen;45481;DIMB IG Ruhrgebiet;Mülheim an der Ruhr;Mülheim an der Ruhr;79
4b255a89-7a31-4f9b-9a35-7c88f8455315;Nordrhein-Westfalen;45525;DIMB IG Ruhrgebiet;Ennepe-Ruhr-Kreis;Hattingen;79
eb14dc6c-579a-4885-9cc9-14c74601747c;Nordrhein-Westfalen;45527;DIMB IG Ruhrgebiet;Ennepe-Ruhr-Kreis;Hattingen;79
0d24990f-19da-46cc-8a59-d9ff1a4f2998;Nordrhein-Westfalen;45529;DIMB IG Ruhrgebiet;Ennepe-Ruhr-Kreis;Hattingen;79
b8cd6994-f8a9-4d7e-8c6b-af0c5dc815e8;Nordrhein-Westfalen;45549;DIMB IG Ruhrgebiet;Ennepe-Ruhr-Kreis;Sprockhövel;79
893497f9-3fc9-4f07-aa71-8a157a1c7b87;Nordrhein-Westfalen;45657;DIMB IG Ruhrgebiet;Kreis Recklinghausen;Recklinghausen;79
016b0a2d-4ff5-4e44-85bf-60f9a58268ca;Nordrhein-Westfalen;45659;DIMB IG Ruhrgebiet;Kreis Recklinghausen;Recklinghausen;79
ce93b3cb-ce8a-42a7-be17-f24d41467486;Nordrhein-Westfalen;45661;DIMB IG Ruhrgebiet;Kreis Recklinghausen;Recklinghausen;79
e7c8d444-ca37-42ec-a935-1abf1047e80b;Nordrhein-Westfalen;45663;DIMB IG Ruhrgebiet;Kreis Recklinghausen;Recklinghausen;79
4fff23ec-1718-4ce6-9a5c-510631fbdd0e;Nordrhein-Westfalen;45665;DIMB IG Ruhrgebiet;Kreis Recklinghausen;Recklinghausen;79
4962187a-4550-4f52-94c7-49b19121bb58;Nordrhein-Westfalen;45699;DIMB IG Ruhrgebiet;Kreis Recklinghausen;Herten;79
3c7df348-c077-43b3-b2af-069db9071177;Nordrhein-Westfalen;45701;DIMB IG Ruhrgebiet;Kreis Recklinghausen;Herten;79
9771e1d1-4015-471b-a314-cd7a21e8b28b;Nordrhein-Westfalen;45711;DIMB IG Ruhrgebiet;Kreis Recklinghausen;Datteln;79
4ceb856b-27a2-413b-883a-67381d2291e9;Nordrhein-Westfalen;45721;DIMB IG Ruhrgebiet;Kreis Recklinghausen;Haltern am See;79
ad93a36d-c4cd-48ac-a335-28a62138306e;Nordrhein-Westfalen;45731;DIMB IG Ruhrgebiet;Kreis Recklinghausen;Waltrop;79
a0971794-55a6-40dc-bd2a-f7252f406016;Nordrhein-Westfalen;45739;DIMB IG Ruhrgebiet;Kreis Recklinghausen;Oer-Erkenschwick;79
b3b6560d-2db1-4e3a-b157-eb08d0bdd618;Nordrhein-Westfalen;45768;DIMB IG Ruhrgebiet;Kreis Recklinghausen;Marl;79
2c38f500-c3d5-4991-b7d3-cc284e9e2215;Nordrhein-Westfalen;45770;DIMB IG Ruhrgebiet;Kreis Recklinghausen;Marl;79
9c5084d5-21cf-42dd-b84f-48dbfdc0b887;Nordrhein-Westfalen;45772;DIMB IG Ruhrgebiet;Kreis Recklinghausen;Marl;79
7ad3cc31-2460-42ba-b4e0-57411cfae4ef;Nordrhein-Westfalen;45879;DIMB IG Ruhrgebiet;Gelsenkirchen;Gelsenkirchen;79
b501c284-9826-416c-a1ba-a3306a74be3a;Nordrhein-Westfalen;45881;DIMB IG Ruhrgebiet;Gelsenkirchen;Gelsenkirchen;79
25de9924-f0e5-4a7b-a720-79307eb912a6;Nordrhein-Westfalen;45883;DIMB IG Ruhrgebiet;Gelsenkirchen;Gelsenkirchen;79
5ea50897-1290-4f1c-9b4d-6e84cf585bad;Nordrhein-Westfalen;45884;DIMB IG Ruhrgebiet;Gelsenkirchen;Gelsenkirchen;79
ba39c029-0c66-4016-a98f-5f22ac5984e1;Nordrhein-Westfalen;45886;DIMB IG Ruhrgebiet;Gelsenkirchen;Gelsenkirchen;79
f12adafe-63fa-4822-bcca-d721e46169f9;Nordrhein-Westfalen;45888;DIMB IG Ruhrgebiet;Gelsenkirchen;Gelsenkirchen;79
db29d410-a58e-4f21-9453-c46449c1eb75;Nordrhein-Westfalen;45889;DIMB IG Ruhrgebiet;Gelsenkirchen;Gelsenkirchen;79
870aaf28-e8f8-41af-8fd5-184b4508ccfd;Nordrhein-Westfalen;45891;DIMB IG Ruhrgebiet;Gelsenkirchen;Gelsenkirchen;79
cece1f59-aa7c-432f-a0e1-f99371846684;Nordrhein-Westfalen;45892;DIMB IG Ruhrgebiet;Gelsenkirchen;Gelsenkirchen;79
415254e5-278c-400b-aa20-a127a950c663;Nordrhein-Westfalen;45894;DIMB IG Ruhrgebiet;Gelsenkirchen;Gelsenkirchen;79
7b8c1f64-61f4-41f5-828c-25a25bf86f37;Nordrhein-Westfalen;45896;DIMB IG Ruhrgebiet;Gelsenkirchen;Gelsenkirchen;79
c9d9b4ba-bda4-4cb2-af49-10849ee8e92c;Nordrhein-Westfalen;45897;DIMB IG Ruhrgebiet;Gelsenkirchen;Gelsenkirchen;79
00400b03-1e85-47fc-9cdc-6ae9c1d08fc4;Nordrhein-Westfalen;45899;DIMB IG Ruhrgebiet;Gelsenkirchen;Gelsenkirchen;79
7b5d535e-6eeb-4a4a-a17f-78feaf3188fd;Nordrhein-Westfalen;45964;DIMB IG Ruhrgebiet;Kreis Recklinghausen;Gladbeck;79
b1916e8f-3389-4fec-9b6f-da47f0c220f1;Nordrhein-Westfalen;45966;DIMB IG Ruhrgebiet;Kreis Recklinghausen;Gladbeck;79
68afe525-0fe1-43d6-96ba-4c1fc666cae1;Nordrhein-Westfalen;45968;DIMB IG Ruhrgebiet;Kreis Recklinghausen;Gladbeck;79
0f9c5aad-e20a-4976-b952-0f0f35a79ead;Nordrhein-Westfalen;46045;DIMB IG Ruhrgebiet;Oberhausen;Oberhausen;79
5c37594a-0ae7-490b-930f-13932877b34b;Nordrhein-Westfalen;46047;DIMB IG Ruhrgebiet;Oberhausen;Oberhausen;79
5bd3a56b-6b66-442c-9af6-d0ae9febe5e3;Nordrhein-Westfalen;46049;DIMB IG Ruhrgebiet;Oberhausen;Oberhausen;79
fb321958-b49d-4fa1-8aa8-a193c7917501;Nordrhein-Westfalen;46117;DIMB IG Ruhrgebiet;Oberhausen;Oberhausen;79
b3ae1341-2ed3-4060-b732-946619dd8afc;Nordrhein-Westfalen;46119;DIMB IG Ruhrgebiet;Oberhausen;Oberhausen;79
9e736ad8-c0a6-4af7-a03f-96fcb5aee011;Nordrhein-Westfalen;46145;DIMB IG Ruhrgebiet;Oberhausen;Oberhausen;79
51e2e79c-699d-4a10-8518-9e936ce41a05;Nordrhein-Westfalen;46147;DIMB IG Ruhrgebiet;Oberhausen;Oberhausen;79
e139c31a-6229-4bce-bcde-e2a5f4f897a8;Nordrhein-Westfalen;46149;DIMB IG Ruhrgebiet;Oberhausen;Oberhausen;79
0253e94f-41a1-4f29-8472-40c78c4ad253;Nordrhein-Westfalen;46236;DIMB IG Ruhrgebiet;Bottrop;Bottrop;79
d4a07a75-3ca7-4eac-af8d-081ee769c72f;Nordrhein-Westfalen;46238;DIMB IG Ruhrgebiet;Bottrop;Bottrop;79
5adfb5f7-514e-4a19-8fd5-8b5e19846d90;Nordrhein-Westfalen;46240;DIMB IG Ruhrgebiet;Bottrop;Bottrop;79
d905f3ed-6865-46a6-abb1-6f2d3ac58578;Nordrhein-Westfalen;46242;DIMB IG Ruhrgebiet;Bottrop;Bottrop;79
11d3ce50-b9ac-4246-b920-0beba8155515;Nordrhein-Westfalen;46244;DIMB IG Ruhrgebiet;Bottrop;Bottrop;79
5784b67a-d91a-4b35-a44f-e1fec4f8ee0b;Nordrhein-Westfalen;46282;DIMB IG Ruhrgebiet;Kreis Recklinghausen;Dorsten;79
da5743d8-2e85-46a5-b01a-d1bff9977b60;Nordrhein-Westfalen;46284;DIMB IG Ruhrgebiet;Kreis Recklinghausen;Dorsten;79
214f1d3c-48e9-4f67-9334-cf25b9e775d0;Nordrhein-Westfalen;46286;DIMB IG Ruhrgebiet;Kreis Recklinghausen;Dorsten;79
7f06cfc4-6aab-4df7-94cc-86d54090356c;Nordrhein-Westfalen;46325;DIMB IG Teutoburger Wald;Kreis Borken;Borken;82
7b9a932a-dc37-40ef-8c8a-2e0f62ad87ed;Nordrhein-Westfalen;46342;DIMB IG Teutoburger Wald;Kreis Borken;Velen;82
2abb90b6-adc5-4be5-b773-d04b428a595e;Nordrhein-Westfalen;46348;DIMB IG Teutoburger Wald;Kreis Borken;Raesfeld;82
b371d8d7-fddd-40b6-b6c1-5f69a0332f8d;Nordrhein-Westfalen;46354;DIMB IG Teutoburger Wald;Kreis Borken;Südlohn;82
c61731a7-b3c3-44c3-a0ac-77d5da7cc263;Nordrhein-Westfalen;46359;DIMB IG Teutoburger Wald;Kreis Borken;Heiden;82
f377b7aa-f2ff-4041-9013-511ec3566636;Nordrhein-Westfalen;46395;DIMB IG Teutoburger Wald;Kreis Borken;Bocholt;82
b02ef37f-64a6-42bc-b7ae-34ee19f27f6b;Nordrhein-Westfalen;46397;DIMB IG Teutoburger Wald;Kreis Borken;Bocholt;82
724414d6-f2c6-45db-bd62-a2147810d4e2;Nordrhein-Westfalen;46399;DIMB IG Teutoburger Wald;Kreis Borken;Bocholt;82
6bfd518f-d988-4d6e-a805-86aeb0fb7070;Nordrhein-Westfalen;46414;DIMB IG Teutoburger Wald;Kreis Borken;Rhede;82
b9cf9a6a-2c01-42de-b04a-c652f0f8f19d;Nordrhein-Westfalen;46419;DIMB IG Teutoburger Wald;Kreis Borken;Isselburg;82
f8b84e62-508d-44f8-be0d-ee98f6565268;Nordrhein-Westfalen;46483;DIMB IG Ruhrgebiet;Kreis Wesel;Wesel;79
de194f5a-22a0-463c-8582-fb5d02c82bd7;Nordrhein-Westfalen;46485;DIMB IG Ruhrgebiet;Kreis Wesel;Wesel;79
ed678999-9dcd-4da9-968e-5facee602755;Nordrhein-Westfalen;46487;DIMB IG Ruhrgebiet;Kreis Wesel;Wesel;79
9a4c210b-95cc-494c-95c9-ade2ae1a9630;Nordrhein-Westfalen;46499;DIMB IG Ruhrgebiet;Kreis Wesel;Hamminkeln;79
cf427cb8-5115-499f-b03d-9da17bf51129;Nordrhein-Westfalen;46509;DIMB IG Ruhrgebiet;Kreis Wesel;Xanten;79
4418b963-f99a-44f8-9bf1-fd5c311145d6;Nordrhein-Westfalen;46514;DIMB IG Ruhrgebiet;Kreis Wesel;Schermbeck;79
b6a5a542-c1ca-4522-a11b-18add41e0d90;Nordrhein-Westfalen;46519;DIMB IG Ruhrgebiet;Kreis Wesel;Alpen;79
0f89fea9-fe0c-4571-9942-4ee52811af88;Nordrhein-Westfalen;46535;DIMB IG Ruhrgebiet;Kreis Wesel;Dinslaken;79
00403686-7ff5-4f4e-a60d-6c0da789d584;Nordrhein-Westfalen;46537;DIMB IG Ruhrgebiet;Kreis Wesel;Dinslaken;79
a645520e-93e1-4d47-bfb4-a8500fa63b4f;Nordrhein-Westfalen;46539;DIMB IG Ruhrgebiet;Kreis Wesel;Dinslaken;79
85ec0b44-9b05-4f81-9f98-65083baa971d;Nordrhein-Westfalen;46562;DIMB IG Ruhrgebiet;Kreis Wesel;Voerde (Niederrhein);79
19d32ba4-4431-4914-b254-740d69046767;Nordrhein-Westfalen;46569;DIMB IG Ruhrgebiet;Kreis Wesel;Hünxe;79
8eb41797-4733-4753-88c8-cebbdf5f6879;Nordrhein-Westfalen;47051;DIMB IG Ruhrgebiet;Duisburg;Duisburg;79
7e060630-ac7f-46ca-a191-13bb9b771b2f;Nordrhein-Westfalen;47053;DIMB IG Ruhrgebiet;Duisburg;Duisburg;79
fd6ca898-4368-4fc7-bf1d-cd05f5d13ccf;Nordrhein-Westfalen;47055;DIMB IG Ruhrgebiet;Duisburg;Duisburg;79
5801294d-3f4b-44b9-875e-b5993eda8746;Nordrhein-Westfalen;47057;DIMB IG Ruhrgebiet;Duisburg;Duisburg;79
3164318e-328a-41c0-895d-fb4e099fdd4b;Nordrhein-Westfalen;47058;DIMB IG Ruhrgebiet;Duisburg;Duisburg;79
9e061500-e487-4fe7-85f9-f2e9c1c8f01f;Nordrhein-Westfalen;47059;DIMB IG Ruhrgebiet;Duisburg;Duisburg;79
64bfa695-50a5-4d03-8df1-e50104d361f1;Nordrhein-Westfalen;47119;DIMB IG Ruhrgebiet;Duisburg;Duisburg;79
3823ff1a-501a-4a8b-adb1-e460f093a658;Nordrhein-Westfalen;47137;DIMB IG Ruhrgebiet;Duisburg;Duisburg;79
4aed8647-d102-4fa4-bae3-334fed4776b8;Nordrhein-Westfalen;47138;DIMB IG Ruhrgebiet;Duisburg;Duisburg;79
ab176f8b-b71b-4ce8-b867-1622713d3766;Nordrhein-Westfalen;47139;DIMB IG Ruhrgebiet;Duisburg;Duisburg;79
ff720ce6-e5d2-4617-b5b2-930fb29895f5;Nordrhein-Westfalen;47166;DIMB IG Ruhrgebiet;Duisburg;Duisburg;79
c97bc8f0-bb34-4ed0-9c39-57721ed9f7cf;Nordrhein-Westfalen;47167;DIMB IG Ruhrgebiet;Duisburg;Duisburg;79
e0472f07-81ea-40cf-ab5e-8f9fbda980c3;Nordrhein-Westfalen;47169;DIMB IG Ruhrgebiet;Duisburg;Duisburg;79
7d21a54b-820d-4f75-aa6b-58535f5a689c;Nordrhein-Westfalen;47178;DIMB IG Ruhrgebiet;Duisburg;Duisburg;79
b0bd26f3-8e69-418b-a858-5d96579b0814;Nordrhein-Westfalen;47179;DIMB IG Ruhrgebiet;Duisburg;Duisburg;79
506a84b8-5df8-4c0b-b173-3d06f96df647;Nordrhein-Westfalen;47198;DIMB IG Ruhrgebiet;Duisburg;Duisburg;79
9f07ef51-e1df-4e20-a0a0-e2586272999b;Nordrhein-Westfalen;47199;DIMB IG Ruhrgebiet;Duisburg;Duisburg;79
0e074caa-2e7a-4e1a-84c3-8bc4140cd7ca;Nordrhein-Westfalen;47226;DIMB IG Ruhrgebiet;Duisburg;Duisburg;79
7940ee19-698e-4a2b-bb60-c08b9f4f912f;Nordrhein-Westfalen;47228;DIMB IG Ruhrgebiet;Duisburg;Duisburg;79
3d3d71ce-c789-48c5-b6f8-d50dc1eb1547;Nordrhein-Westfalen;47229;DIMB IG Ruhrgebiet;Duisburg;Duisburg;79
229516a1-0dd6-4a2b-8ef2-dd03f257a5d2;Nordrhein-Westfalen;47239;DIMB IG Ruhrgebiet;Duisburg;Duisburg;79
cabfc275-d08c-4c45-b4c8-0dad2e8b95ec;Nordrhein-Westfalen;47249;DIMB IG Ruhrgebiet;Duisburg;Duisburg;79
70449af5-b1c3-4c73-ba1c-47113ed06b1a;Nordrhein-Westfalen;47259;DIMB IG Ruhrgebiet;Duisburg;Duisburg;79
1932f168-44b9-4319-8878-82f7817ba289;Nordrhein-Westfalen;47269;DIMB IG Ruhrgebiet;Duisburg;Duisburg;79
6d493c83-4975-4cc7-bae0-f1ee01c349cc;Nordrhein-Westfalen;47279;DIMB IG Ruhrgebiet;Duisburg;Duisburg;79
281a9412-185a-49bf-9e94-dd9f78953c5e;Nordrhein-Westfalen;47441;DIMB IG Ruhrgebiet;Kreis Wesel;Moers;79
b54d3304-0300-4222-80ad-ae19f4458fbb;Nordrhein-Westfalen;47443;DIMB IG Ruhrgebiet;Kreis Wesel;Moers;79
3b54746c-ab4d-478e-a507-0fc3fb614032;Nordrhein-Westfalen;47445;DIMB IG Ruhrgebiet;Kreis Wesel;Moers;79
2a803e01-7849-44d9-a8f9-6e60b7e533a4;Nordrhein-Westfalen;47447;DIMB IG Ruhrgebiet;Kreis Wesel;Moers;79
403891ee-06bb-4889-8580-0eb7f3e38e9f;Nordrhein-Westfalen;47475;DIMB IG Ruhrgebiet;Kreis Wesel;Kamp-Lintfort;79
285687af-a89a-4685-958b-e6256d7a318f;Nordrhein-Westfalen;47495;DIMB IG Ruhrgebiet;Kreis Wesel;Rheinberg;79
19d4cd1e-a119-433c-ad6c-4e32170713c2;Nordrhein-Westfalen;47506;DIMB IG Ruhrgebiet;Kreis Wesel;Neukirchen-Vluyn;79
da2247a9-c05a-4c2d-94ec-e90675fd05b6;Nordrhein-Westfalen;47665;DIMB IG Ruhrgebiet;Kreis Wesel;Sonsbeck;79
3dbb018c-27bd-4fce-9b21-ad8562b2d1a7;Nordrhein-Westfalen;48143;DIMB IG Teutoburger Wald;Münster;Münster;82
ee97f77c-e64f-4cc8-9714-0956763f6584;Nordrhein-Westfalen;48145;DIMB IG Teutoburger Wald;Münster;Münster;82
b393a977-33cd-4c92-8f2e-94037ed05002;Nordrhein-Westfalen;48147;DIMB IG Teutoburger Wald;Münster;Münster;82
c49a2616-0f78-4375-a24b-9c427c3a484f;Nordrhein-Westfalen;48149;DIMB IG Teutoburger Wald;Münster;Münster;82
94e76465-365e-4676-a384-9b9fed6f63a9;Nordrhein-Westfalen;48151;DIMB IG Teutoburger Wald;Münster;Münster;82
4edf3da5-19b9-4750-bd56-44270705e10c;Nordrhein-Westfalen;48153;DIMB IG Teutoburger Wald;Münster;Münster;82
d90cc8f6-7e51-4184-9902-2e226f2aa338;Nordrhein-Westfalen;48155;DIMB IG Teutoburger Wald;Münster;Münster;82
c7675d92-306b-433c-83b7-216615803487;Nordrhein-Westfalen;48157;DIMB IG Teutoburger Wald;Münster;Münster;82
d2922ab4-b785-4adc-9304-7526dcf992ca;Nordrhein-Westfalen;48159;DIMB IG Teutoburger Wald;Münster;Münster;82
d6b7fb43-bba7-4904-8cc2-2a3958f132c0;Nordrhein-Westfalen;48161;DIMB IG Teutoburger Wald;Münster;Münster;82
eb705eb0-fd96-491a-9d87-75e7705e00c0;Nordrhein-Westfalen;48163;DIMB IG Teutoburger Wald;Münster;Münster;82
b1d1dd9c-a291-41d8-8dba-83dcd72adcb4;Nordrhein-Westfalen;48165;DIMB IG Teutoburger Wald;Münster;Münster;82
269d9759-3fbd-496d-ac24-e2299324c376;Nordrhein-Westfalen;48167;DIMB IG Teutoburger Wald;Münster;Münster;82
cac8e309-a1de-4403-9795-c379eaf734aa;Nordrhein-Westfalen;48231;DIMB IG Teutoburger Wald;Kreis Warendorf;Warendorf;82
a7413aae-8c21-42b9-963f-4ca6e2d1d482;Nordrhein-Westfalen;48249;DIMB IG Teutoburger Wald;Kreis Coesfeld;Dülmen;82
e4744684-b7cc-42e9-9550-aff4dce0366d;Nordrhein-Westfalen;48268;DIMB IG Teutoburger Wald;Kreis Steinfurt;Greven;82
b5195962-6418-4d17-809a-72ff9a7e38d1;Nordrhein-Westfalen;48282;DIMB IG Teutoburger Wald;Kreis Steinfurt;Emsdetten;82
0f7c7776-c2d2-4674-b4b5-5ad79f1cae62;Nordrhein-Westfalen;48291;DIMB IG Teutoburger Wald;Kreis Warendorf;Telgte;82
c523f960-9440-451c-8ecf-aec6e8d18d5e;Nordrhein-Westfalen;48301;DIMB IG Teutoburger Wald;Kreis Coesfeld;Nottuln;82
4f80a169-643d-411a-855d-db86fa2da7d4;Nordrhein-Westfalen;48308;DIMB IG Teutoburger Wald;Kreis Coesfeld;Senden;82
d7fbe2e8-d8b9-4d2c-a742-d65b1bb2f56f;Nordrhein-Westfalen;48317;DIMB IG Teutoburger Wald;Kreis Warendorf;Drensteinfurt;82
0373d6bb-83d6-4c59-a63a-6cae1caf2497;Nordrhein-Westfalen;48324;DIMB IG Teutoburger Wald;Kreis Warendorf;Sendenhorst;82
3919c9d2-391c-471d-8888-1179ed70a206;Nordrhein-Westfalen;48329;DIMB IG Teutoburger Wald;Kreis Coesfeld;Havixbeck;82
9cb46244-fd8d-4ad0-bf89-e54aaa59a6ea;Nordrhein-Westfalen;48336;DIMB IG Teutoburger Wald;Kreis Warendorf;Sassenberg;82
41b9a1c4-2dc9-4c40-bdbd-92e2efd128cb;Nordrhein-Westfalen;48341;DIMB IG Teutoburger Wald;Kreis Steinfurt;Altenberge;82
97f87e17-f9c6-42f0-a9eb-da8458531549;Nordrhein-Westfalen;48346;DIMB IG Teutoburger Wald;Kreis Warendorf;Ostbevern;82
3183f3b0-4e2a-4541-8391-053209fff42f;Nordrhein-Westfalen;48351;DIMB IG Teutoburger Wald;Kreis Warendorf;Everswinkel;82
7cd35f0b-7054-4f42-a7f8-902e7694fb26;Nordrhein-Westfalen;48356;DIMB IG Teutoburger Wald;Kreis Steinfurt;Nordwalde;82
88935283-d090-42fd-8c1e-711faf1a3b80;Nordrhein-Westfalen;48361;DIMB IG Teutoburger Wald;Kreis Warendorf;Beelen;82
d1d47160-72c3-4836-a660-a5237104ddc1;Nordrhein-Westfalen;48366;DIMB IG Teutoburger Wald;Kreis Steinfurt;Laer;82
21904031-cf5b-49af-9996-38a4154a768d;Nordrhein-Westfalen;48369;DIMB IG Teutoburger Wald;Kreis Steinfurt;Saerbeck;82
eb733f36-97bc-42be-877c-cc3aaa49d56f;Nordrhein-Westfalen;48429;DIMB IG Teutoburger Wald;Kreis Steinfurt;Rheine;82
d1cc11d1-713d-4994-b29b-3e8b2cb464a1;Nordrhein-Westfalen;48431;DIMB IG Teutoburger Wald;Kreis Steinfurt;Rheine;82
1eb0b587-67e2-4ffc-ab06-c2bd5b3d8b6e;Nordrhein-Westfalen;48432;DIMB IG Teutoburger Wald;Kreis Steinfurt;Rheine;82
605085d4-6522-4190-8028-328fc6562730;Nordrhein-Westfalen;48477;DIMB IG Teutoburger Wald;Kreis Steinfurt;Hörstel;82
699be417-23e3-4fdd-838e-11b5a6f6e908;Nordrhein-Westfalen;48485;DIMB IG Teutoburger Wald;Kreis Steinfurt;Neuenkirchen;82
7888e74e-dc7b-4611-a297-a5bbaf628e94;Nordrhein-Westfalen;48493;DIMB IG Teutoburger Wald;Kreis Steinfurt;Wettringen;82
2131f5dd-acff-4a14-b0be-e2d56d85f2c1;Nordrhein-Westfalen;48496;DIMB IG Teutoburger Wald;Kreis Steinfurt;Hopsten;82
841be204-f5ee-4538-9617-ca266a2343c4;Nordrhein-Westfalen;48565;DIMB IG Teutoburger Wald;Kreis Steinfurt;Steinfurt;82
c6eafa01-68f3-4531-b60e-7a25776e1bb3;Nordrhein-Westfalen;48599;DIMB IG Teutoburger Wald;Kreis Borken;Gronau;82
fbb4f677-e3c9-427b-9dbe-975efc71e41a;Nordrhein-Westfalen;48607;DIMB IG Teutoburger Wald;Kreis Steinfurt;Ochtrup;82
8186b9c8-9def-42ed-88da-a616b7ff2913;Nordrhein-Westfalen;48612;DIMB IG Teutoburger Wald;Kreis Steinfurt;Horstmar;82
449fa575-9735-4c4e-9ef0-740b6c964529;Nordrhein-Westfalen;48619;DIMB IG Teutoburger Wald;Kreis Borken;Heek;82
42069d0f-7b2d-4577-b06f-45eadb72bd6f;Nordrhein-Westfalen;48624;DIMB IG Teutoburger Wald;Kreis Borken;Schöppingen;82
3e762d9e-a3a7-4bd0-80e9-b7f694b4aad9;Nordrhein-Westfalen;48629;DIMB IG Teutoburger Wald;Kreis Steinfurt;Metelen;82
fc79399b-d056-432a-90cd-8af8de80827a;Nordrhein-Westfalen;48653;DIMB IG Teutoburger Wald;Kreis Coesfeld;Coesfeld;82
fd5853ab-c4d3-4b6b-afb9-bd683c612977;Nordrhein-Westfalen;48683;DIMB IG Teutoburger Wald;Kreis Borken;Ahaus;82
7da32b94-4bef-4e0f-b3b5-5281e2fa7f53;Nordrhein-Westfalen;48691;DIMB IG Teutoburger Wald;Kreis Borken;Vreden;82
c46ff055-02f3-4a57-8947-dc6aaaba15dd;Nordrhein-Westfalen;48703;DIMB IG Teutoburger Wald;Kreis Borken;Stadtlohn;82
aa9bbb50-c89c-478b-a079-aa3cb2f907c1;Nordrhein-Westfalen;48712;DIMB IG Teutoburger Wald;Kreis Borken;Gescher;82
92002e08-ee14-4e9f-a1e5-222d98a2ffab;Nordrhein-Westfalen;48720;DIMB IG Teutoburger Wald;Kreis Coesfeld;Rosendahl;82
fcdb9cbe-7852-4d28-bf89-acd3cdbfc4cb;Nordrhein-Westfalen;48727;DIMB IG Teutoburger Wald;Kreis Coesfeld;Billerbeck;82
5e9aecc0-a51b-472e-9acd-96811db094bb;Nordrhein-Westfalen;48734;DIMB IG Teutoburger Wald;Kreis Borken;Reken;82
693e3aae-99b9-4cb4-92fb-479a36c57460;Nordrhein-Westfalen;48739;DIMB IG Teutoburger Wald;Kreis Borken;Legden;82
e7363011-83ec-4f1c-a55d-7ff4929a0ea0;Niedersachsen;49074;DIMB IG Osnabrücker Land;Osnabrück;Osnabrück;39
b88e9f15-bb70-441d-aba0-1a5ee0448db0;Niedersachsen;49076;DIMB IG Osnabrücker Land;Osnabrück;Osnabrück;39
898974fc-657c-483f-bc57-24c55999101a;Niedersachsen;49078;DIMB IG Osnabrücker Land;Osnabrück;Osnabrück;39
393056c3-e291-4bb9-808a-a62980c6588b;Niedersachsen;49080;DIMB IG Osnabrücker Land;Osnabrück;Osnabrück;39
6aee1064-7968-4f72-808c-6298bdff040e;Niedersachsen;49082;DIMB IG Osnabrücker Land;Osnabrück;Osnabrück;39
2ae00b4f-44b8-4989-a60f-185179ac477e;Niedersachsen;49084;DIMB IG Osnabrücker Land;Osnabrück;Osnabrück;39
2be46209-4710-4119-8823-713ace833e95;Niedersachsen;49086;DIMB IG Osnabrücker Land;Osnabrück;Osnabrück;39
f56cfd3e-160a-4534-b30b-804636f47d21;Niedersachsen;49088;DIMB IG Osnabrücker Land;Osnabrück;Osnabrück;39
d7074c17-cdb4-4d33-bb39-a2d6cb3c85c7;Niedersachsen;49090;DIMB IG Osnabrücker Land;Osnabrück;Osnabrück;39
4dc77666-b444-47ba-979e-31d78b3846a8;Niedersachsen;49124;DIMB IG Osnabrücker Land;Landkreis Osnabrück;Georgsmarienhütte;39
80003276-190a-4ed0-8a8a-a7a000b50866;Niedersachsen;49134;DIMB IG Osnabrücker Land;Landkreis Osnabrück;Wallenhorst;39
9e9b592d-1bcb-4480-a794-21132baea27b;Niedersachsen;49143;DIMB IG Osnabrücker Land;Landkreis Osnabrück;Bissendorf;39
9006fde0-542f-4567-9055-61d5422ddabf;Niedersachsen;49152;DIMB IG Osnabrücker Land;Landkreis Osnabrück;Bad Essen;39
f77f046b-8ca6-444c-aef5-a159199a59e5;Niedersachsen;49163;DIMB IG Osnabrücker Land;Landkreis Osnabrück;Bohmte;39
3c0d260c-8cd3-4695-92e1-edd28791c0aa;Niedersachsen;49170;DIMB IG Osnabrücker Land;Landkreis Osnabrück;Hagen am Teutoburger Wald;39
2636a1cf-0842-4d4a-b88b-9dbc8afdbca9;Niedersachsen;49176;DIMB IG Osnabrücker Land;Landkreis Osnabrück;Hilter;39
90388748-f462-4699-8ee6-1201600cc18e;Niedersachsen;49179;DIMB IG Osnabrücker Land;Landkreis Osnabrück;Ostercappeln;39
1ac486e6-6ca4-49e0-ad47-906a540bce7c;Niedersachsen;49186;DIMB IG Osnabrücker Land;Landkreis Osnabrück;Bad Iburg;39
3db285d6-7ee1-4045-9392-29cdde9a616a;Niedersachsen;49191;DIMB IG Osnabrücker Land;Landkreis Osnabrück;Belm;39
6c656321-5d21-4761-ad78-6b0e9163506c;Niedersachsen;49196;DIMB IG Osnabrücker Land;Landkreis Osnabrück;Bad Laer;39
af4a5649-353a-4c0f-ad3c-de461d2ed25c;Niedersachsen;49201;DIMB IG Osnabrücker Land;Landkreis Osnabrück;Dissen;39
67e6e3ee-9ff4-4c7f-a61b-3f10acfab5d5;Niedersachsen;49205;DIMB IG Osnabrücker Land;Landkreis Osnabrück;Hasbergen;39
ba1de9b0-301e-4a1c-8355-0faefd7468d1;Niedersachsen;49214;DIMB IG Osnabrücker Land;Landkreis Osnabrück;Bad Rothenfelde;39
d497b62d-34e2-4551-8dc9-f8c4fe7d8853;Niedersachsen;49219;DIMB IG Osnabrücker Land;Landkreis Osnabrück;Glandorf;39
d2b7ce14-34ca-402b-b94a-ce4e191a0590;Niedersachsen;49324;DIMB IG Osnabrücker Land;Landkreis Osnabrück;Melle;39
70aae517-18da-4452-8d68-1463f66b1ed4;Niedersachsen;49326;DIMB IG Osnabrücker Land;Landkreis Osnabrück;Melle;39
092cfdba-60b8-44e3-85ca-9e597c149c19;Niedersachsen;49328;DIMB IG Osnabrücker Land;Landkreis Osnabrück;Melle;39
f370c4de-8e80-4f90-a334-de56b4442e32;Nordrhein-Westfalen;49477;DIMB IG Teutoburger Wald;Kreis Steinfurt;Ibbenbüren;82
80f52132-a536-471a-9165-5ca96a38f2d2;Nordrhein-Westfalen;49479;DIMB IG Teutoburger Wald;Kreis Steinfurt;Ibbenbüren;82
f9603f95-7428-4394-acf1-fd419037317e;Nordrhein-Westfalen;49492;DIMB IG Teutoburger Wald;Kreis Steinfurt;Westerkappeln;82
c312b611-4649-48ce-ad74-884ec6667efc;Nordrhein-Westfalen;49497;DIMB IG Teutoburger Wald;Kreis Steinfurt;Mettingen;82
1078cef9-35fc-4716-ae95-615a8af93138;Nordrhein-Westfalen;49504;DIMB IG Teutoburger Wald;Kreis Steinfurt;Lotte;82
9753c23c-fd6d-43e1-9d82-c0007eacb321;Nordrhein-Westfalen;49509;DIMB IG Teutoburger Wald;Kreis Steinfurt;Recke;82
299b28cb-37a2-4ade-8fac-87617b6ddfcc;Nordrhein-Westfalen;49525;DIMB IG Teutoburger Wald;Kreis Steinfurt;Lengerich;82
ba918db8-3c08-454b-8e95-55c451f9059e;Nordrhein-Westfalen;49536;DIMB IG Teutoburger Wald;Kreis Steinfurt;Lienen;82
a6877c0b-3d8d-4a84-b16a-8e480089fa7b;Nordrhein-Westfalen;49545;DIMB IG Teutoburger Wald;Kreis Steinfurt;Tecklenburg;82
269b5bc6-0670-4135-afee-0fd3c970afa1;Nordrhein-Westfalen;49549;DIMB IG Teutoburger Wald;Kreis Steinfurt;Ladbergen;82
5f694558-f978-4787-aea8-5d96a05f108a;Niedersachsen;49565;DIMB IG Osnabrücker Land;Landkreis Osnabrück;Bramsche;39
009f17e4-d2c0-449a-914f-4984a49dee88;Niedersachsen;49577;DIMB IG Osnabrücker Land;Landkreis Osnabrück;Ankum, Eggermühlen, Kettenkamp;39
7471927e-cbf1-47e0-a929-4c83814a70f5;Niedersachsen;49584;DIMB IG Osnabrücker Land;Landkreis Osnabrück;Fürstenau;39
25c0f001-4aaa-47f6-855b-b748d84397e4;Niedersachsen;49586;DIMB IG Osnabrücker Land;Landkreis Osnabrück;Merzen, Neuenkirchen;39
8d557970-a27e-430b-8644-fc36e8b74188;Niedersachsen;49593;DIMB IG Osnabrücker Land;Landkreis Osnabrück;Bersenbrück;39
c08155af-95d5-4ed8-bba8-582c35861d9b;Niedersachsen;49594;DIMB IG Osnabrücker Land;Landkreis Osnabrück;Alfhausen;39
d08d8edd-8c84-4126-92ab-bd5ca6a82d04;Niedersachsen;49596;DIMB IG Osnabrücker Land;Landkreis Osnabrück;Gehrde;39
b87d2e51-578e-47bb-aada-cd3333772909;Niedersachsen;49597;DIMB IG Osnabrücker Land;Landkreis Osnabrück;Rieste;39
158bdf1e-8a83-4a64-9992-043c72632e4d;Niedersachsen;49599;DIMB IG Osnabrücker Land;Landkreis Osnabrück;Voltlage;39
df3cc71b-4631-4a41-9138-0a2b772f4008;Niedersachsen;49610;DIMB IG Osnabrücker Land;Landkreis Osnabrück;Quakenbrück;39
06ea15d8-996a-4f3c-898f-2cf50c474b6e;Niedersachsen;49626;DIMB IG Osnabrücker Land;Landkreis Osnabrück;Berge, Bippen;39
09dc12e6-11dc-41fb-a28f-8d7e5807a589;Niedersachsen;49635;DIMB IG Osnabrücker Land;Landkreis Osnabrück;Badbergen;39
b96f0868-0ae5-498f-bfc8-accd4d7c3a2b;Niedersachsen;49637;DIMB IG Osnabrücker Land;Landkreis Osnabrück;Menslage;39
1731ec62-79b5-4deb-b90d-a7dce92fc56f;Niedersachsen;49638;DIMB IG Osnabrücker Land;Landkreis Osnabrück;Nortrup;39
f379b416-cc05-4065-9042-32a620be7104;Nordrhein-Westfalen;50126;DIMB IG Erft;Rhein-Erft-Kreis;Bergheim;111
011b1be0-21ab-47e9-81b1-182bb45c5ae7;Nordrhein-Westfalen;50127;DIMB IG Erft;Rhein-Erft-Kreis;Bergheim;111
d13cffa3-e5d8-4459-8c27-3c705a4c85f4;Nordrhein-Westfalen;50129;DIMB IG Erft;Rhein-Erft-Kreis;Bergheim;111
2b767988-1e52-4859-8533-3e8ff1e27be2;Nordrhein-Westfalen;50169;DIMB IG Erft;Rhein-Erft-Kreis;Kerpen;111
67f7106e-d27b-4aa3-96d0-b9d56e8356c6;Nordrhein-Westfalen;50170;DIMB IG Erft;Rhein-Erft-Kreis;Kerpen;111
7e168164-4188-4d2c-b5b2-a32d4624eafe;Nordrhein-Westfalen;50171;DIMB IG Erft;Rhein-Erft-Kreis;Kerpen;111
f52f36ea-8419-4026-bfb3-94485e3bae38;Nordrhein-Westfalen;50181;DIMB IG Erft;Rhein-Erft-Kreis;Bedburg;111
16e4b22b-14bc-4ecc-a81f-05c23b431bbc;Nordrhein-Westfalen;50189;DIMB IG Erft;Rhein-Erft-Kreis;Elsdorf;111
db01dd24-e479-4513-ac96-4dc8bf62a560;Nordrhein-Westfalen;50226;DIMB IG Erft;Rhein-Erft-Kreis;Frechen;111
9e2be207-f65a-49b7-adcb-a18859959427;Nordrhein-Westfalen;50259;DIMB IG Erft;Rhein-Erft-Kreis;Pulheim;111
caf3d407-2461-41f0-ac90-64ea5663986a;Nordrhein-Westfalen;50321;DIMB IG Erft;Rhein-Erft-Kreis;Brühl;111
5e2860f2-a070-47b8-82f7-f936ce160770;Nordrhein-Westfalen;50354;DIMB IG Erft;Rhein-Erft-Kreis;Hürth;111
b5db63a2-1d95-4eae-b1da-6ea10f2c425e;Nordrhein-Westfalen;50374;DIMB IG Erft;Rhein-Erft-Kreis;Erftstadt;111
3f636410-5a7e-46c2-b697-504196415c6f;Nordrhein-Westfalen;50389;DIMB IG Erft;Rhein-Erft-Kreis;Wesseling;111
b352e62c-32f9-4d31-b360-261fb79be547;Nordrhein-Westfalen;50667;DIMB IG Köln;Köln;Köln;34
79fb84d3-d1ec-474e-9d99-6358c028b366;Nordrhein-Westfalen;50668;DIMB IG Köln;Köln;Köln;34
ace9335b-916d-43bd-b141-34201f9464e1;Nordrhein-Westfalen;50670;DIMB IG Köln;Köln;Köln;34
a8ee9b68-3582-4565-932b-807e00315e8e;Nordrhein-Westfalen;50672;DIMB IG Köln;Köln;Köln;34
f93b6d68-98f7-471a-bf05-a918755d0da0;Nordrhein-Westfalen;50674;DIMB IG Köln;Köln;Köln;34
f1066f2a-c4b3-4aea-8900-a9b595a7ab97;Nordrhein-Westfalen;50676;DIMB IG Köln;Köln;Köln;34
53815f57-79f7-4311-906e-f266d93a2bcf;Nordrhein-Westfalen;50677;DIMB IG Köln;Köln;Köln;34
f601770c-ac54-47d0-92ac-7e3b742c1700;Nordrhein-Westfalen;50678;DIMB IG Köln;Köln;Köln;34
eed65e46-af67-4836-8c8e-a1883fb824fa;Nordrhein-Westfalen;50679;DIMB IG Köln;Köln;Köln;34
711b62ad-a718-487f-b5ff-6f975bad6c0a;Nordrhein-Westfalen;50733;DIMB IG Köln;Köln;Köln;34
05f1f4c1-456f-4afd-aa9c-62c5cef01597;Nordrhein-Westfalen;50735;DIMB IG Köln;Köln;Köln;34
b5774b2d-2401-435e-b487-77271771994f;Nordrhein-Westfalen;50737;DIMB IG Köln;Köln;Köln;34
53c63070-0931-498c-8866-a3ee6bd45e06;Nordrhein-Westfalen;50739;DIMB IG Köln;Köln;Köln;34
77d57fe2-df62-4985-ba5b-6878361a6232;Nordrhein-Westfalen;50765;DIMB IG Köln;Köln;Köln;34
7110458e-f4b7-467e-8172-883da15e526f;Nordrhein-Westfalen;50767;DIMB IG Köln;Köln;Köln;34
49c61926-ae21-4beb-966a-f044c8741c72;Nordrhein-Westfalen;50769;DIMB IG Köln;Köln;Köln;34
ca9ed083-5974-4394-bf7b-0bf1e86ab096;Nordrhein-Westfalen;50823;DIMB IG Köln;Köln;Köln;34
45f2a6b5-f81e-426a-889f-8ec69f301f0e;Nordrhein-Westfalen;50825;DIMB IG Köln;Köln;Köln;34
aa1f844b-8e85-4e61-9ec4-261a5238ba88;Nordrhein-Westfalen;50827;DIMB IG Köln;Köln;Köln;34
14cf8ef1-b09a-4605-a245-8f3be5c7e1d6;Nordrhein-Westfalen;50829;DIMB IG Köln;Köln;Köln;34
9d1f749b-a294-4bec-a1f6-0c434b1607a3;Nordrhein-Westfalen;50858;DIMB IG Köln;Köln;Köln;34
157dd94d-0545-4b1f-ba36-9e8aaefe714e;Nordrhein-Westfalen;50859;DIMB IG Köln;Köln;Köln;34
62adb6c8-0f62-4837-8b1f-b22af3dd2fee;Nordrhein-Westfalen;50931;DIMB IG Köln;Köln;Köln;34
234eaa5f-edeb-4837-b037-386419913cb1;Nordrhein-Westfalen;50933;DIMB IG Köln;Köln;Köln;34
1d885dc8-bec8-4b5a-bd12-045831d825d7;Nordrhein-Westfalen;50935;DIMB IG Köln;Köln;Köln;34
bbb2a124-6dc8-48a2-b774-915f339e204c;Nordrhein-Westfalen;50937;DIMB IG Köln;Köln;Köln;34
0c8b3e45-8c98-4211-8ac5-2362c765fd59;Nordrhein-Westfalen;50939;DIMB IG Köln;Köln;Köln;34
a81a1610-3db3-4d53-b5f4-1a841bdba538;Nordrhein-Westfalen;50968;DIMB IG Köln;Köln;Köln;34
c19afe0f-2fa0-4401-89b7-1cde6c0a84e0;Nordrhein-Westfalen;50969;DIMB IG Köln;Köln;Köln;34
10ed725f-a7af-4a41-852e-041ee7815c5b;Nordrhein-Westfalen;50996;DIMB IG Köln;Köln;Köln;34
df142922-b9d8-4050-9043-599316433f40;Nordrhein-Westfalen;50997;DIMB IG Köln;Köln;Köln;34
7a3d4cbb-3781-4dfb-82ad-2025dbf90e50;Nordrhein-Westfalen;50999;DIMB IG Köln;Köln;Köln;34
e86c4593-2fb7-467c-af3f-25c794000218;Nordrhein-Westfalen;51061;DIMB IG Köln;Köln;Köln;34
9c7321fe-146d-487e-9a81-13ef0b47ff4a;Nordrhein-Westfalen;51063;DIMB IG Köln;Köln;Köln;34
e689dd21-f4ff-49af-8e07-71518d4d1e2b;Nordrhein-Westfalen;51065;DIMB IG Köln;Köln;Köln;34
69d9c1fa-a57a-42fb-8419-766e6cbdf47f;Nordrhein-Westfalen;51067;DIMB IG Köln;Köln;Köln;34
650d02de-b5c7-43b7-8087-68e410e0b118;Nordrhein-Westfalen;51069;DIMB IG Köln;Köln;Köln;34
e6786718-cc55-4a55-b5e3-5693dc6de2e7;Nordrhein-Westfalen;51103;DIMB IG Köln;Köln;Köln;34
0f7d3b8e-70e7-4581-a6e4-60b9d656d8c9;Nordrhein-Westfalen;51105;DIMB IG Köln;Köln;Köln;34
9b52af93-b8e9-4b36-94f1-c37c36d7f81e;Nordrhein-Westfalen;51107;DIMB IG Köln;Köln;Köln;34
5eaf0f13-888a-4d2c-816b-56fb5e2a30f4;Nordrhein-Westfalen;51109;DIMB IG Köln;Köln;Köln;34
763b3a05-e861-4504-a191-1cdc79a82fef;Nordrhein-Westfalen;51143;DIMB IG Köln;Köln;Köln;34
a5143bfb-1782-4432-ae9c-e65d3f3d6d67;Nordrhein-Westfalen;51145;DIMB IG Köln;Köln;Köln;34
52848a29-3631-4606-b13d-d77421950826;Nordrhein-Westfalen;51147;DIMB IG Köln;Köln;Köln;34
83413d68-8389-43d4-8c51-f32c18edf6d3;Nordrhein-Westfalen;51149;DIMB IG Köln;Köln;Köln;34
985184c2-1c39-4646-8d55-a0da9a2ecd9e;Nordrhein-Westfalen;51371;DIMB IG Köln;Leverkusen;Leverkusen;34
99060814-4a3f-461e-b118-1772465ab8b6;Nordrhein-Westfalen;51373;DIMB IG Köln;Leverkusen;Leverkusen;34
98819844-5bf8-4e2f-9e52-0d08279d7b17;Nordrhein-Westfalen;51375;DIMB IG Köln;Leverkusen;Leverkusen;34
26d323a9-f6b7-4939-b904-f4f01ca8c84d;Nordrhein-Westfalen;51377;DIMB IG Köln;Leverkusen;Leverkusen;34
52266cfd-98d4-4d1a-9683-bc4958335d11;Nordrhein-Westfalen;51379;DIMB IG Köln;Leverkusen;Leverkusen;34
4ac7ab58-af7a-4bf8-aa58-217b6a1fd8d7;Nordrhein-Westfalen;51381;DIMB IG Köln;Leverkusen;Leverkusen;34
e87c9aac-2806-47d6-9211-315d127c4c62;Nordrhein-Westfalen;51467;DIMB IG Köln;Köln;Köln;34
9b877666-3b3a-4797-b475-6b8f0c9f5d76;Nordrhein-Westfalen;52062;DIMB IG Rureifel;Städteregion Aachen;Aachen;100
c3836140-1720-4c67-a76c-815838cf8623;Nordrhein-Westfalen;52064;DIMB IG Rureifel;Städteregion Aachen;Aachen;100
52cfffa0-f54a-4f61-91f3-a6cc6d741114;Nordrhein-Westfalen;52066;DIMB IG Rureifel;Städteregion Aachen;Aachen;100
16f32cfc-5e75-48e6-99a7-e4d4b3aae235;Nordrhein-Westfalen;52068;DIMB IG Rureifel;Städteregion Aachen;Aachen;100
dfb4bb71-bc35-4f41-8d40-d9d0976d66df;Nordrhein-Westfalen;52070;DIMB IG Rureifel;Städteregion Aachen;Aachen;100
75bcab24-d48f-4ca8-8704-8d986860857f;Nordrhein-Westfalen;52072;DIMB IG Rureifel;Städteregion Aachen;Aachen;100
265a3601-b197-47db-baec-1e20a1f8871b;Nordrhein-Westfalen;52074;DIMB IG Rureifel;Städteregion Aachen;Aachen;100
9c837ac6-25e5-45cf-987f-ee64ff1c3c0b;Nordrhein-Westfalen;52076;DIMB IG Rureifel;Städteregion Aachen;Aachen;100
25bec6ea-6651-42e1-ac92-9b364ee6fd1c;Nordrhein-Westfalen;52078;DIMB IG Rureifel;Städteregion Aachen;Aachen;100
06ec83e1-6afb-4b42-a066-1354e2c9378d;Nordrhein-Westfalen;52080;DIMB IG Rureifel;Städteregion Aachen;Aachen;100
b2bff887-a549-4d26-8a2c-8eb3d3def4c2;Nordrhein-Westfalen;52134;DIMB IG Rureifel;Städteregion Aachen;Herzogenrath;100
cbb8ddbb-6f55-4f09-b188-53b0ddb21efb;Nordrhein-Westfalen;52146;DIMB IG Rureifel;Städteregion Aachen;Würselen;100
81158e91-b6cf-431e-8f96-428867147cb8;Nordrhein-Westfalen;52152;DIMB IG Rureifel;Städteregion Aachen;Simmerath;100
ce57e857-2e5d-47d1-84c7-5ff8090db9fc;Nordrhein-Westfalen;52156;DIMB IG Rureifel;Städteregion Aachen;Monschau;100
80a9af9e-ce30-4952-8dee-3d9e99e6c9ce;Nordrhein-Westfalen;52159;DIMB IG Rureifel;Städteregion Aachen;Roetgen;100
1660deb2-018a-4428-830c-f58721ac74eb;Nordrhein-Westfalen;52222;DIMB IG Rureifel;Städteregion Aachen;Stolberg;100
bf376551-63a6-42da-a2c1-68ba2f3c9193;Nordrhein-Westfalen;52223;DIMB IG Rureifel;Städteregion Aachen;Stolberg;100
040a844c-3f17-4724-a6e6-e58bcfe96f24;Nordrhein-Westfalen;52224;DIMB IG Rureifel;Städteregion Aachen;Stolberg;100
7e09070c-e140-478b-b332-7cdad5a219e9;Nordrhein-Westfalen;52249;DIMB IG Rureifel;Städteregion Aachen;Eschweiler;100
9b9c19ff-2203-4ea0-b1dd-d3f6cd804e29;Nordrhein-Westfalen;52349;DIMB IG Rureifel;Kreis Düren;Düren;100
fcf95ca5-a983-4809-988a-4f92ed757a38;Nordrhein-Westfalen;52351;DIMB IG Rureifel;Kreis Düren;Düren;100
6e63839e-4d92-4508-a22a-dfec75f3db06;Nordrhein-Westfalen;52353;DIMB IG Rureifel;Kreis Düren;Düren;100
a97cf5e4-bf9d-48ae-9de4-a468da9f0bff;Nordrhein-Westfalen;52355;DIMB IG Rureifel;Kreis Düren;Düren;100
fb39478b-bfd4-41f1-9afb-c98b88ee476c;Nordrhein-Westfalen;52372;DIMB IG Rureifel;Kreis Düren;Kreuzau;100
d68dcb9c-08c7-4675-8508-96e722183b49;Nordrhein-Westfalen;52379;DIMB IG Rureifel;Kreis Düren;Langerwehe;100
ea6b855e-7c6a-4223-a71c-a56b10f35eb7;Nordrhein-Westfalen;52382;DIMB IG Rureifel;Kreis Düren;Niederzier;100
6c002863-fc52-4455-b35f-d303d39510bb;Nordrhein-Westfalen;52385;DIMB IG Rureifel;Kreis Düren;Nideggen;100
b68db95a-ae6f-4822-897e-4b552fec0b85;Nordrhein-Westfalen;52388;DIMB IG Rureifel;Kreis Düren;Nörvenich;100
c281d13c-214c-447a-8840-5a9a7d0b2e65;Nordrhein-Westfalen;52391;DIMB IG Rureifel;Kreis Düren;Vettweiß;100
39c78da2-6849-433a-9eae-0d0c72ac803a;Nordrhein-Westfalen;52393;DIMB IG Rureifel;Kreis Düren;Hürtgenwald;100
8e3f69fe-d1f4-4b40-92e1-6905cc386368;Nordrhein-Westfalen;52396;DIMB IG Rureifel;Kreis Düren;Heimbach;100
610f69fc-25d2-4256-810b-0ffff1a958b2;Nordrhein-Westfalen;52399;DIMB IG Rureifel;Kreis Düren;Merzenich;100
cb7ab109-d8b9-4e3a-89d1-8a58cff5528f;Nordrhein-Westfalen;52428;DIMB IG Rureifel;Kreis Düren;Jülich;100
a8e1e6ea-02e0-45dc-abe5-90714967a620;Nordrhein-Westfalen;52441;DIMB IG Rureifel;Kreis Düren;Linnich;100
117201e2-f20e-4095-b3ca-9d2c383acb47;Nordrhein-Westfalen;52445;DIMB IG Rureifel;Kreis Düren;Titz;100
809c8d92-9a2d-4980-9976-cfb5b4566666;Nordrhein-Westfalen;52457;DIMB IG Rureifel;Kreis Düren;Aldenhoven;100
d70cd4e0-c2f4-4a8e-a2b5-2cb85e3c74f4;Nordrhein-Westfalen;52459;DIMB IG Rureifel;Kreis Düren;Inden;100
447cd55f-fb90-46f0-bbbd-83c3f573d659;Nordrhein-Westfalen;52477;DIMB IG Rureifel;Städteregion Aachen;Alsdorf;100
08b314da-809a-449d-8e26-ae8aebe60fd5;Nordrhein-Westfalen;52499;DIMB IG Rureifel;Städteregion Aachen;Baesweiler;100
957a3cb1-69a4-4865-8a7d-a319d1478c8b;Nordrhein-Westfalen;53111;DIMB IG Rhein-Sieg;Bonn;Bonn;15
9ebbfe1f-f336-4679-b889-cd4e85b817f9;Nordrhein-Westfalen;53113;DIMB IG Rhein-Sieg;Bonn;Bonn;15
9ebf482b-3687-40e9-ab43-3ad6118a1372;Nordrhein-Westfalen;53115;DIMB IG Rhein-Sieg;Bonn;Bonn;15
c09d049d-a9cc-45b8-8bc3-a3aeb0cdf015;Nordrhein-Westfalen;53117;DIMB IG Rhein-Sieg;Bonn;Bonn;15
8f07da7f-d8bf-4476-8e38-552f2e11ad3c;Nordrhein-Westfalen;53119;DIMB IG Rhein-Sieg;Bonn;Bonn;15
cfb6fe76-c20a-453f-ac41-192ef7313e63;Nordrhein-Westfalen;53121;DIMB IG Rhein-Sieg;Bonn;Bonn;15
d09c8ecb-dcb7-436e-8363-53bb250ae045;Nordrhein-Westfalen;53123;DIMB IG Rhein-Sieg;Bonn;Bonn;15
226418e1-9fc9-4a56-8e3a-56dc890ab97f;Nordrhein-Westfalen;53125;DIMB IG Rhein-Sieg;Bonn;Bonn;15
e8f2e81a-be5b-4b6a-bc35-972fcf67b832;Nordrhein-Westfalen;53127;DIMB IG Rhein-Sieg;Bonn;Bonn;15
66f43447-b9f1-411d-ae66-a3dd6879b1d2;Nordrhein-Westfalen;53129;DIMB IG Rhein-Sieg;Bonn;Bonn;15
c967c136-757b-46e8-b716-f65b1145c061;Nordrhein-Westfalen;53173;DIMB IG Rhein-Sieg;Bonn;Bonn;15
1dd44641-3567-4cd9-ac60-70e6a971e108;Nordrhein-Westfalen;53175;DIMB IG Rhein-Sieg;Bonn;Bonn;15
592c1def-3c0d-483a-a4f5-2f352f7f4167;Nordrhein-Westfalen;53177;DIMB IG Rhein-Sieg;Bonn;Bonn;15
be2d1bd7-f73b-4c8a-a89c-87a5d6b4bdef;Nordrhein-Westfalen;53179;DIMB IG Rhein-Sieg;Bonn;Bonn;15
74783706-ea51-4a84-9e18-9406f78f9ab6;Nordrhein-Westfalen;53225;DIMB IG Rhein-Sieg;Bonn;Bonn;15
31a20b79-2b46-4fce-ad0a-2e07ec4bdec7;Nordrhein-Westfalen;53227;DIMB IG Rhein-Sieg;Bonn;Bonn;15
b57ed236-3713-4687-8274-504946633684;Nordrhein-Westfalen;53229;DIMB IG Rhein-Sieg;Bonn;Bonn;15
e61afa26-b376-46f7-adf7-00fec23ef283;Nordrhein-Westfalen;53332;DIMB IG Rhein-Sieg;Rhein-Sieg-Kreis;Bornheim;15
960d418e-39e7-48b6-8f3c-2029c3ac7239;Nordrhein-Westfalen;53340;DIMB IG Rhein-Sieg;Rhein-Sieg-Kreis;Meckenheim;15
7f8ba5b3-a51f-4b9b-baae-77912bc204b6;Nordrhein-Westfalen;53343;DIMB IG Rhein-Sieg;Rhein-Sieg-Kreis;Wachtberg;15
e211e9a0-d2d3-4672-8260-096096794af2;Nordrhein-Westfalen;53347;DIMB IG Rhein-Sieg;Rhein-Sieg-Kreis;Alfter;15
3fb3a05c-48c0-462e-a39f-5ac877a633bc;Nordrhein-Westfalen;53359;DIMB IG Rhein-Sieg;Rhein-Sieg-Kreis;Rheinbach;15
72989d56-dfb2-44c3-90b2-1c5ad0beb3a2;Rheinland-Pfalz;53539;DIMB IG Moseleifel;Landkreis Vulkaneifel;Bodenbach, Bongard, Borler, Brücktal, Gelenberg, Kelberg, Kirsbach, Reimerath, Welcherath;8
9ddcb7e4-1b52-43db-9864-aeb9df7ae8f3;Nordrhein-Westfalen;53604;DIMB IG Rhein-Sieg;Rhein-Sieg-Kreis;Bad Honnef;15
ff122587-ae31-4440-813b-722f2d85cf74;Nordrhein-Westfalen;53639;DIMB IG Rhein-Sieg;Rhein-Sieg-Kreis;Königswinter;15
1689f337-2d23-47ed-8df8-dfc17fbd974b;Nordrhein-Westfalen;53721;DIMB IG Rhein-Sieg;Rhein-Sieg-Kreis;Siegburg;15
430906c1-7fbe-40c8-bb84-72f26131105f;Nordrhein-Westfalen;53757;DIMB IG Rhein-Sieg;Rhein-Sieg-Kreis;Sankt Augustin;15
1cffbdcb-5b00-4d2c-b32b-58f3421a569a;Nordrhein-Westfalen;53773;DIMB IG Rhein-Sieg;Rhein-Sieg-Kreis;Hennef (Sieg);15
5681f82d-3e41-40dd-80e5-4a598eceaf2e;Nordrhein-Westfalen;53783;DIMB IG Rhein-Sieg;Rhein-Sieg-Kreis;Eitorf;15
52bce84c-7a3b-4657-b6ca-b54ff1db8ddb;Nordrhein-Westfalen;53797;DIMB IG Rhein-Sieg;Rhein-Sieg-Kreis;Lohmar;15
d90fc8f7-aca4-4489-9ce3-019efb3591df;Nordrhein-Westfalen;53804;DIMB IG Rhein-Sieg;Rhein-Sieg-Kreis;Much;15
f52b30dd-7e2a-4da5-a819-a8cbbe82098a;Nordrhein-Westfalen;53809;DIMB IG Rhein-Sieg;Rhein-Sieg-Kreis;Ruppichteroth;15
26e2c452-2991-430c-bdf4-8a6bacd9ac4f;Nordrhein-Westfalen;53819;DIMB IG Rhein-Sieg;Rhein-Sieg-Kreis;Neunkirchen-Seelscheid;15
c0da9d41-f4b8-43f2-b944-05cd77fbbe73;Nordrhein-Westfalen;53840;DIMB IG Rhein-Sieg;Rhein-Sieg-Kreis;Troisdorf;15
8a1a0101-6ba9-4999-bf30-c4652184ab19;Nordrhein-Westfalen;53842;DIMB IG Rhein-Sieg;Rhein-Sieg-Kreis;Troisdorf;15
859f9c32-3769-4b96-9d4c-557fdc1d6119;Nordrhein-Westfalen;53844;DIMB IG Rhein-Sieg;Rhein-Sieg-Kreis;Troisdorf;15
619caee3-09d2-47d1-94bb-308302ea81a9;Nordrhein-Westfalen;53859;DIMB IG Rhein-Sieg;Rhein-Sieg-Kreis;Niederkassel;15
e7f28a80-0c3d-46ae-8f2b-53cf192a6191;Nordrhein-Westfalen;53879;DIMB IG Rhein-Sieg;Kreis Euskirchen;Euskirchen;15
69b1010d-e561-45b2-aaf8-bec0648932a1;Nordrhein-Westfalen;53881;DIMB IG Rhein-Sieg;Kreis Euskirchen;Euskirchen;15
6b387e9f-6091-4a44-8428-9d4183e69af2;Nordrhein-Westfalen;53894;DIMB IG Rhein-Sieg;Kreis Euskirchen;Mechernich;15
b95f1964-23e9-4362-8ba8-d5133b5014f5;Nordrhein-Westfalen;53902;DIMB IG Rhein-Sieg;Kreis Euskirchen;Bad Münstereifel;15
13e11eb7-7811-460b-8edc-689727c6bdef;Nordrhein-Westfalen;53909;DIMB IG Rhein-Sieg;Kreis Euskirchen;Zülpich;15
3afeee34-cfbb-42ee-93ff-636334caf2fd;Nordrhein-Westfalen;53913;DIMB IG Rhein-Sieg;Rhein-Sieg-Kreis;Swisttal;15
143c4650-f547-4517-b9d0-da86a92929ee;Nordrhein-Westfalen;53919;DIMB IG Rhein-Sieg;Kreis Euskirchen;Weilerswist;15
2f213a38-2078-4018-a468-250d2c4a178d;Nordrhein-Westfalen;53925;DIMB IG Rhein-Sieg;Kreis Euskirchen;Kall;15
e2b8f212-a39b-45ac-a0d5-48ec941a36a4;Nordrhein-Westfalen;53937;DIMB IG Rhein-Sieg;Kreis Euskirchen;Schleiden;15
d747f4e0-a33c-43ad-980d-b22012ea437a;Nordrhein-Westfalen;53940;DIMB IG Rhein-Sieg;Kreis Euskirchen;Hellenthal;15
1683ea45-d766-4e28-9a2d-31b41601229f;Nordrhein-Westfalen;53945;DIMB IG Rhein-Sieg;Kreis Euskirchen;Blankenheim;15
2f52fe6c-da74-420e-8e75-b5cdb0e7667b;Nordrhein-Westfalen;53947;DIMB IG Rhein-Sieg;Kreis Euskirchen;Nettersheim;15
4cd7ac44-f990-4f91-bef6-8b9bfb3f2176;Nordrhein-Westfalen;53949;DIMB IG Rhein-Sieg;Kreis Euskirchen;Dahlem;15
44b59c74-de66-4b2a-8a5e-916aa80c57b8;Rheinland-Pfalz;54290;DIMB IG Moseleifel;Trier;Trier;8
0b0ef9e4-61a6-475d-a040-befabc13d8b1;Rheinland-Pfalz;54292;DIMB IG Moseleifel;Trier;Trier;8
c786d45c-afb1-4426-9049-430e4101d26f;Rheinland-Pfalz;54293;DIMB IG Moseleifel;Trier;Trier;8
69dcf9c3-cd62-405c-9b4e-e4e6a5a0bb46;Rheinland-Pfalz;54294;DIMB IG Moseleifel;Trier;Trier;8
e93418d4-0c61-47e2-a484-a833920dbeee;Rheinland-Pfalz;54295;DIMB IG Moseleifel;Trier;Trier;8
4443c30d-f3f4-4ecc-9f47-13b6b15e6e06;Rheinland-Pfalz;54296;DIMB IG Moseleifel;Trier;Trier;8
2bce045e-71da-4918-8dca-c4da3b499808;Rheinland-Pfalz;54298;DIMB IG Moseleifel;Eifelkreis Bitburg-Prüm;Eisenach, Gilzem, Niederweis, Orenhofen;8
b91f23d3-e748-40f6-a84e-90f942a8db81;Rheinland-Pfalz;54298;DIMB IG Moseleifel;Landkreis Trier-Saarburg;Aach, Igel, Welschbillig;8
6c99d13c-cd12-4bdc-b89f-ebcea3275908;Rheinland-Pfalz;54306;DIMB IG Moseleifel;Landkreis Trier-Saarburg;Kordel;8
84fe3550-f14f-4f22-94cd-12ecdce7db82;Rheinland-Pfalz;54308;DIMB IG Moseleifel;Landkreis Trier-Saarburg;Langsur;8
7cd92569-c6b4-48c0-9a4b-51bab6eb0514;Rheinland-Pfalz;54309;DIMB IG Moseleifel;Landkreis Trier-Saarburg;Newel;8
de19bef7-d61b-4d79-b502-a9c7d3fbe790;Rheinland-Pfalz;54310;DIMB IG Moseleifel;Landkreis Trier-Saarburg;Ralingen;8
53972163-ff85-4bc3-b4d0-442906effa00;Rheinland-Pfalz;54310;DIMB IG Moseleifel;Eifelkreis Bitburg-Prüm;Menningen, Minden;8
5ec288a3-4ff6-44c1-b26a-fe0404487a6d;Rheinland-Pfalz;54311;DIMB IG Moseleifel;Landkreis Trier-Saarburg;Trierweiler;8
36251a60-c372-43a6-acf5-abd98bec5b70;Rheinland-Pfalz;54313;DIMB IG Moseleifel;Landkreis Trier-Saarburg;Zemmer;8
cded5bc7-262e-4371-9728-3e7330ef96d4;Rheinland-Pfalz;54314;DIMB IG Moseleifel;Landkreis Trier-Saarburg;Zerf, Baldringen, Greimerath, Hentern, Paschel, Schömerich,;8
315cbb15-d830-4a6d-b960-cc7e4b52eaac;Rheinland-Pfalz;54316;DIMB IG Moseleifel;Landkreis Trier-Saarburg;Bonerath, Franzenheim, Hinzenburg, Hockweiler, Holzerath, Lampaden, Ollmuth, Pluwig, Schöndorf;8
4671f04a-cdca-4698-bed7-f0264f4721a5;Rheinland-Pfalz;54317;DIMB IG Moseleifel;Landkreis Trier-Saarburg;Farschweiler, Gusterath, Gutweiler, Herl, Kasel, Korlingen, Lorscheid, Morscheid, Osburg, Riveris, Sommerau, Thomm;8
8210ce03-ab7a-4065-8565-fd223baca083;Rheinland-Pfalz;54318;DIMB IG Moseleifel;Landkreis Trier-Saarburg;Mertesdorf;8
ffce5e4c-2cc4-4ad6-9ded-267e082813e4;Rheinland-Pfalz;54320;DIMB IG Moseleifel;Landkreis Trier-Saarburg;Waldrach;8
f5295551-6367-43ec-8a3f-dcd6285bb3a1;Rheinland-Pfalz;54329;DIMB IG Moseleifel;Landkreis Trier-Saarburg;Konz;8
f696ce6b-52c5-4e8f-ad37-91c9b564c6d0;Rheinland-Pfalz;54331;DIMB IG Moseleifel;Landkreis Trier-Saarburg;Oberbillig, Pellingen;8
717fc17e-7062-43c0-924b-b0d4355beaef;Rheinland-Pfalz;54332;DIMB IG Moseleifel;Landkreis Trier-Saarburg;Wasserliesch;8
ee05959a-3869-4968-9df6-40e97e27f39b;Rheinland-Pfalz;54338;DIMB IG Moseleifel;Landkreis Trier-Saarburg;Longen, Schweich;8
e25ac992-90e0-4430-b25a-5e105eb14dbc;Rheinland-Pfalz;54340;DIMB IG Moseleifel;Landkreis Trier-Saarburg;Bekond, Detzem, Ensch, Klüsserath, Köwerich, Leiwen, Longuich, Naurath (Eifel), Pölich, Riol, Schleich, Thörnich;8
5e0fbc23-5c47-489b-8967-e7f7ee61d8f5;Rheinland-Pfalz;54341;DIMB IG Moseleifel;Landkreis Trier-Saarburg;Fell;8
3a30ec7b-2b13-47f3-8a2d-c1a2c2aa0097;Rheinland-Pfalz;54343;DIMB IG Moseleifel;Landkreis Trier-Saarburg;Föhren;8
dbdf941f-1c0d-43a6-8f5b-e0f4acfc032c;Rheinland-Pfalz;54344;DIMB IG Moseleifel;Landkreis Trier-Saarburg;Kenn;8
30609969-353f-4de9-a1a5-bfe1904533dd;Rheinland-Pfalz;54346;DIMB IG Moseleifel;Landkreis Trier-Saarburg;Mehring;8
157c114c-fdf6-408c-9a88-d995ea08fd48;Rheinland-Pfalz;54347;DIMB IG Moseleifel;Landkreis Bernkastel-Wittlich;Neumagen-Dhron;8
4d2fce5e-c862-4c11-bc47-8090f03c6cee;Rheinland-Pfalz;54349;DIMB IG Moseleifel;Landkreis Trier-Saarburg;Trittenheim;8
93e6587f-33c5-4bdc-821c-4801005de40d;Rheinland-Pfalz;54411;DIMB IG Moseleifel;Landkreis Bernkastel-Wittlich;Deuselbach, Hermeskeil, Rorodt;8
feecb55f-9a7f-4261-8d15-4ae4ca1357a6;Rheinland-Pfalz;54413;DIMB IG Moseleifel;Landkreis Trier-Saarburg;Bescheid, Beuren (Hochwald), Damflos, Geisfeld, Grimburg, Gusenburg, Rascheid;8
db40259b-6443-4e81-b53e-60050002c437;Rheinland-Pfalz;54421;DIMB IG Moseleifel;Landkreis Trier-Saarburg;Hinzert-Pölert, Reinsfeld;8
0f146685-8a7f-4042-ace3-0d788c92218a;Rheinland-Pfalz;54422;DIMB IG Hunsrück-Nahe;Landkreis Birkenfeld;Börfink;104
9488de11-b733-48e8-b629-6fcf132f1d21;Rheinland-Pfalz;54424;DIMB IG Moseleifel;Landkreis Bernkastel-Wittlich;Burtscheid, Etgert, Gielert, Lückenburg,  Thalfang;8
4a1227ff-a0ec-4fe7-8a19-2b887a5d3f48;Rheinland-Pfalz;54426;DIMB IG Moseleifel;Landkreis Bernkastel-Wittlich;Berglicht, Breit, Büdlich, Dhronecken, Gräfendhron, Heidenburg, Hilscheid, Immert, Malborn, Merschbach, Naurath (Wald), Neunkirchen, Schönberg, Talling;8
4f1d3f30-5fa7-41d7-94a4-f78461bd67b3;Rheinland-Pfalz;54427;DIMB IG Moseleifel;Landkreis Trier-Saarburg;Kell am See;8
63a9cd59-61f2-4778-90ff-df13702ac25b;Rheinland-Pfalz;54429;DIMB IG Moseleifel;Landkreis Trier-Saarburg;Heddert, Mandern, Schillingen, Waldweiler;8
e864649d-655f-456c-a569-ab6baaa3b3ea;Rheinland-Pfalz;54439;DIMB IG Moseleifel;Landkreis Trier-Saarburg;Fisch, Merzkirchen, Palzem, Saarburg;8
a63158d0-30a6-4517-92a1-6386d14cc829;Rheinland-Pfalz;54441;DIMB IG Moseleifel;Landkreis Trier-Saarburg;Ayl, Kanzem, Kastel-Staadt, Kirf, Mannebach, Ockfen, Schoden, Taben-Rodt, Temmels, Trassem, Wawern, Wellen;8
a6455192-34ec-4ac0-94e0-33e35e0e1546;Rheinland-Pfalz;54450;DIMB IG Moseleifel;Landkreis Trier-Saarburg;Freudenburg;8
eb716772-6910-4cf4-be01-581c2b87afb3;Rheinland-Pfalz;54451;DIMB IG Moseleifel;Landkreis Trier-Saarburg;Irsch;8
a52ba74d-fc76-411d-9431-cad95413bc81;Rheinland-Pfalz;54453;DIMB IG Moseleifel;Landkreis Trier-Saarburg;Nittel;8
fbb4e396-9a37-4dfa-a76e-93fa2cda0e6c;Rheinland-Pfalz;54455;DIMB IG Moseleifel;Landkreis Trier-Saarburg;Serrig;8
041d280d-6ba2-43ed-8ccc-5bd6c7ff13f2;Rheinland-Pfalz;54456;DIMB IG Moseleifel;Landkreis Trier-Saarburg;Onsdorf, Tawern;8
da7c9e56-b3bb-4eb0-afac-c797a7e5af87;Rheinland-Pfalz;54457;DIMB IG Moseleifel;Landkreis Trier-Saarburg;Wincheringen;8
94b5e01f-38aa-49fc-b09b-72876f6df305;Rheinland-Pfalz;54459;DIMB IG Moseleifel;Landkreis Trier-Saarburg;Wiltingen;8
d8c9de29-9ef5-4a00-82a8-ce221a8db109;Rheinland-Pfalz;54470;DIMB IG Moseleifel;Landkreis Bernkastel-Wittlich;Bernkastel-Kues, Brauneberg, Graach an der Mosel, Lieser;8
b9934a38-ea76-4184-8822-6183e1bc606e;Rheinland-Pfalz;54472;DIMB IG Moseleifel;Landkreis Bernkastel-Wittlich;Brauneberg, Burgen, Gornhausen, Hochscheid, Kommen, Longkamp, Monzelfeld, Veldenz;8
838459e0-9ca3-41f9-8028-46e45e5ce6df;Rheinland-Pfalz;54483;DIMB IG Moseleifel;Landkreis Bernkastel-Wittlich;Kleinich;8
01af3ead-cc13-4a24-8f3e-94f64814ffa9;Rheinland-Pfalz;54484;DIMB IG Moseleifel;Landkreis Bernkastel-Wittlich;Maring-Noviand;8
6ad4c6cd-8ca9-4a25-a3c6-ba8d5316210f;Rheinland-Pfalz;54486;DIMB IG Moseleifel;Landkreis Bernkastel-Wittlich;Mülheim an der Mosel;8
095175eb-711e-49ed-8460-13e776eb2aa4;Rheinland-Pfalz;54487;DIMB IG Moseleifel;Landkreis Bernkastel-Wittlich;Wintrich;8
c2961c45-ece0-4355-8cf2-620d0bd99342;Rheinland-Pfalz;54492;DIMB IG Moseleifel;Landkreis Bernkastel-Wittlich;Bernkastel-Kues, Erden, Lösnich, Zeltingen-Rachtig;8
58561031-de14-4195-96b6-7fac25d784c6;Rheinland-Pfalz;54497;DIMB IG Moseleifel;Landkreis Bernkastel-Wittlich;Horath, Morbach;8
6eb38ff6-0d33-41e1-99f0-955e6c407526;Rheinland-Pfalz;54498;DIMB IG Moseleifel;Landkreis Bernkastel-Wittlich;Piesport;8
103fdc5c-3b78-4186-a1e0-e94c0b2f2577;Rheinland-Pfalz;54516;DIMB IG Moseleifel;Landkreis Bernkastel-Wittlich;Flußbach, Wittlich;8
c0397370-e82f-4176-9980-a4ae63a52c90;Rheinland-Pfalz;54518;DIMB IG Moseleifel;Landkreis Bernkastel-Wittlich;Altrich, Arenrath, Bergweiler, Binsfeld, Bruch, Dodenburg, Dreis, Esch, Gladbach, Heckenmünster, Heidweiler, Hupperath, Kesten, Minderlittgen,Minheim, Niersbach, Osann-Monzel, Platten, Plein, Rivenich, Sehlem;8
66ae48d9-585a-48ff-8649-d1c1db20ef81;Rheinland-Pfalz;54523;DIMB IG Moseleifel;Landkreis Bernkastel-Wittlich;Dierscheid, Heckenmünster, Hetzerath;8
6c06cb3e-6ec4-42c5-9408-075e78167e87;Rheinland-Pfalz;54524;DIMB IG Moseleifel;Landkreis Bernkastel-Wittlich;Klausen;8
4080743e-c0eb-44c5-8638-b601239a0b01;Rheinland-Pfalz;54526;DIMB IG Moseleifel;Landkreis Bernkastel-Wittlich;Landscheid;8
ae98a12b-28f9-4fff-a8f5-ec6a0e56a695;Rheinland-Pfalz;54528;DIMB IG Moseleifel;Landkreis Bernkastel-Wittlich;Salmtal;8
d8a2eb64-ac1d-4de0-ad34-93a0f8051b2a;Rheinland-Pfalz;54529;DIMB IG Moseleifel;Eifelkreis Bitburg-Prüm;Spangdahlem;8
fd26a7d9-fdc8-4930-b3ce-55f72a8a0c21;Rheinland-Pfalz;54531;DIMB IG Moseleifel;Landkreis Bernkastel-Wittlich;Eckfeld, Manderscheid, Meerfeld, Pantenburg, Wallscheid;8
36c938be-673c-4856-8227-3e2d4407981e;Rheinland-Pfalz;54533;DIMB IG Moseleifel;Eifelkreis Bitburg-Prüm;Gransdorf, Oberkail;8
53b678ed-fb06-449a-ad47-b33541a62a2d;Rheinland-Pfalz;54533;DIMB IG Moseleifel;Landkreis Bernkastel-Wittlich;Bettenfeld, Dierfeld, Eisenschmitt, Gipperath, Greimerath, Hasborn, Laufeld, Niederöfflingen, Niederscheidweiler, Oberöfflingen, Oberscheidweiler, Schwarzenborn, Willwerscheid;8
055bbc41-c8d7-4d2c-b81c-7ed5afe13a7b;Rheinland-Pfalz;54534;DIMB IG Moseleifel;Landkreis Bernkastel-Wittlich;Großlittgen, Karl, Musweiler, Schladt;8
a975d51f-f6b4-47ef-85e8-3a46dded26b6;Rheinland-Pfalz;54536;DIMB IG Moseleifel;Landkreis Bernkastel-Wittlich;Kröv;8
1c5e9d9f-47f3-4dfb-aa5e-8a8d402b3bf4;Rheinland-Pfalz;54538;DIMB IG Moseleifel;Landkreis Bernkastel-Wittlich;Bausendorf, Bengel, Diefenbach, Hontheim, Kinderbeuern, Kinheim;8
564a825d-ee51-438c-8f7f-68cecef1cccb;Rheinland-Pfalz;54539;DIMB IG Moseleifel;Landkreis Bernkastel-Wittlich;Ürzig, Zeltingen-Rachtig;8
0fbc1f5d-8068-4cfe-99c7-b4cd5cb5dca0;Rheinland-Pfalz;54550;DIMB IG Moseleifel;Landkreis Vulkaneifel;Daun;8
e697cf55-05e0-448c-afa5-71040a3b9ee0;Rheinland-Pfalz;54552;DIMB IG Moseleifel;Landkreis Vulkaneifel;Beinhausen, Boxberg, Brockscheid, Darscheid, Demerath, Dockweiler, Dreis-Brück, Ellscheid, Gefell, Hörscheid, Hörschhausen, Immerath, Katzwinkel, Kradenbach, Mehren, Neichen, Nerdlen, Sarmersbach, Schalkenmehren, Schönbach, Steineberg, Steiningen, Strotzbüsch, Üdersdorf, Udler, Utzerath;8
b3d3d996-e361-41ad-8ebe-0a3f2a6059de;Rheinland-Pfalz;54558;DIMB IG Moseleifel;Landkreis Vulkaneifel;Gillenfeld, Mückeln, Saxler, Strohn, Winkel (Eifel);8
ac8198c5-6fe2-4250-a19a-33b5e7bd2529;Rheinland-Pfalz;54568;DIMB IG Moseleifel;Landkreis Vulkaneifel;Gerolstein;8
f27fa151-6a9d-47c4-a43d-7413384666be;Rheinland-Pfalz;54570;DIMB IG Moseleifel;Landkreis Vulkaneifel;Berlingen, Betteldorf, Bleckhausen, Densborn, Deudesfeld, Hinterweiler, Hohenfels-Essingen, Kalenborn-Scheuern, Kirchweiler, Meisburg, Mürlenbach, Neroth, Niederstadtfeld, Oberstadtfeld, Pelm, Rockeskyll, Salm, Schutz, Wallenborn, Weidenbach;8
b2e8ba17-e4d6-42cb-877f-d6fef05e924c;Rheinland-Pfalz;54574;DIMB IG Moseleifel;Landkreis Vulkaneifel;Birresborn, Kopp;8
212b696b-3701-44d9-a7a0-928432aeaaf0;Rheinland-Pfalz;54576;DIMB IG Moseleifel;Landkreis Vulkaneifel;Dohm-Lammersdorf, Hillesheim;8
e6f433a2-c53f-4c87-97f5-e17b9d8c3dfc;Rheinland-Pfalz;54578;DIMB IG Moseleifel;Landkreis Vulkaneifel;Basberg, Berndorf, Kerpen (Eifel), Nohn, Oberbettingen, Oberehe-Stroheich, Walsdorf, Wiesbaum;8
788e2467-b6a2-4869-892b-1d789fabe6d8;Rheinland-Pfalz;54579;DIMB IG Moseleifel;Landkreis Vulkaneifel;Üxheim;8
6a5bd0df-973e-4db1-bc05-333daffc19ca;Rheinland-Pfalz;54584;DIMB IG Moseleifel;Landkreis Vulkaneifel;Feusdorf, Gönnersdorf, Jünkerath;8
a3c928c6-6e21-4aee-82d2-b278888a06a2;Rheinland-Pfalz;54585;DIMB IG Moseleifel;Landkreis Vulkaneifel;Esch;8
6f0fb0d0-635b-47d7-92a5-f56036207de1;Rheinland-Pfalz;54586;DIMB IG Moseleifel;Landkreis Vulkaneifel;Schüller;8
7549804d-cb74-4ceb-9414-f558abd7e3de;Rheinland-Pfalz;54587;DIMB IG Moseleifel;Landkreis Vulkaneifel;Birgel, Lissendorf;8
25d1b358-1182-4073-a593-bd483611e0d4;Rheinland-Pfalz;54589;DIMB IG Moseleifel;Landkreis Vulkaneifel;Kerschenbach, Stadtkyll;8
5b6a4079-6931-4406-9fef-2d2f010daf93;Rheinland-Pfalz;54595;DIMB IG Moseleifel;Eifelkreis Bitburg-Prüm;Gondenbrett, Orlenbach, Pittenbach, Prüm, Watzerath, Weinsheim;8
1278dd89-2564-4944-b8c6-d586fc2ffcc9;Rheinland-Pfalz;54597;DIMB IG Moseleifel;Eifelkreis Bitburg-Prüm;Auw bei Prüm, Balesfeld, Burbach, Euscheid, Feuerscheid, Fleringen, Habscheid, Hersdorf, Kinzenburg, Kleinlangenfeld, Lascheid, Lierfeld, Lünebach, Masthorn, Matzerath, Merlscheid, Neuendorf, Neuheilenbach, Olzheim, Plütscheid, Pronsfeld, Rommersheim, Roth bei Prüm, Schwirzheim, Seiwerath, Strickscheid, Wallersheim;8
7f779163-a3c6-4013-95a7-16c235bcf22f;Rheinland-Pfalz;54597;DIMB IG Moseleifel;Landkreis Vulkaneifel;Duppach, Ormont, Reuth, Steffeln;8
3e8a99ca-f7b8-4797-b6b3-9f8acfb9cf83;Rheinland-Pfalz;54608;DIMB IG Moseleifel;Eifelkreis Bitburg-Prüm;Bleialf, Brandscheid, Buchet, Großlangenfeld, Mützenich, Oberlascheid, Sellerich, Winterscheid;8
29705e67-2f3b-4b08-9af9-40ecccadda7c;Rheinland-Pfalz;54610;DIMB IG Moseleifel;Eifelkreis Bitburg-Prüm;Büdesheim;8
161ec32c-11f5-407c-9b84-3a4107537ebe;Rheinland-Pfalz;54611;DIMB IG Moseleifel;Landkreis Vulkaneifel;Hallschlag, Scheid;8
030621ce-84f9-4256-a5fd-a6a198df41b2;Rheinland-Pfalz;54612;DIMB IG Moseleifel;Eifelkreis Bitburg-Prüm;Lasel, Nimshuscheid, Wawern;8
6e8c0c54-b33b-4756-879e-d3d4976c1db3;Rheinland-Pfalz;54614;DIMB IG Moseleifel;Eifelkreis Bitburg-Prüm;Dingdorf, Giesdorf, Heisdorf, Niederlauch, Nimsreuland, Oberlauch, Schönecken, Winringen;8
1d8ccbb2-4abf-4327-8306-d7e2080bade2;Rheinland-Pfalz;54616;DIMB IG Moseleifel;Eifelkreis Bitburg-Prüm;Winterspelt;8
5e3f8811-6c4e-405b-980b-961615f3b591;Rheinland-Pfalz;54617;DIMB IG Moseleifel;Eifelkreis Bitburg-Prüm;Harspelt, Lützkampen, Sevenig (Our);8
f3b48e65-8244-4c00-8072-f273b0a4c20b;Rheinland-Pfalz;54619;DIMB IG Moseleifel;Eifelkreis Bitburg-Prüm;Eschfeld, Großkampenberg, Heckhuscheid, Herzfeld, Kesfeld, Leidenborn, Lichtenborn, Reiff, Roscheid, Sengerich, Üttfeld;8
76b23f10-d2e1-4360-9d01-b75c2d507b61;Rheinland-Pfalz;54634;DIMB IG Moseleifel;Eifelkreis Bitburg-Prüm;Birtlingen, Bitburg, Metterich, Niederstedem, Oberstedem;8
c507522f-e17d-4a22-8d99-26ffbb256f87;Rheinland-Pfalz;54636;DIMB IG Moseleifel;Eifelkreis Bitburg-Prüm;Altscheid, Baustert, Bickendorf, Biersdorf am See, Brecht, Dahlem, Dockendorf, Echtershausen, Ehlenz, Eßlingen, Feilsdorf, Fließem, Hamm, Heilenbach, Hütterscheid, Hüttingen an der Kyll, Idenheim, Idesheim, Ingendorf, Ließem, Meckel, Messerich, Mülbach, Nattenheim, Niederweiler, Oberweiler, Oberweis, Rittersdorf, Röhl, Scharfbillig, Schleid, Seffern, Sefferweich, Sülm, Trimport, Weidingen, Wiersdorf, Wißmannsdorf, Wolsfeld;8
46de92fd-b684-4b2d-afa2-3fdacf04e15a;Rheinland-Pfalz;54646;DIMB IG Moseleifel;Eifelkreis Bitburg-Prüm;Bettingen, Brimingen, Burg, Enzen, Halsdorf, Niehl, Olsdorf, Stockem, Wettlingen;8
1366d594-bf4e-4883-96b0-95d144627c14;Rheinland-Pfalz;54647;DIMB IG Moseleifel;Eifelkreis Bitburg-Prüm;Dudeldorf, Gondorf, Pickließem;8
96b57767-ec1e-422a-bc73-c13c9a4c5d50;Rheinland-Pfalz;54649;DIMB IG Moseleifel;Eifelkreis Bitburg-Prüm;Dackscheid, Eilscheid, Hargarten, Lambertsberg, Lauperath, Manderscheid, Mauel, Niederpierscheid, Oberpierscheid, Pintesfeld, Waxweiler;8
73b039e3-631b-4178-9f2e-290fc4f6f2d3;Rheinland-Pfalz;54655;DIMB IG Moseleifel;Eifelkreis Bitburg-Prüm;Etteldorf, Kyllburg, Kyllburgweiler, Malberg, Malbergweich, Orsfeld, Sankt Thomas, Seinsfeld, Steinborn, Usch, Wilsecker, Zendscheid;8
7e47fb86-dcbe-4f79-940a-74358c2b2d8e;Rheinland-Pfalz;54657;DIMB IG Moseleifel;Eifelkreis Bitburg-Prüm;Badem, Gindorf, Neidenbach;8
c8cdbe90-c7ea-44b3-8087-0accc9d0cd32;Rheinland-Pfalz;54662;DIMB IG Moseleifel;Eifelkreis Bitburg-Prüm;Beilingen, Herforst, Philippsheim, Speicher;8
f57c2fdc-c32a-40dd-b0a1-31d842efbdc2;Rheinland-Pfalz;54664;DIMB IG Moseleifel;Eifelkreis Bitburg-Prüm;Auw an der Kyll, Hosten, Preist;8
55147214-b235-4dca-904a-28c3d28271c1;Rheinland-Pfalz;54666;DIMB IG Moseleifel;Eifelkreis Bitburg-Prüm;Irrel;8
d3eabe01-bfc9-4806-8990-d4c08e9f02b5;Rheinland-Pfalz;54668;DIMB IG Moseleifel;Eifelkreis Bitburg-Prüm;Alsdorf, Echternacherbrück, Ernzen, Ferschweiler, Holsthum, Kaschenbach, Niederweis, Peffingen, Prümzurlay, Schankweiler;8
551b0b4a-f858-433e-bae4-a7b38a149623;Rheinland-Pfalz;54669;DIMB IG Moseleifel;Eifelkreis Bitburg-Prüm;Bollendorf;8
6193116d-7e7b-4e33-a336-29385279674f;Rheinland-Pfalz;54673;DIMB IG Moseleifel;Eifelkreis Bitburg-Prüm;Ammeldingen bei Neuerburg, Bauler, Berkoth, Berscheid, Dauwelshausen,Emmelbaum, Gemünd, Heilbach, Herbstmühle, Hütten, Karlshausen, Keppeshausen, Koxhausen, Krautscheid, Leimbach, Muxerath, Nasingen, Neuerburg, Plascheid, Preischeid, Rodershausen, Scheitenkorb, Scheuern, Sevenig bei Neuerburg, Uppershausen, Waldhof-Falkenstein, Zweifelscheid;8
971034c1-d696-41c2-ace9-d4534fcdf193;Rheinland-Pfalz;54675;DIMB IG Moseleifel;Eifelkreis Bitburg-Prüm;Ammeldingen an der Our, Biesdorf, Fischbach-Oberraden, Geichlingen, Gentingen, Hommerdingen, Hüttingen bei Lahr, Körperich, Kruchten, Lahr, Mettendorf, Niedergeckler, Niederraden, Nusbaum, Obergeckler, Roth an der Our, Sinspelt, Utscheid, Wallendorf;8
9189e9d0-1238-44ba-88ff-a12301cfb6f1;Rheinland-Pfalz;54687;DIMB IG Moseleifel;Eifelkreis Bitburg-Prüm;Arzfeld;8
534cb8d9-2a9b-43cb-a1fe-fee77d629d88;Rheinland-Pfalz;54689;DIMB IG Moseleifel;Eifelkreis Bitburg-Prüm;Affler, Dahnen, Daleiden, Dasburg, Irrhausen, Jucken, Kickeshausen, Olmscheid, Preischeid, Reipeldingen, Übereisenbach;8
a3d3764d-d9a6-4e41-a04e-737f6df731fc;Rheinland-Pfalz;55116;DIMB IG Hunsrück-Nahe;Mainz;Mainz;104
2e60de0f-e63b-4a82-8ec5-3853a4ffb487;Rheinland-Pfalz;55118;DIMB IG Hunsrück-Nahe;Mainz;Mainz;104
6a64fd46-6612-4188-9bd7-f5a8dcbb1124;Rheinland-Pfalz;55120;DIMB IG Hunsrück-Nahe;Mainz;Mainz;104
431f9109-447a-4d37-bab5-601f4b8c39e4;Rheinland-Pfalz;55122;DIMB IG Hunsrück-Nahe;Mainz;Mainz;104
b9e43a66-3268-4ed4-a985-56bfa3faf331;Rheinland-Pfalz;55124;DIMB IG Hunsrück-Nahe;Mainz;Mainz;104
50aa4d7d-6ec4-496b-a36e-977cb6a6e9c2;Rheinland-Pfalz;55126;DIMB IG Hunsrück-Nahe;Mainz;Mainz;104
d0a09d9e-d425-440c-8a15-e08b878a5a19;Rheinland-Pfalz;55127;DIMB IG Hunsrück-Nahe;Mainz;Mainz;104
35d775bf-0173-4fda-b084-2d2792b40f40;Rheinland-Pfalz;55128;DIMB IG Hunsrück-Nahe;Mainz;Mainz;104
52618f76-c24b-4a84-9051-b2eace27a711;Rheinland-Pfalz;55129;DIMB IG Hunsrück-Nahe;Mainz;Mainz;104
869ccbf2-97cf-4d55-8060-95503e403f40;Rheinland-Pfalz;55130;DIMB IG Hunsrück-Nahe;Mainz;Mainz;104
5756b0f0-7e89-480b-b998-ce77766ed413;Rheinland-Pfalz;55131;DIMB IG Hunsrück-Nahe;Mainz;Mainz;104
e9780111-9c39-4672-815e-5aa780125080;Rheinland-Pfalz;55218;DIMB IG Hunsrück-Nahe;Landkreis Mainz-Bingen;Ingelheim am Rhein;104
bc7ec633-5d58-4480-8c32-672586ed45c8;Hessen;55246;DIMB IG Wiesbaden;Wiesbaden;Wiesbaden;98
d7bcefe9-c290-4d7e-a5fd-f8ff0a9ab446;Hessen;55252;DIMB IG Wiesbaden;Wiesbaden;Wiesbaden;98
6d3e9eb6-3e11-4f8d-b35b-9524a6de3c78;Rheinland-Pfalz;55257;DIMB IG Hunsrück-Nahe;Landkreis Mainz-Bingen;Budenheim;104
f5dc5101-7e10-49c6-b251-24c394004866;Rheinland-Pfalz;55262;DIMB IG Hunsrück-Nahe;Landkreis Mainz-Bingen;Ingelheim am Rhein;104
9dfe7fcc-b392-4811-8dc5-ddad4e0fe438;Rheinland-Pfalz;55263;DIMB IG Hunsrück-Nahe;Landkreis Mainz-Bingen;Ingelheim am Rhein;104
3b985b9c-bbd9-4fd5-8097-4abf8c3489e6;Rheinland-Pfalz;55268;DIMB IG Hunsrück-Nahe;Landkreis Mainz-Bingen;Nieder-Olm;104
7bdd27ee-f196-4033-a611-24afd84802d5;Rheinland-Pfalz;55270;DIMB IG Hunsrück-Nahe;Landkreis Mainz-Bingen;Bubenheim, Engelstadt,Essenheim, Jugenheim in Rheinhessen, Klein-Winternheim, Ober-Olm, Schwabenheim an der Selz, Sörgenloch, Zornheim;104
2420a465-991e-4066-8fee-cded88bfced1;Rheinland-Pfalz;55271;DIMB IG Hunsrück-Nahe;Landkreis Mainz-Bingen;Stadecken-Elsheim;104
f7996701-98f8-4b15-844d-4b97ef5b394f;Rheinland-Pfalz;55276;DIMB IG Hunsrück-Nahe;Landkreis Mainz-Bingen;Dienheim, Oppenheim;104
9d5263cc-5821-424b-aa9b-c8badd67d8d6;Rheinland-Pfalz;55278;DIMB IG Hunsrück-Nahe;Landkreis Mainz-Bingen;Dalheim, Dexheim,Dolgesheim, Eimsheim, Friesenheim, Hahnheim, Köngernheim, Ludwigshöhe, Mommenheim, Selzen, Uelversheim, Undenheim, Weinolsheim;104
790f2c11-4497-45e8-9394-20540e7852cf;Rheinland-Pfalz;55283;DIMB IG Hunsrück-Nahe;Landkreis Mainz-Bingen;Nierstein;104
24d30917-78af-4b39-8719-eebfc9677dd8;Rheinland-Pfalz;55294;DIMB IG Hunsrück-Nahe;Landkreis Mainz-Bingen;Bodenheim;104
b3c91280-c241-4147-a4d6-32049dbc7c92;Rheinland-Pfalz;55296;DIMB IG Hunsrück-Nahe;Landkreis Mainz-Bingen;Gau-Bischofsheim, Harxheim, Lörzweiler;104
e58054b4-9931-4f08-8cd8-6a125a5cd93e;Rheinland-Pfalz;55299;DIMB IG Hunsrück-Nahe;Landkreis Mainz-Bingen;Nackenheim;104
6ec6445c-e660-44c4-9c38-3655766bbdb8;Rheinland-Pfalz;55411;DIMB IG Hunsrück-Nahe;Landkreis Mainz-Bingen;Bingen am Rhein;104
cce69a19-9292-470a-954a-0dcddf554492;Rheinland-Pfalz;55413;DIMB IG Hunsrück-Nahe;Landkreis Mainz-Bingen;Manubach, Niederheimbach, Oberdiebach, Oberheimbach, Trechtingshausen, Weiler bei Bingen;104
40d40d38-f9d2-4892-a9df-61e5355e569e;Rheinland-Pfalz;55422;DIMB IG Hunsrück-Nahe;Landkreis Mainz-Bingen;Bacharach, Breitscheid;104
3d2889a9-cae0-4538-94ff-b043f4009294;Rheinland-Pfalz;55424;DIMB IG Hunsrück-Nahe;Landkreis Mainz-Bingen;Münster-Sarmsheim;104
0ea1c097-901e-4e6c-92a4-bc1df5e86da3;Rheinland-Pfalz;55425;DIMB IG Hunsrück-Nahe;Landkreis Mainz-Bingen;Waldalgesheim;104
539c175a-6550-4f75-8a4f-acf3dca5cfca;Rheinland-Pfalz;55430;DIMB IG Hunsrück-Nahe;Rhein-Hunsrück-Kreis;Oberwesel, Perscheid, Urbar;104
bd2acbb6-a025-4713-95cb-43a7244709db;Rheinland-Pfalz;55432;DIMB IG Hunsrück-Nahe;Rhein-Hunsrück-Kreis;Damscheid, Niederburg;104
80468cdf-71dc-4e03-a2ec-7f391240067e;Rheinland-Pfalz;55435;DIMB IG Hunsrück-Nahe;Landkreis Mainz-Bingen;Gau-Algesheim;104
98f4f2bf-0add-4bcc-9047-65602c10f192;Rheinland-Pfalz;55437;DIMB IG Hunsrück-Nahe;Landkreis Mainz-Bingen;Appenheim, Nieder-Hilbersheim, Ober-Hilbersheim, Ockenheim;104
c522442d-466f-421e-953b-85e23046a620;Rheinland-Pfalz;55442;DIMB IG Hunsrück-Nahe;Landkreis Bad Kreuznach;Daxweiler, Roth, Stromberg, Warmsroth;104
ad69ca70-2ea9-4802-9926-e2d6b25cb3ac;Rheinland-Pfalz;55444;DIMB IG Hunsrück-Nahe;Landkreis Bad Kreuznach;Dörrebach, Eckenroth, Schöneberg, Schweppenhausen, Seibersbach, Waldlaubersheim;104
fac96298-0ab9-44ea-a9b8-d9fb6ebf5280;Rheinland-Pfalz;55450;DIMB IG Hunsrück-Nahe;Landkreis Bad Kreuznach;Langenlonsheim;104
b751b4e3-3518-4eed-a0ea-4fa4fcac6a5d;Rheinland-Pfalz;55452;DIMB IG Hunsrück-Nahe;Landkreis Bad Kreuznach;Dorsheim, Guldental, Hergenfeld, Laubenheim, Rümmelsheim, Windesheim;104
034710b3-6c2b-4d0c-8c30-5ad236ccbfed;Rheinland-Pfalz;55457;DIMB IG Hunsrück-Nahe;Landkreis Mainz-Bingen;Gensingen, Horrweiler;104
69eeffbe-65dd-4925-851d-444f62b29cce;Rheinland-Pfalz;55459;DIMB IG Hunsrück-Nahe;Landkreis Mainz-Bingen;Aspisheim, Grolsheim;104
65c88181-ac9e-4634-90fe-f39bdee64d04;Rheinland-Pfalz;55469;DIMB IG Hunsrück-Nahe;Rhein-Hunsrück-Kreis;Altweidelbach, Belgweiler, Bergenhausen, Budenbach, Holzbach, Horn, Klosterkumbd, Mutterschied, Nannhausen, Niederkumbd, Ohlweiler, Oppertshausen, Pleizenhausen, Rayerschied, Riegenroth, Schönborn, Simmern/Hunsrück;104
068d085d-a7fb-42f3-a28f-f63561a5f3a0;Rheinland-Pfalz;55471;DIMB IG Hunsrück-Nahe;Rhein-Hunsrück-Kreis;Biebern, Fronhofen, Keidelheim, Külz (Hunsrück), Kümbdchen, Neuerkirch, Ravengiersburg, Reich, Sargenroth, Tiefenbach, Wüschheim;104
de6c8e32-c24a-4861-8874-f82b61faa459;Rheinland-Pfalz;55481;DIMB IG Hunsrück-Nahe;Rhein-Hunsrück-Kreis;Dillendorf, Hecken, Kirchberg, Kludenbach, Lindenschied, Maitzborn, Metzenhausen, Nieder Kostenz, Ober Kostenz, Reckershausen, Rödern, Schwarzen, Todenroth, Womrath;104
c361b15f-8cb2-472c-856b-18f0e26d5458;Rheinland-Pfalz;55483;DIMB IG Hunsrück-Nahe;Rhein-Hunsrück-Kreis;Bärenbach, Dickenschied, Heinzenbach, Hirschfeld (Hunsrück), Horbruch, Kappel, Krummenau, Lautzenhausen, Schlierschied, Unzenberg;104
70123c5f-6c08-42ab-a60c-cbe5744c3a58;Rheinland-Pfalz;55487;DIMB IG Hunsrück-Nahe;Rhein-Hunsrück-Kreis;Dill, Laufersweiler, Niedersohren, Sohren, Sohrschied;104
26396734-2789-488a-95d7-798ba936dfcc;Rheinland-Pfalz;55490;DIMB IG Hunsrück-Nahe;Rhein-Hunsrück-Kreis;Gehlweiler, Gemünden, Henau, Mengerschied, Rohrbach, Woppenrot;104
66fcb6ae-a172-44e1-80d5-80cb4aac6ae9;Rheinland-Pfalz;55491;DIMB IG Hunsrück-Nahe;Rhein-Hunsrück-Kreis;Büchenbeuren, Niederweiler, Wahlenau;104
6b234dc0-568b-4d97-a72a-3ae0860c62f9;Rheinland-Pfalz;55494;DIMB IG Hunsrück-Nahe;Rhein-Hunsrück-Kreis;Benzweiler, Dichtelbach, Erbach, Liebshausen, Mörschbach, Rheinböllen, Wahlbach;104
30bc5021-740d-47de-b81a-7bffd05af4a3;Rheinland-Pfalz;55496;DIMB IG Hunsrück-Nahe;Rhein-Hunsrück-Kreis;Argenthal;104
fdf440c9-19d9-4bde-aacc-141d964237fa;Rheinland-Pfalz;55497;DIMB IG Hunsrück-Nahe;Rhein-Hunsrück-Kreis;Ellern (Hunsrück), Schnorbach;104
88bdf3fa-7ae4-48eb-a5b6-e9ef8d4a1a79;Rheinland-Pfalz;55499;DIMB IG Hunsrück-Nahe;Rhein-Hunsrück-Kreis;Riesweiler;104
093b089b-ac48-4128-8896-8022d2d5be0d;Rheinland-Pfalz;55543;DIMB IG Hunsrück-Nahe;Landkreis Bad Kreuznach;Bad Kreuznach;104
6b28be19-1137-40e7-8e41-68b313afbc68;Rheinland-Pfalz;55545;DIMB IG Hunsrück-Nahe;Landkreis Bad Kreuznach;Bad Kreuznach;104
5e623594-0098-425e-aaaa-daf1f31ce793;Rheinland-Pfalz;55546;DIMB IG Hunsrück-Nahe;Landkreis Bad Kreuznach;Biebelsheim, Frei-Laubersheim, Fürfeld, Hackenheim, Neu-Bamberg, Pfaffen-Schwabenheim, Tiefenthal, Volxheim;104
96d501d9-c812-4214-96d5-6dac33745042;Rheinland-Pfalz;55559;DIMB IG Hunsrück-Nahe;Landkreis Bad Kreuznach;Bretzenheim;104
92a7a7d3-747a-477d-bb02-cc9e9ad60b75;Rheinland-Pfalz;55566;DIMB IG Hunsrück-Nahe;Landkreis Bad Kreuznach;Bad Sobernheim, Daubach, Ippenschied, Kirschroth, Meddersheim, Rehbach;104
a713e4d0-6220-4f75-9345-f90a702ca5b6;Rheinland-Pfalz;55568;DIMB IG Hunsrück-Nahe;Landkreis Bad Kreuznach;Abtweiler, Lauschied, Staudernheim;104
c5107841-aa20-420a-a5c0-c9ec7c6c3f00;Rheinland-Pfalz;55569;DIMB IG Hunsrück-Nahe;Landkreis Bad Kreuznach;Auen, Langenthal, Monzingen, Nußbaum;104
0de37134-de18-498b-8494-a1da7e7da38b;Rheinland-Pfalz;55571;DIMB IG Hunsrück-Nahe;Landkreis Bad Kreuznach;Odernheim am Glan;104
74b2f4ca-53ff-4813-b209-92f07aa58b0e;Rheinland-Pfalz;55576;DIMB IG Hunsrück-Nahe;Landkreis Mainz-Bingen;Badenheim, Pleitersheim, Sprendlingen, Welgesheim, Zotzenheim;104
a9eedd56-ca8d-4e7a-ac3e-9efac8467c1d;Rheinland-Pfalz;55578;DIMB IG Hunsrück-Nahe;Landkreis Mainz-Bingen;Sankt Johann, Wolfsheim;104
c439fa78-e198-4be5-9b91-82d33e871ca7;Rheinland-Pfalz;55583;DIMB IG Hunsrück-Nahe;Landkreis Bad Kreuznach;Bad Kreuznach;104
96cdfaba-f735-4789-9e66-67a8153bc124;Rheinland-Pfalz;55585;DIMB IG Hunsrück-Nahe;Landkreis Bad Kreuznach;Altenbamberg, Duchroth, Hochstätten, Niederhausen, Norheim, Oberhausen an der Nahe;104
30d96a30-a0e1-496b-86f7-7eaed047f921;Rheinland-Pfalz;55590;DIMB IG Hunsrück-Nahe;Landkreis Bad Kreuznach;Meisenheim;104
c9194976-3ca2-46cb-abc5-dc11fa0e6dfc;Rheinland-Pfalz;55592;DIMB IG Hunsrück-Nahe;Landkreis Bad Kreuznach;Breitenheim, Desloch, Jeckenbach, Raumbach, Rehborn;104
072fcc4f-faf3-4b0b-ab54-b1cb823f80f7;Rheinland-Pfalz;55593;DIMB IG Hunsrück-Nahe;Landkreis Bad Kreuznach;Rüdesheim;104
89b83894-0972-42c0-b60b-dc224e86d0e7;Rheinland-Pfalz;55595;DIMB IG Hunsrück-Nahe;Landkreis Bad Kreuznach;Allenfeld, Argenschwang, Bockenau, Boos, Braunweiler, Burgsponheim, Dalberg, Gebroth, Gutenberg, Hargesheim, Hüffelsheim, Mandel, Münchwald, Roxheim, Sankt Katharinen, Sommerloch, Spabrücken, Spall, Sponheim, Traisen, Wallhausen, Weinsheim, Winterbach, Winterburg;104
cf080d55-c5f3-4c5c-8ae0-933b639f3a1e;Rheinland-Pfalz;55596;DIMB IG Hunsrück-Nahe;Landkreis Bad Kreuznach;Oberstreit, Schloßböckelheim, Waldböckelheim;104
62bfb3b6-3a8e-4a4f-96d4-c3cb5621d9dd;Rheinland-Pfalz;55606;DIMB IG Hunsrück-Nahe;Landkreis Bad Kreuznach;Bärweiler, Brauweiler, Bruschied, Hahnenbach, Heimweiler, Heinzenberg, Hochstetten-Dhaun, Horbach, Kellenbach, Kirn, Königsau, Limbach, Meckenbach, Oberhausen bei Kirn, Otzweiler;104
215a5539-0f61-4a62-8c35-7b10a4c2f4c4;Rheinland-Pfalz;55608;DIMB IG Hunsrück-Nahe;Landkreis Bad Kreuznach;Becherbach bei Kirn, Schneppenbach;104
23f15dde-e8c4-4177-a882-240aaddb3c20;Rheinland-Pfalz;55608;DIMB IG Hunsrück-Nahe;Landkreis Birkenfeld;Bergen, Berschweiler bei Kirn, Griebelschied, Hausen;104
b4ffeff2-9938-43f0-80d7-ba3c1549aa62;Rheinland-Pfalz;55618;DIMB IG Hunsrück-Nahe;Landkreis Bad Kreuznach;Simmertal;104
03a12f66-03fe-452a-9e2a-23d5cdc13a60;Rheinland-Pfalz;55619;DIMB IG Hunsrück-Nahe;Landkreis Bad Kreuznach;Hennweiler;104
6568b24a-8826-454f-bab1-4be4689af38e;Rheinland-Pfalz;55621;DIMB IG Hunsrück-Nahe;Landkreis Bad Kreuznach;Hundsbach;104
e004c5d5-e83e-4635-b881-2912c8eee926;Rheinland-Pfalz;55624;DIMB IG Hunsrück-Nahe;Landkreis Birkenfeld;Bollenbach, Gösenroth, Oberkirn, Rhaunen, Schwerbach, Weitersbach;104
d9a1a293-8f87-4dd2-9608-bac4c6430fda;Rheinland-Pfalz;55626;DIMB IG Hunsrück-Nahe;Landkreis Birkenfeld;Bundenbach;104
cc632b2b-2cab-4934-8903-7d205d9b72d2;Rheinland-Pfalz;55627;DIMB IG Hunsrück-Nahe;Landkreis Bad Kreuznach;Martinstein, Merxheim, Weiler bei Monzingen;104
bbb32fd0-546b-41aa-bc33-2f1356fae1ba;Rheinland-Pfalz;55629;DIMB IG Hunsrück-Nahe;Landkreis Bad Kreuznach;Schwarzerden, Seesbach, Weitersborn;104
2c07475a-68d0-4759-bd89-c6ee2ffb9935;Rheinland-Pfalz;55743;DIMB IG Hunsrück-Nahe;Landkreis Birkenfeld;Fischbach, Gerach, Hintertiefenbach, Idar-Oberstein, Kirschweiler;104
6c7d8c36-4cc3-48a2-8b52-510fb8b7bd3a;Rheinland-Pfalz;55756;DIMB IG Hunsrück-Nahe;Landkreis Birkenfeld;Herrstein;104
c3475b6e-bc95-4e5d-93a3-6083a517810c;Rheinland-Pfalz;55758;DIMB IG Hunsrück-Nahe;Landkreis Birkenfeld;Allenbach, Asbach, Breitenthal, Bruchweiler, Dickesbach, Hellertshausen, Herborn, Hettenrodt, Hottenbach, Kempfeld, Langweiler, Mackenrodt, Mittelreidenbach, Mörschied, Niederhosenbach, Niederwörresbach, Oberhosenbach, Oberreidenbach, Oberwörresbach, Schauren, Schmidthachenbach, Sensweiler, Sein, Sienhachenbach, Sonnschied, Stipshausen, Sulzbach, Veitsrodt, Vollmersbach, Weiden, Wickenrodt, Wirschweiler;104
7883933a-304a-4b3c-892b-277bad6358bb;Rheinland-Pfalz;55758;DIMB IG Hunsrück-Nahe;Landkreis Bad Kreuznach;Bärenbach;104
0a529196-b501-4c82-ad43-e87abf5be788;Rheinland-Pfalz;55765;DIMB IG Hunsrück-Nahe;Landkreis Birkenfeld;Birkenfeld, Dambach, Dienstweiler, Elchweiler, Ellenberg, Ellweiler, Oberhambach, Rimsberg, Schmißberg;104
fc4ad8d5-a922-4f2b-94ea-9c1d879e84e1;Rheinland-Pfalz;55767;DIMB IG Hunsrück-Nahe;Landkreis Birkenfeld;Abentheuer, Achtelsbach, Brücken, Buhlenberg, Gimbweiler, Gollenberg, Hattgenstein, Kronweiler, Leisel, Meckenbach, Niederbrombach, Niederhambach, Nohen, Oberbrombach, Rinzenberg, Rötsweiler-Nockenthal, Schwollen, Siesbach, Sonnenberg-Winnenberg, Wilzenberg-Hußweiler;104
a704d0c5-2418-4cea-a59f-cbf5abb429ac;Rheinland-Pfalz;55768;DIMB IG Hunsrück-Nahe;Landkreis Birkenfeld;Hoppstädten-Weiersbach;104
711f6937-32a2-4109-8db1-feddd0d2ffa2;Rheinland-Pfalz;55774;DIMB IG Hunsrück-Nahe;Landkreis Birkenfeld;Baumholder;104
ec4ff233-e48c-4414-b3bf-4411e9a3c3e5;Rheinland-Pfalz;55776;DIMB IG Hunsrück-Nahe;Landkreis Birkenfeld;Berglangenbach, Frauenberg, Hahnweiler, Reichenbach, Rohrbach, Rückweiler, Ruschberg;104
d7806701-45f3-44d7-b423-027bc69e58d8;Rheinland-Pfalz;55777;DIMB IG Hunsrück-Nahe;Landkreis Birkenfeld;Berschweiler bei Baumholder, Eckersweiler, Fohren-Linden, Mettweiler;104
e16745c0-fb48-4488-9172-cdeba275750c;Rheinland-Pfalz;55779;DIMB IG Hunsrück-Nahe;Landkreis Birkenfeld;Heimbach, Leitzweiler;104
af6c20d7-a58e-4966-8f10-0b36d0e510e6;Rheinland-Pfalz;56154;DIMB IG Hunsrück-Nahe;Rhein-Hunsrück-Kreis;Boppard;104
aa7eb295-d1db-4c25-b89d-d953a4aa9306;Rheinland-Pfalz;56253;DIMB IG Moseleifel;Landkreis Cochem-Zell;Treis-Karden;8
efd7add3-7f4d-4d4c-8772-bbe96162db25;Rheinland-Pfalz;56254;DIMB IG Moseleifel;Landkreis Cochem-Zell;Moselkern, Müden (Mosel);8
4298b392-9920-45b7-887e-a25248369b2c;Rheinland-Pfalz;56281;DIMB IG Hunsrück-Nahe;Rhein-Hunsrück-Kreis;Dörth, Emmelshausen, Hungenroth, Karbach, Schwall;104
096d92f0-47f0-4186-8440-0bbbb3ff460a;Rheinland-Pfalz;56283;DIMB IG Hunsrück-Nahe;Rhein-Hunsrück-Kreis;Beulich, Gondershausen, Halsenbach, Kratzenburg, Mermuth, Morshausen, Ney;104
93cb302f-fe1a-47b3-88e1-d528842eee20;Rheinland-Pfalz;56288;DIMB IG Hunsrück-Nahe;Rhein-Hunsrück-Kreis;Alterkülz, Bell (Hunsrück), Braunshorn, Bubach, Hasselbach, Hollnich, Kastellaun, Korweiler, Lahr, Laubach, Michelbach, Roth, Spesenroth, Zilshausen;104
b138bf3b-a475-449a-8f45-6e2d2314c37a;Rheinland-Pfalz;56290;DIMB IG Hunsrück-Nahe;Rhein-Hunsrück-Kreis;Beltheim, Buch, Dommershausen, Gödenroth, Mörsdorf, Uhler;104
be516f20-9251-44f7-b83a-3db6dcea9d25;Rheinland-Pfalz;56290;DIMB IG Moseleifel;Landkreis Cochem-Zell;Lieg, Lütz;8
4d80dd92-6103-42bf-b89c-56930d8b9f06;Rheinland-Pfalz;56291;DIMB IG Hunsrück-Nahe;Rhein-Hunsrück-Kreis;Badenhard, Bickenbach, Birkheim, Hausbay, Kisselbach, Laudert, Leiningen, Lingerhahn, Maisborn, Mühlpfad, Niedert, Norath, Pfalzfeld, Steinbach, Thörlingen, Utzenhainm Wiebelsheim;104
e6943173-8b5e-46df-a18c-3970e933d804;Rheinland-Pfalz;56329;DIMB IG Hunsrück-Nahe;Rhein-Hunsrück-Kreis;Sankt Goar;104
0188bea8-bb20-4e0c-9da5-b2a2d1f367e0;Rheinland-Pfalz;56729;DIMB IG Moseleifel;Landkreis Mayen-Koblenz;Acht, Anschau, Arft, Baar, Bermel, Boos, Ditscheid, Ettringen, Herresbach, Hirten, Kehrig, Kirchwald, Langenfeld, Langscheid, Lind, Luxem, Mayen, Monreal, Münk, Nachtsheim, Siebenbach, Virneburg, Weiler, Welschenbach, Nitz;8
84c9e07f-c244-4024-b81c-c85e4c5ace04;Rheinland-Pfalz;56754;DIMB IG Moseleifel;Landkreis Cochem-Zell;Binningen, Brohl, Dünfus, Forst (Eifel), Möntenich, Roes;8
dedd58c7-d102-43c6-a96e-9e9a54ee2e2f;Rheinland-Pfalz;56759;DIMB IG Moseleifel;Landkreis Cochem-Zell;Eppenberg, Kaisersesch, Kalenborn, Laubach, Leienkaul;8
fb9fa9ba-7b3c-4f06-baa1-85e7e469300a;Rheinland-Pfalz;56761;DIMB IG Moseleifel;Landkreis Cochem-Zell;Brachtendorf, Düngenheim, Eulgem, Gamlen, Hambuch, Hauroth, Kaifenheim, Masburg, Müllenbach, Urmersbach, Zettingen;8
e0b78ee7-9a21-442d-9992-d5bbc12b1646;Rheinland-Pfalz;56766;DIMB IG Moseleifel;Landkreis Vulkaneifel;Berenbach, Horperath;8
e4e7aa29-33e5-4a49-8a49-dd8976f8a753;Rheinland-Pfalz;56766;DIMB IG Moseleifel;Landkreis Cochem-Zell;Auderath, Filz, Ulmen;8
88b345ce-59af-43be-9e93-6afd73b4a590;Rheinland-Pfalz;56767;DIMB IG Moseleifel;Landkreis Vulkaneifel;Gunderath, Höchstberg,Kaperich, Kolverath, Kötterichen, Lirstal, Mosbruch, Oberelz, Sassen, Uersfeld, Ueß;8
7921b66a-089d-4212-8c56-ded330a50071;Rheinland-Pfalz;56769;DIMB IG Moseleifel;Landkreis Vulkaneifel;Arbach, Bereborn, Mannebach, Retterath;8
1a804c15-b105-482a-afdb-fd7ca9aab781;Rheinland-Pfalz;56812;DIMB IG Moseleifel;Landkreis Cochem-Zell;Cochem, Dohr, Valwig;8
fa19eef6-1e9d-4be7-86de-e2b64e6dd771;Rheinland-Pfalz;56814;DIMB IG Moseleifel;Landkreis Cochem-Zell;Beilstein, Bremm, Bruttig-Fankel, Ediger-Eller,Ernst, Faid, Greimersburg, Illerich, Landkern, Wirfus;8
16609916-bddf-4b54-97c1-5c4fcc5bba53;Rheinland-Pfalz;56818;DIMB IG Moseleifel;Landkreis Cochem-Zell;Klotten;8
49e2dc20-287e-49a4-8668-f13200174b94;Rheinland-Pfalz;56820;DIMB IG Moseleifel;Landkreis Cochem-Zell;Briedern, Mesenich, Nehren, Senheim;8
1ae92c13-736c-48bb-9e43-3aea1b37f0e1;Rheinland-Pfalz;56821;DIMB IG Moseleifel;Landkreis Cochem-Zell;Ellenz-Poltersdorf;8
6690d403-c8e8-453c-9b9f-3cd1c4f92216;Rheinland-Pfalz;56823;DIMB IG Moseleifel;Landkreis Cochem-Zell;Büchel;8
9f9aeb18-fa1a-4493-998f-a195bfc0a2b5;Rheinland-Pfalz;56825;DIMB IG Moseleifel;Landkreis Cochem-Zell;Beuren, Gevenich, Gillenbeuren, Kliding, Schmitt, Urschmitt, Weiler;8
46601682-c934-4c77-8273-e5e6ef4a4c50;Rheinland-Pfalz;56826;DIMB IG Moseleifel;Landkreis Cochem-Zell;Lutzerath, Wagenhausen, Wollmerath;8
63ebfcd6-c7cd-497b-9309-88e2b3b0d919;Rheinland-Pfalz;56828;DIMB IG Moseleifel;Landkreis Cochem-Zell;Alflen;8
26e02094-6838-45f4-8e5a-aa87c6298bc4;Rheinland-Pfalz;56829;DIMB IG Moseleifel;Landkreis Cochem-Zell;Brieden, Kail, Pommern;8
c173e5c3-c6ff-4dd7-bd4d-e93b050b41af;Rheinland-Pfalz;56841;DIMB IG Moseleifel;Landkreis Bernkastel-Wittlich;Traben-Trarbach;8
b3ed761d-5c22-4099-ad12-0afe6aea4511;Rheinland-Pfalz;56843;DIMB IG Moseleifel;Landkreis Bernkastel-Wittlich;Burg (Mosel), Irmenach, Lötzbeuren, Starkenburg;8
43627e6e-6269-4b20-b59b-0ba8d6ffb2b2;Rheinland-Pfalz;56850;DIMB IG Hunsrück-Nahe;Rhein-Hunsrück-Kreis;Hahn, Raversbeuren;104
deb3a149-dcd2-42de-b05e-c9d647fbbbdc;Rheinland-Pfalz;56850;DIMB IG Moseleifel;Landkreis Bernkastel-Wittlich;Enkirch;8
b1c343a9-b165-48b9-983c-968a3400f97f;Rheinland-Pfalz;56850;DIMB IG Moseleifel;Landkreis Cochem-Zell;Briedel;8
f6777da3-ddf7-4d43-9c9b-274e506b5dc1;Rheinland-Pfalz;56856;DIMB IG Moseleifel;Landkreis Cochem-Zell;Zell (Mosel);8
38dd6c1d-c633-4f49-abac-9bfd428e8ebc;Rheinland-Pfalz;56858;DIMB IG Hunsrück-Nahe;Rhein-Hunsrück-Kreis;Belg, Rödelhausen, Würrich;104
938a97e5-0dfd-4863-a908-caa1fb220166;Rheinland-Pfalz;56858;DIMB IG Moseleifel;Landkreis Cochem-Zell;Altlay, Altstrimmig, Forst (Hunsrück), Grenderich, Haserich, Liesenich, Mittelstrimmig, Neef, Peterswald-Löffelscheid, Sankt Aldegund, Sosberg, Tellig, Zell (Mosel);8
cbaac110-8369-43b6-af32-ed448bcb5c77;Rheinland-Pfalz;56859;DIMB IG Moseleifel;Landkreis Cochem-Zell;Alf, Bullay, Zell (Mosel);8
ad6c9583-70b7-4775-9845-b44c9585a487;Rheinland-Pfalz;56861;DIMB IG Moseleifel;Landkreis Bernkastel-Wittlich;Reil;8
5ad1677d-7e8a-490b-a1eb-de0b272b2c35;Rheinland-Pfalz;56862;DIMB IG Moseleifel;Landkreis Cochem-Zell;Pünderich;8
dea46bf7-6a01-4033-b541-8ed326671acd;Rheinland-Pfalz;56864;DIMB IG Moseleifel;Landkreis Cochem-Zell;Bad Bertrich;8
bbd48941-2b1b-4fa5-8537-4d0c4f1c43bc;Rheinland-Pfalz;56865;DIMB IG Moseleifel;Landkreis Cochem-Zell;Blankenrath, Hesweiler, Moritzheim, Panzweiler, Reidenhausen, Schauren, Walhausen;8
ad4d788c-38bd-4a6d-a203-4fc0c7b89576;Rheinland-Pfalz;56867;DIMB IG Moseleifel;Landkreis Cochem-Zell;Briedel;8
1bd46dac-7937-47f5-9b99-dc513b11d33e;Rheinland-Pfalz;56869;DIMB IG Hunsrück-Nahe;Rhein-Hunsrück-Kreis;Mastershausen;104
cfcff0f5-902a-4621-9fb5-6009055c3c38;Nordrhein-Westfalen;57072;DIMB IG Sauerland;Kreis Siegen-Wittgenstein;Siegen;22
d636a187-614f-46cc-8f4a-18c2aae4cda8;Nordrhein-Westfalen;57074;DIMB IG Sauerland;Kreis Siegen-Wittgenstein;Siegen;22
ea8140f8-136d-4cec-a000-62d07cc51597;Nordrhein-Westfalen;57076;DIMB IG Sauerland;Kreis Siegen-Wittgenstein;Siegen;22
d11c1473-f934-40bc-aa34-c7f774f25206;Nordrhein-Westfalen;57078;DIMB IG Sauerland;Kreis Siegen-Wittgenstein;Siegen;22
1d3ad064-6266-43e2-bf74-0254838d1abc;Nordrhein-Westfalen;57080;DIMB IG Sauerland;Kreis Siegen-Wittgenstein;Siegen;22
b889b6f0-4881-47de-a331-d157f3815aba;Nordrhein-Westfalen;57223;DIMB IG Sauerland;Kreis Siegen-Wittgenstein;Kreuztal;22
24fb6720-f845-45bf-b541-ed4d9e9faacd;Nordrhein-Westfalen;57234;DIMB IG Sauerland;Kreis Siegen-Wittgenstein;Wilnsdorf;22
8d40ccca-1fc8-43c9-9b2b-bc94cd363fce;Nordrhein-Westfalen;57250;DIMB IG Sauerland;Kreis Siegen-Wittgenstein;Netphen;22
ed0efc29-01e7-419e-bd9b-e686b8cb8078;Nordrhein-Westfalen;57258;DIMB IG Sauerland;Kreis Siegen-Wittgenstein;Freudenberg;22
bfc64d02-c67c-45f6-a10b-62852945ae4e;Nordrhein-Westfalen;57271;DIMB IG Sauerland;Kreis Siegen-Wittgenstein;Hilchenbach;22
9046b2f2-9948-49f4-8a19-c89541e02e45;Nordrhein-Westfalen;57290;DIMB IG Sauerland;Kreis Siegen-Wittgenstein;Neunkirchen;22
c1493bac-da06-4093-ab0b-e4df76d68b1a;Nordrhein-Westfalen;57299;DIMB IG Sauerland;Kreis Siegen-Wittgenstein;Burbach;22
ebfdaef2-f91f-4f54-b991-e0e00311543c;Nordrhein-Westfalen;57319;DIMB IG Sauerland;Kreis Siegen-Wittgenstein;Bad Berleburg;22
d09e01f2-4657-409e-9f48-85713b6b1a49;Nordrhein-Westfalen;57334;DIMB IG Sauerland;Kreis Siegen-Wittgenstein;Bad Laasphe;22
99af704c-9632-432d-bf14-a6693e848b91;Nordrhein-Westfalen;57339;DIMB IG Sauerland;Kreis Siegen-Wittgenstein;Erndtebrück;22
03a94f3c-6a75-4e83-86b7-01895202ded6;Nordrhein-Westfalen;57368;DIMB IG Sauerland;Kreis Olpe;Lennestadt;22
6eae17fd-5f78-4f19-9b6d-7e497d594801;Nordrhein-Westfalen;57392;DIMB IG Sauerland;Hochsauerlandkreis;Schmallenberg;22
b202150f-2b0c-47e8-ad70-1a9b51e07f65;Nordrhein-Westfalen;57399;DIMB IG Sauerland;Kreis Olpe;Kirchhundem;22
501dadb8-5615-4198-8de4-1ae7ed3236f0;Nordrhein-Westfalen;57413;DIMB IG Sauerland;Kreis Olpe;Finnentrop;22
b28fbf83-0880-4e3b-a34e-74953ca61b5c;Nordrhein-Westfalen;57439;DIMB IG Sauerland;Kreis Olpe;Attendorn;22
ed2b04fd-fede-4d9d-b2b0-88e23649b51f;Nordrhein-Westfalen;57462;DIMB IG Sauerland;Kreis Olpe;Olpe;22
5e2ed93a-56b8-4dca-9855-9fecf7168bc9;Nordrhein-Westfalen;57482;DIMB IG Sauerland;Kreis Olpe;Wenden;22
0aca6071-be97-42c6-8e7a-cbfc9f38ce15;Nordrhein-Westfalen;57489;DIMB IG Sauerland;Kreis Olpe;Drolshagen;22
d8cba885-3fb3-400c-a602-3f0ebdc9cdad;Nordrhein-Westfalen;58089;DIMB IG Ruhrgebiet;Hagen;Hagen;79
19d1d8d7-974f-459c-a9f6-89745a6119b6;Nordrhein-Westfalen;58091;DIMB IG Ruhrgebiet;Hagen;Hagen;79
4e6b5d33-2758-4647-ae8a-c1d7a93565ba;Nordrhein-Westfalen;58093;DIMB IG Ruhrgebiet;Hagen;Hagen;79
dee0e2c5-ef14-4070-a064-e8af2374a938;Nordrhein-Westfalen;58095;DIMB IG Ruhrgebiet;Hagen;Hagen;79
61a5231a-7d6d-42f8-993b-63e2f8877ae7;Nordrhein-Westfalen;58097;DIMB IG Ruhrgebiet;Hagen;Hagen;79
1c8cbf35-3d1d-4d92-9dac-0b4aaae64e5b;Nordrhein-Westfalen;58099;DIMB IG Ruhrgebiet;Hagen;Hagen;79
abf7ed99-a3ac-4372-8b3b-d2e489dcf3a1;Nordrhein-Westfalen;58119;DIMB IG Ruhrgebiet;Hagen;Hagen;79
c5a9907c-cf2b-45d2-bd4e-bb01ae6603e3;Nordrhein-Westfalen;58135;DIMB IG Ruhrgebiet;Hagen;Hagen;79
22c622c0-209a-4b53-895e-87f83b210492;Nordrhein-Westfalen;58239;DIMB IG Ruhrgebiet;Kreis Unna;Schwerte;79
60477b27-9ecb-4409-8c51-6435b2517eed;Nordrhein-Westfalen;58256;DIMB IG Ruhrgebiet;Ennepe-Ruhr-Kreis;Ennepetal;79
db4d2e30-8b7a-4e2e-ab04-9e2a7eb0550f;Nordrhein-Westfalen;58285;DIMB IG Ruhrgebiet;Ennepe-Ruhr-Kreis;Gevelsberg;79
390b9811-333e-4fc6-a182-3c3fc4d34d2c;Nordrhein-Westfalen;58300;DIMB IG Ruhrgebiet;Ennepe-Ruhr-Kreis;Wetter (Ruhr);79
cd5aa699-92d4-4e3a-8ee1-39bf1025a93e;Nordrhein-Westfalen;58313;DIMB IG Ruhrgebiet;Ennepe-Ruhr-Kreis;Herdecke;79
ca52f25c-f95b-41f3-b571-3d722aadf41d;Nordrhein-Westfalen;58332;DIMB IG Ruhrgebiet;Ennepe-Ruhr-Kreis;Schwelm;79
621d4ed7-4d78-433d-b22b-7e133ff9acd9;Nordrhein-Westfalen;58339;DIMB IG Ruhrgebiet;Ennepe-Ruhr-Kreis;Breckerfeld;79
a7a75bef-55f1-4933-934b-5e1d9966d5a7;Nordrhein-Westfalen;58452;DIMB IG Ruhrgebiet;Ennepe-Ruhr-Kreis;Witten;79
47e3e80e-de5f-47f3-9362-ebb101428e13;Nordrhein-Westfalen;58453;DIMB IG Ruhrgebiet;Ennepe-Ruhr-Kreis;Witten;79
fe4e8dc9-f54c-41f8-9000-e3d71539c300;Nordrhein-Westfalen;58454;DIMB IG Ruhrgebiet;Ennepe-Ruhr-Kreis;Witten;79
2aa61bbc-a3c7-4019-a27f-f010aa66b309;Nordrhein-Westfalen;58455;DIMB IG Ruhrgebiet;Ennepe-Ruhr-Kreis;Witten;79
f362e26b-19ce-4e3f-8947-f94171b96b89;Nordrhein-Westfalen;58456;DIMB IG Ruhrgebiet;Ennepe-Ruhr-Kreis;Witten;79
bb4e1142-63d3-4588-8970-2f58f21f7384;Nordrhein-Westfalen;58507;DIMB IG Sauerland;Märkischer Kreis;Lüdenscheid;22
d6b66bd8-16f6-4e57-bee7-096aa820d80b;Nordrhein-Westfalen;58509;DIMB IG Sauerland;Märkischer Kreis;Lüdenscheid;22
3c358b21-c6e5-4159-8957-d6d87cc837e2;Nordrhein-Westfalen;58511;DIMB IG Sauerland;Märkischer Kreis;Lüdenscheid;22
09c737ae-c840-41f9-8cd1-4a73ada2b0dc;Nordrhein-Westfalen;58513;DIMB IG Sauerland;Märkischer Kreis;Lüdenscheid;22
c402837b-9a2f-4224-8ff8-8ca1f3ce7909;Nordrhein-Westfalen;58515;DIMB IG Sauerland;Märkischer Kreis;Lüdenscheid;22
4f4de319-a503-4345-b29e-32989fce977a;Nordrhein-Westfalen;58540;DIMB IG Sauerland;Märkischer Kreis;Meinerzhagen;22
35025e17-40f5-4a05-9042-7f1b7668b07a;Nordrhein-Westfalen;58553;DIMB IG Sauerland;Märkischer Kreis;Halver;22
f03fe0d3-8529-4029-bbe6-dfafdef84dca;Nordrhein-Westfalen;58566;DIMB IG Sauerland;Märkischer Kreis;Kierspe;22
c5bd67f5-af65-4169-b86b-a6ea0383c4ff;Nordrhein-Westfalen;58579;DIMB IG Sauerland;Märkischer Kreis;Schalksmühle;22
db1c50e0-a699-456b-a189-097ba5279468;Nordrhein-Westfalen;58636;DIMB IG Sauerland;Märkischer Kreis;Iserlohn;22
c737d274-81b6-4bbb-a8b3-7e3b32a759e1;Nordrhein-Westfalen;58638;DIMB IG Sauerland;Märkischer Kreis;Iserlohn;22
b4b68af7-3ee0-4f51-9353-d937ad52985d;Nordrhein-Westfalen;58640;DIMB IG Sauerland;Märkischer Kreis;Iserlohn;22
15c003d1-eff7-4dd6-a2f8-33e72c89d6ab;Nordrhein-Westfalen;58642;DIMB IG Sauerland;Märkischer Kreis;Iserlohn;22
3610a922-cf74-4434-9dbf-47472792dd0a;Nordrhein-Westfalen;58644;DIMB IG Sauerland;Märkischer Kreis;Iserlohn;22
7252be7e-6798-4573-bd72-4ac975f370ce;Nordrhein-Westfalen;58675;DIMB IG Sauerland;Märkischer Kreis;Hemer;22
473c9c21-0282-4b17-81dc-7b8b7c44afe4;Nordrhein-Westfalen;58706;DIMB IG Sauerland;Märkischer Kreis;Menden;22
36c6e90d-57ff-45a5-934a-2c90937d4056;Nordrhein-Westfalen;58708;DIMB IG Sauerland;Märkischer Kreis;Menden;22
19ad5008-8948-488c-981d-927317d16de4;Nordrhein-Westfalen;58710;DIMB IG Sauerland;Märkischer Kreis;Menden;22
010204f8-41f0-48b3-b345-3dcc9eb62bac;Nordrhein-Westfalen;58730;DIMB IG Ruhrgebiet;Kreis Unna;Fröndenberg/Ruhr;79
a7e5f61f-0931-4488-8c06-2e89c5ab99a7;Nordrhein-Westfalen;58739;DIMB IG Sauerland;Kreis Soest;Wickede (Ruhr);22
a72c35e4-165b-4896-96dc-8b17019b68ac;Nordrhein-Westfalen;58762;DIMB IG Sauerland;Märkischer Kreis;Altena;22
d633cea2-45c0-4580-84f1-16b7d5ceb454;Nordrhein-Westfalen;58769;DIMB IG Sauerland;Märkischer Kreis;Nachrodt-Wiblingwerde;22
f5aa32f4-3c87-47f4-927a-24f4f782d26a;Nordrhein-Westfalen;58791;DIMB IG Sauerland;Märkischer Kreis;Werdohl;22
baad313e-821f-45a0-9086-36c53655b68f;Nordrhein-Westfalen;58802;DIMB IG Sauerland;Märkischer Kreis;Balve;22
a29545f8-c943-4b5b-9ee8-701a63281dfb;Nordrhein-Westfalen;58809;DIMB IG Sauerland;Märkischer Kreis;Neuenrade;22
0aa96937-9968-4cad-a380-4611a7fe82a6;Nordrhein-Westfalen;58840;DIMB IG Sauerland;Märkischer Kreis;Plettenberg;22
fee03044-cfb0-4aac-9eda-253e23db7b83;Nordrhein-Westfalen;58849;DIMB IG Sauerland;Märkischer Kreis;Herscheid;22
ec2e0a94-00de-4fed-a1b6-fee4a1a719e4;Nordrhein-Westfalen;59063;DIMB IG Ruhrgebiet;Hamm;Hamm;79
0bca6191-60bd-4cbd-befe-58d427d2162a;Nordrhein-Westfalen;59065;DIMB IG Ruhrgebiet;Hamm;Hamm;79
efa66f6d-32f7-42bd-8a5a-fd87516219e1;Nordrhein-Westfalen;59067;DIMB IG Ruhrgebiet;Hamm;Hamm;79
61f633a7-ba56-46c8-a4a1-a1e32a927c18;Nordrhein-Westfalen;59069;DIMB IG Ruhrgebiet;Hamm;Hamm;79
c85c274b-eebc-48ea-bc80-d54c653a58da;Nordrhein-Westfalen;59071;DIMB IG Ruhrgebiet;Hamm;Hamm;79
b816344c-c276-4f28-8e99-273c5bff161a;Nordrhein-Westfalen;59073;DIMB IG Ruhrgebiet;Hamm;Hamm;79
392bb488-c248-4658-8099-1dea7e3f6dac;Nordrhein-Westfalen;59075;DIMB IG Ruhrgebiet;Hamm;Hamm;79
7e24b55f-7cde-4acb-a7c2-389a28a9c6ca;Nordrhein-Westfalen;59077;DIMB IG Ruhrgebiet;Hamm;Hamm;79
4e7fd079-d8c9-4758-aa6b-c81ea73c4037;Nordrhein-Westfalen;59174;DIMB IG Ruhrgebiet;Kreis Unna;Kamen;79
e7b18bd4-e1a7-4548-90e8-5e38321e103d;Nordrhein-Westfalen;59192;DIMB IG Ruhrgebiet;Kreis Unna;Bergkamen;79
b4fdeeb6-2064-403a-a515-a3e07ae651ac;Nordrhein-Westfalen;59199;DIMB IG Ruhrgebiet;Kreis Unna;Bönen;79
c3928602-6a31-463b-85c4-6f956505d432;Nordrhein-Westfalen;59227;DIMB IG Teutoburger Wald;Kreis Warendorf;Ahlen;82
06d4dc57-b0ce-4ed8-993d-591ac6b41a02;Nordrhein-Westfalen;59229;DIMB IG Teutoburger Wald;Kreis Warendorf;Ahlen;82
32640743-0807-4e57-b515-85e40f643604;Nordrhein-Westfalen;59269;DIMB IG Teutoburger Wald;Kreis Warendorf;Beckum;82
a84875b2-d87d-42ef-a022-dd78868204fd;Nordrhein-Westfalen;59302;DIMB IG Teutoburger Wald;Kreis Warendorf;Oelde;82
42379930-927c-4f84-ac4c-88aed2c24863;Nordrhein-Westfalen;59320;DIMB IG Teutoburger Wald;Kreis Warendorf;Ennigerloh;82
7c41e9f6-5af9-4c56-929c-9f7455179f10;Nordrhein-Westfalen;59329;DIMB IG Teutoburger Wald;Kreis Warendorf;Wadersloh;82
88133130-f64b-49fe-829e-6cf75e930158;Nordrhein-Westfalen;59348;DIMB IG Teutoburger Wald;Kreis Coesfeld;Lüdinghausen;82
5aff9ad9-c05f-4f50-b71d-3b681cc3774f;Nordrhein-Westfalen;59368;DIMB IG Ruhrgebiet;Kreis Unna;Werne;79
4876fb94-dc9a-47e2-8de1-7d7ef2d221fb;Nordrhein-Westfalen;59379;DIMB IG Ruhrgebiet;Kreis Unna;Selm;79
2360bac1-d20a-4588-988e-70b06b815ce9;Nordrhein-Westfalen;59387;DIMB IG Teutoburger Wald;Kreis Coesfeld;Ascheberg;82
a0ca0b61-8ab4-4ecf-9bf7-e0b7ad57e1bd;Nordrhein-Westfalen;59394;DIMB IG Teutoburger Wald;Kreis Coesfeld;Nordkirchen;82
8d0248ac-b7ba-4082-8ac9-7509a45a2c88;Nordrhein-Westfalen;59399;DIMB IG Teutoburger Wald;Kreis Coesfeld;Olfen;82
17f545b0-e7c9-4043-abc7-6a2d4ab040e9;Nordrhein-Westfalen;59423;DIMB IG Ruhrgebiet;Kreis Unna;Unna;79
51b0778b-2707-48c1-be24-4b3164670806;Nordrhein-Westfalen;59425;DIMB IG Ruhrgebiet;Kreis Unna;Unna;79
340be0f0-7d5b-4f0a-b5a2-c578a9f6e49b;Nordrhein-Westfalen;59427;DIMB IG Ruhrgebiet;Kreis Unna;Unna;79
cff1ff8a-6a50-4422-bff3-29421119c5c0;Nordrhein-Westfalen;59439;DIMB IG Ruhrgebiet;Kreis Unna;Holzwickede;79
c0945764-c82c-44ea-902a-536f64287e98;Nordrhein-Westfalen;59457;DIMB IG Sauerland;Kreis Soest;Werl;22
43ed649a-e773-4216-b4ec-9306381ce636;Nordrhein-Westfalen;59469;DIMB IG Sauerland;Kreis Soest;Ense;22
75e0486e-8926-4dd1-a510-7585aaa5eac1;Nordrhein-Westfalen;59494;DIMB IG Sauerland;Kreis Soest;Soest;22
8bb7d582-3c39-4220-9ba9-dd238b726128;Nordrhein-Westfalen;59505;DIMB IG Sauerland;Kreis Soest;Bad Sassendorf;22
52a8be80-bb1c-40bc-8b31-66127ce1da25;Nordrhein-Westfalen;59510;DIMB IG Sauerland;Kreis Soest;Lippetal;22
a75cc645-67af-4283-97d9-5a37772cc170;Nordrhein-Westfalen;59514;DIMB IG Sauerland;Kreis Soest;Welver;22
94ab6f29-d552-4b82-bb2c-2dc75e365ea3;Nordrhein-Westfalen;59519;DIMB IG Sauerland;Kreis Soest;Möhnesee;22
ce0ecd4b-54b0-4024-90ae-5554b8e245d4;Nordrhein-Westfalen;59555;DIMB IG Sauerland;Kreis Soest;Lippstadt;22
c51ec9d7-b6d7-4e91-b644-065eeae805ab;Nordrhein-Westfalen;59556;DIMB IG Sauerland;Kreis Soest;Lippstadt;22
33e9771d-c11f-46c8-94ef-cf27b0dcb570;Nordrhein-Westfalen;59557;DIMB IG Sauerland;Kreis Soest;Lippstadt;22
2e0ad3e9-4d39-4678-a9a7-fb0be6a56ab2;Nordrhein-Westfalen;59558;DIMB IG Sauerland;Kreis Soest;Lippstadt;22
8f7b9c30-5a2e-4c03-9ae9-95d4f1d4b70a;Nordrhein-Westfalen;59581;DIMB IG Sauerland;Kreis Soest;Warstein;22
a3339fbe-6fe5-4a56-b0c5-f5deb07778a0;Nordrhein-Westfalen;59590;DIMB IG Sauerland;Kreis Soest;Geseke;22
133274e7-0674-43e9-8c65-bbb3eab716cf;Nordrhein-Westfalen;59597;DIMB IG Sauerland;Kreis Soest;Erwitte;22
9c6b0201-4efd-410d-9890-e01f75a3194f;Nordrhein-Westfalen;59602;DIMB IG Sauerland;Kreis Soest;Rüthen;22
84f8bacc-1075-4d0a-a3ac-6bfc1cebc413;Nordrhein-Westfalen;59609;DIMB IG Sauerland;Kreis Soest;Anröchte;22
0fc193d8-99b3-41ce-8027-ca6cd552421c;Nordrhein-Westfalen;59755;DIMB IG Sauerland;Hochsauerlandkreis;Arnsberg;22
461e4ecf-d665-4399-bb3b-c14dc5799ef0;Nordrhein-Westfalen;59757;DIMB IG Sauerland;Hochsauerlandkreis;Arnsberg;22
0f8a56fb-05b8-4450-ae7a-ecfa1039f73d;Nordrhein-Westfalen;59759;DIMB IG Sauerland;Hochsauerlandkreis;Arnsberg;22
9ac70688-1eff-4da4-9f97-ca181f1ba65c;Nordrhein-Westfalen;59821;DIMB IG Sauerland;Hochsauerlandkreis;Arnsberg;22
55130511-f824-448a-86aa-cc0daac8e13d;Nordrhein-Westfalen;59823;DIMB IG Sauerland;Hochsauerlandkreis;Arnsberg;22
19c57f7d-f789-4309-aac0-b246c8ed7134;Nordrhein-Westfalen;59846;DIMB IG Sauerland;Hochsauerlandkreis;Sundern;22
880948cc-7b18-41e5-afe5-189459e5cade;Nordrhein-Westfalen;59872;DIMB IG Sauerland;Hochsauerlandkreis;Meschede;22
86de29fc-278e-49eb-96bd-d9b35e913ece;Nordrhein-Westfalen;59889;DIMB IG Sauerland;Hochsauerlandkreis;Eslohe;22
59469aec-0a46-4c39-93af-0f34686b1128;Nordrhein-Westfalen;59909;DIMB IG Sauerland;Hochsauerlandkreis;Bestwig;22
6a1333cf-2cd3-4fe0-bf4d-acdb5ac02a34;Nordrhein-Westfalen;59929;DIMB IG Sauerland;Hochsauerlandkreis;Brilon;22
6ef19049-265d-4dad-9d94-7d21a174d356;Nordrhein-Westfalen;59939;DIMB IG Sauerland;Hochsauerlandkreis;Olsberg;22
f6cfb82a-ffa7-4ebc-a3a0-4ca5a65f6b54;Nordrhein-Westfalen;59955;DIMB IG Sauerland;Hochsauerlandkreis;Winterberg;22
0f49d5b5-dcb3-4ff4-bb45-54f9f8ecee84;Nordrhein-Westfalen;59964;DIMB IG Sauerland;Hochsauerlandkreis;Medebach;22
16ab8577-1b6c-4737-8f0d-89a66a35ebac;Nordrhein-Westfalen;59969;DIMB IG Sauerland;Hochsauerlandkreis;Hallenberg;22
d0cf3897-1f30-4129-a89a-34323fc45a76;Hessen;60306;DIMB IG Taunus;Frankfurt am Main;Frankfurt am Main;21
48026043-73fd-4dc8-8a1b-c6abb7ea487d;Hessen;60308;DIMB IG Taunus;Frankfurt am Main;Frankfurt am Main;21
5745009b-78e7-4146-8d39-dde09f15bc65;Hessen;60310;DIMB IG Taunus;Frankfurt am Main;Frankfurt am Main;21
96b5a25e-52ef-4f14-be84-5b55297e1122;Hessen;60311;DIMB IG Taunus;Frankfurt am Main;Frankfurt am Main;21
db3b503e-07b5-4541-b618-bf70047fcc2f;Hessen;60313;DIMB IG Taunus;Frankfurt am Main;Frankfurt am Main;21
420494cc-9ede-4a1f-af62-bc730bb73e35;Hessen;60314;DIMB IG Taunus;Frankfurt am Main;Frankfurt am Main;21
15549558-4cf9-4e03-b920-6e23f0023504;Hessen;60316;DIMB IG Taunus;Frankfurt am Main;Frankfurt am Main;21
27db3007-88d3-4292-a713-313c96a2a3da;Hessen;60318;DIMB IG Taunus;Frankfurt am Main;Frankfurt am Main;21
c1601fcd-6f53-4abb-a271-62a9c15301d6;Hessen;60320;DIMB IG Taunus;Frankfurt am Main;Frankfurt am Main;21
3e1c754f-1704-44f3-8278-8da810c95ba4;Hessen;60322;DIMB IG Taunus;Frankfurt am Main;Frankfurt am Main;21
20eb8854-a9aa-4cf8-8736-d2e049a0498d;Hessen;60323;DIMB IG Taunus;Frankfurt am Main;Frankfurt am Main;21
c24e5f2e-6139-4234-b103-152e9c040a0f;Hessen;60325;DIMB IG Taunus;Frankfurt am Main;Frankfurt am Main;21
c354751f-9ce5-4208-9b99-b099761549c0;Hessen;60326;DIMB IG Taunus;Frankfurt am Main;Frankfurt am Main;21
55898f07-2bf6-46bc-9d58-bc6803902d4d;Hessen;60327;DIMB IG Taunus;Frankfurt am Main;Frankfurt am Main;21
39650340-ec4c-401c-bd3f-8d399e48bc5d;Hessen;60329;DIMB IG Taunus;Frankfurt am Main;Frankfurt am Main;21
32738ad4-e773-47de-9e69-411abc166030;Hessen;60385;DIMB IG Taunus;Frankfurt am Main;Frankfurt am Main;21
2432f356-0a99-433a-8cb6-c92506ba7f63;Hessen;60386;DIMB IG Taunus;Frankfurt am Main;Frankfurt am Main;21
37583fdc-8edb-49f8-90d7-02be14a72922;Hessen;60388;DIMB IG Taunus;Frankfurt am Main;Frankfurt am Main;21
c29b423f-2e29-457d-a5d0-cbc495ef29e2;Hessen;60389;DIMB IG Taunus;Frankfurt am Main;Frankfurt am Main;21
7b856c24-9eb7-40d3-a824-4f5a231500fe;Hessen;60431;DIMB IG Taunus;Frankfurt am Main;Frankfurt am Main;21
4a22c8bf-f5fb-40e7-ae82-ff3ac4b44c0d;Hessen;60433;DIMB IG Taunus;Frankfurt am Main;Frankfurt am Main;21
1bf04ca1-258b-463d-b24b-50142a52cb6a;Hessen;60435;DIMB IG Taunus;Frankfurt am Main;Frankfurt am Main;21
6bc92769-cbdc-4623-b04d-b450664ddb6c;Hessen;60437;DIMB IG Taunus;Frankfurt am Main;Frankfurt am Main;21
f8c61ffc-efd0-4e0e-936f-f2534cc095db;Hessen;60438;DIMB IG Taunus;Frankfurt am Main;Frankfurt am Main;21
bc1b8741-1fed-451f-bc22-db7b3ede82fb;Hessen;60439;DIMB IG Taunus;Frankfurt am Main;Frankfurt am Main;21
71d94b33-193c-430a-862b-77118ee377c3;Hessen;60486;DIMB IG Taunus;Frankfurt am Main;Frankfurt am Main;21
2e7971a2-b8e5-448e-b8a6-58b446f39870;Hessen;60487;DIMB IG Taunus;Frankfurt am Main;Frankfurt am Main;21
7114107c-f3ed-4cf6-b1f2-8e3da27f8def;Hessen;60488;DIMB IG Taunus;Frankfurt am Main;Frankfurt am Main;21
a7359195-e1a2-4691-a540-94e45993c428;Hessen;60489;DIMB IG Taunus;Frankfurt am Main;Frankfurt am Main;21
7c0926c9-2149-4ef2-90f3-00bc32c5e0f5;Hessen;60528;DIMB IG Taunus;Frankfurt am Main;Frankfurt am Main;21
9126d88d-97ed-4f31-94bc-62648a4f49f2;Hessen;60529;DIMB IG Taunus;Frankfurt am Main;Frankfurt am Main;21
10bfc20d-fe4d-4c87-996a-00e8d39fc0fc;Hessen;60549;DIMB IG Taunus;Frankfurt am Main;Frankfurt am Main;21
c5027ee9-f59a-42c2-b228-9a75495a7f1a;Hessen;60594;DIMB IG Taunus;Frankfurt am Main;Frankfurt am Main;21
5dedfdf9-0a8a-421f-bcb4-edc7407192d3;Hessen;60596;DIMB IG Taunus;Frankfurt am Main;Frankfurt am Main;21
69d3c8a2-5854-4603-bcdb-6614dca63f40;Hessen;60598;DIMB IG Taunus;Frankfurt am Main;Frankfurt am Main;21
bc6cec80-95c8-41ce-b150-92656e713458;Hessen;60599;DIMB IG Taunus;Frankfurt am Main;Frankfurt am Main;21
a402dcd7-a5a7-4136-89ca-5092707e120d;Hessen;61118;DIMB IG Taunus;Wetteraukreis;Bad Vilbel;21
6ef33b72-e542-4059-adf8-09498f77efa6;Hessen;61130;DIMB IG Hessischer Spessart;Main-Kinzig-Kreis;Nidderau;12
e3157f2b-e5cd-443a-a992-1377999773bd;Hessen;61137;DIMB IG Hessischer Spessart;Main-Kinzig-Kreis;Schöneck;12
58e2c3ab-1e20-4f07-8724-383cdcb93870;Hessen;61138;DIMB IG Hessischer Spessart;Main-Kinzig-Kreis;Niederdorfelden;12
4a630d0e-68d6-46f4-9bf5-5cce6bb66133;Hessen;61169;DIMB IG Taunus;Wetteraukreis;Friedberg (Hessen);21
042f2d70-06f2-4741-9141-80b34f0efed6;Hessen;61184;DIMB IG Taunus;Wetteraukreis;Karben;21
e4866ab4-e64c-4a62-a465-18d0f3cea68f;Hessen;61191;DIMB IG Taunus;Wetteraukreis;Rosbach v. d. Höhe;21
5a60f6df-bdc6-49ae-8cde-f0a24775597c;Hessen;61194;DIMB IG Taunus;Wetteraukreis;Niddatal;21
b4dc82ec-580b-4ff5-986f-03cdf15812c6;Hessen;61197;DIMB IG Taunus;Wetteraukreis;Florstadt;21
df95ba58-0aa7-4f8c-a87d-e60d819d826a;Hessen;61200;DIMB IG Taunus;Wetteraukreis;Echzell, Wölfersheim;21
903076f3-17ff-49f9-b404-b5b418011896;Hessen;61203;DIMB IG Taunus;Wetteraukreis;Reichelsheim;21
732d8bc1-08f1-437c-b4a5-7a44f77f1b13;Hessen;61206;DIMB IG Taunus;Wetteraukreis;Wöllstadt;21
46bf4bef-33e4-418c-aff2-56e8782516c3;Hessen;61209;DIMB IG Taunus;Wetteraukreis;Echzell;21
8c973267-ce2f-4d4e-8975-0a5d4294d2d3;Hessen;61231;DIMB IG Taunus;Wetteraukreis;Bad Nauheim;21
ca360b6b-7930-4c80-8a8f-63d5fc8c33c0;Hessen;61239;DIMB IG Taunus;Wetteraukreis;Ober-Mörlen;21
37f7221d-d2c0-4961-a10f-1f361657ab89;Hessen;61250;DIMB IG Taunus;Hochtaunuskreis;Usingen;21
ebc8f7ad-ea9e-4331-8d49-a0f6666ddd5a;Hessen;61267;DIMB IG Taunus;Hochtaunuskreis;Neu-Anspach;21
7bef6c38-53fe-4153-ad54-0cb64940f41a;Hessen;61273;DIMB IG Taunus;Hochtaunuskreis;Friedrichsdorf, Wehrheim;21
134a3c64-aad5-4703-8c27-cdcd3bf86be8;Hessen;61276;DIMB IG Taunus;Hochtaunuskreis;Weilrod;21
a2e6a08c-3c22-44b2-bee0-edeec172016c;Hessen;61279;DIMB IG Taunus;Hochtaunuskreis;Grävenwiesbach;21
cc7b5ebf-fed1-4f05-9244-2a83a9afc45b;Hessen;61348;DIMB IG Taunus;Hochtaunuskreis;Bad Homburg vor der Höhe;21
2dc1bd36-35d7-4368-b3b5-3b391b4666bf;Hessen;61350;DIMB IG Taunus;Hochtaunuskreis;Bad Homburg vor der Höhe;21
822dded4-be47-42c0-9939-fce769328882;Hessen;61352;DIMB IG Taunus;Hochtaunuskreis;Bad Homburg vor der Höhe;21
59e68d51-a861-4839-8625-5e2741a6693d;Hessen;61381;DIMB IG Taunus;Hochtaunuskreis;Friedrichsdorf;21
28bdae4d-52fb-4528-8d6e-832bb31169ac;Hessen;61389;DIMB IG Taunus;Hochtaunuskreis;Schmitten;21
7420563b-f802-448b-a31e-4c50b2a61a9e;Hessen;61440;DIMB IG Taunus;Hochtaunuskreis;Oberursel;21
03547f52-c890-49cc-b65c-56187a182505;Hessen;61449;DIMB IG Taunus;Hochtaunuskreis;Steinbach;21
6ac0f8eb-331b-42dc-a368-00ed8bdbffae;Hessen;61462;DIMB IG Taunus;Hochtaunuskreis;Königstein;21
ea24f1bc-e495-46aa-9f98-98d3ae9cc631;Hessen;61476;DIMB IG Taunus;Hochtaunuskreis;Kronberg;21
7b9a646c-f4b9-41ba-ab80-d4ecadc04cb0;Hessen;61479;DIMB IG Taunus;Hochtaunuskreis;Glashütten;21
f26f4b18-6880-4e4d-a218-490992457b19;Hessen;63065;DIMB IG Taunus;Offenbach am Main;Offenbach am Main;21
ff219b30-2aa6-4f68-9156-be06f2e79c9e;Hessen;63067;DIMB IG Taunus;Offenbach am Main;Offenbach am Main;21
d340d496-ea7b-4c86-b7cc-27b258b459ea;Hessen;63069;DIMB IG Taunus;Offenbach am Main;Offenbach am Main;21
a8283051-7e4a-486a-8fa3-e3f62af35e46;Hessen;63071;DIMB IG Taunus;Offenbach am Main;Offenbach am Main;21
2b482369-75c4-4d0b-a40a-f343493b7dc4;Hessen;63073;DIMB IG Taunus;Offenbach am Main;Offenbach am Main;21
ce16f72b-2e3d-443f-90b8-ea12d1e45c45;Hessen;63075;DIMB IG Taunus;Offenbach am Main;Offenbach am Main;21
661fe682-5ac9-49e1-8df5-cdd038684541;Hessen;63110;DIMB IG Taunus;Landkreis Offenbach;Rodgau;21
5f285ce7-b979-43e4-92e8-24389a95a7d9;Hessen;63128;DIMB IG Taunus;Landkreis Offenbach;Dietzenbach;21
3a3bcdc4-1fc3-4efe-af98-3c759c04d03d;Hessen;63150;DIMB IG Taunus;Landkreis Offenbach;Heusenstamm;21
81072b0c-9fd7-4c19-ad70-a0aa09e162e9;Hessen;63165;DIMB IG Taunus;Landkreis Offenbach;Mühlheim am Main;21
ae4d3293-25d6-436f-81cf-6c7a867ac404;Hessen;63179;DIMB IG Taunus;Landkreis Offenbach;Obertshausen;21
99f82662-e2f2-4e3c-a715-572727aa5389;Hessen;63225;DIMB IG Taunus;Landkreis Offenbach;Langen;21
a099c13e-ee41-4664-97a9-7ffe2959488e;Hessen;63263;DIMB IG Taunus;Landkreis Offenbach;Neu-Isenburg;21
f758ab4e-a36b-4a13-bdc7-8e8a45f0a3f7;Hessen;63303;DIMB IG Taunus;Landkreis Offenbach;Dreieich;21
3ef07fc6-ed45-4f7b-8ff7-40c7bf9fa5f9;Hessen;63322;DIMB IG Taunus;Landkreis Offenbach;Rödermark;21
c2c0f2e1-3316-4faf-b0de-98898622eef6;Hessen;63329;DIMB IG Taunus;Landkreis Offenbach;Egelsbach;21
c3409e15-988d-4242-99ac-73dc76c8f474;Hessen;63450;DIMB IG Hessischer Spessart;Main-Kinzig-Kreis;Hanau;12
4aaf0eed-957e-4c98-84d6-25433934364e;Hessen;63452;DIMB IG Hessischer Spessart;Main-Kinzig-Kreis;Hanau;12
8516f90d-ea3c-4c62-a542-d4093a811bc6;Hessen;63454;DIMB IG Hessischer Spessart;Main-Kinzig-Kreis;Hanau;12
b4562a63-d123-4864-ae35-06a90a6a2b20;Hessen;63456;DIMB IG Hessischer Spessart;Main-Kinzig-Kreis;Hanau;12
82c44371-32e0-4a67-a39a-d4740dd5c64d;Hessen;63457;DIMB IG Hessischer Spessart;Main-Kinzig-Kreis;Hanau;12
a8049d60-d6c5-4df3-87b4-27b0b4da8e82;Hessen;63477;DIMB IG Hessischer Spessart;Main-Kinzig-Kreis;Maintal;12
d567e79e-6a45-44b3-b98c-5c354e5d3be9;Hessen;63486;DIMB IG Hessischer Spessart;Main-Kinzig-Kreis;Bruchköbel;12
e90d6a1e-333c-4d41-96ec-ae35876e2c39;Hessen;63500;DIMB IG Taunus;Landkreis Offenbach;Seligenstadt;21
26f14067-0811-4955-9c44-5f1d6c04ccaf;Hessen;63505;DIMB IG Hessischer Spessart;Main-Kinzig-Kreis;Langenselbold;12
045ba2e4-c623-4c05-90c1-85d26c7f7609;Hessen;63512;DIMB IG Taunus;Landkreis Offenbach;Hainburg;21
bd12554a-cc46-4b27-9a46-90d021f15d4e;Hessen;63517;DIMB IG Hessischer Spessart;Main-Kinzig-Kreis;Rodenbach;12
241646e4-65a8-4848-bbbd-77e3ffbb5db0;Hessen;63526;DIMB IG Hessischer Spessart;Main-Kinzig-Kreis;Erlensee;12
003d9519-ea11-476e-964e-05292d829ea3;Hessen;63533;DIMB IG Taunus;Landkreis Offenbach;Mainhausen;21
cc435011-50c9-47b9-bae2-6a8712236493;Hessen;63538;DIMB IG Hessischer Spessart;Main-Kinzig-Kreis;Großkrotzenburg;12
fbf38a0a-47fa-48ea-b4d6-f93c8a911026;Hessen;63543;DIMB IG Hessischer Spessart;Main-Kinzig-Kreis;Neuberg;12
9ad13367-0eb1-4203-bf86-279579f01a81;Hessen;63546;DIMB IG Hessischer Spessart;Main-Kinzig-Kreis;Hammersbach;12
796e9bc7-ca81-428e-a029-312f8c152a61;Hessen;63549;DIMB IG Hessischer Spessart;Main-Kinzig-Kreis;Ronneburg;12
c430deb7-91df-495f-8ae6-3fbbd70c967c;Hessen;63571;DIMB IG Hessischer Spessart;Main-Kinzig-Kreis;Gelnhausen;12
1437bf4d-c919-49a7-9301-6d1fdbd7a97e;Hessen;63579;DIMB IG Hessischer Spessart;Main-Kinzig-Kreis;Freigericht;12
d06c3fb1-d903-4a63-938a-80f93fe3f972;Hessen;63584;DIMB IG Hessischer Spessart;Main-Kinzig-Kreis;Gründau;12
7e7753bb-f59d-4c2f-bc05-3bfc9d81c353;Hessen;63589;DIMB IG Hessischer Spessart;Main-Kinzig-Kreis;Gelnhausen, Linsengericht;12
435eb52d-a276-4070-8656-a7f27f463b81;Hessen;63594;DIMB IG Hessischer Spessart;Main-Kinzig-Kreis;Hasselroth;12
f2413970-35df-4dbb-bbab-e51dbaef0099;Hessen;63599;DIMB IG Hessischer Spessart;Main-Kinzig-Kreis;Biebergemünd;12
4c34f96c-abac-4595-8a83-24bf9fc62424;Hessen;63607;DIMB IG Hessischer Spessart;Main-Kinzig-Kreis;Wächtersbach;12
f55ec76c-0fee-40a8-9fa4-8a716581b0e8;Hessen;63619;DIMB IG Hessischer Spessart;Main-Kinzig-Kreis;Bad Orb;12
252f90e2-1ed9-44a4-a7e4-989f5dab76fb;Hessen;63628;DIMB IG Hessischer Spessart;Main-Kinzig-Kreis;Bad Soden-Salmünster;12
98bacf62-9218-44c5-b511-0884ed014a34;Hessen;63633;DIMB IG Hessischer Spessart;Main-Kinzig-Kreis;Birstein;12
304b06db-5530-465f-849a-4af7321c363b;Hessen;63636;DIMB IG Hessischer Spessart;Main-Kinzig-Kreis;Brachttal;12
4c3d5e5e-ca4f-40fc-a1b5-df9d6748c02f;Hessen;63637;DIMB IG Hessischer Spessart;Main-Kinzig-Kreis;Jossgrund;12
134cdcc1-1ede-4032-a4de-43d583472ff5;Hessen;63639;DIMB IG Hessischer Spessart;Main-Kinzig-Kreis;Flörsbachtal;12
cbb0a6a5-b81d-405c-ba77-dc231cbb5a5a;Hessen;63654;DIMB IG Taunus;Wetteraukreis;Büdingen;21
384ed88e-610f-49d7-b26b-878d8bd79787;Hessen;63667;DIMB IG Taunus;Wetteraukreis;Nidda;21
c711e842-5be0-4565-9ce5-24437f8ad15a;Hessen;63674;DIMB IG Taunus;Wetteraukreis;Altenstadt;21
c00a04b0-e5b6-485a-8db9-975348c77567;Hessen;63679;DIMB IG Taunus;Vogelsbergkreis;Schotten;21
6e8baea9-bfb7-43cd-8904-c354b3abdb54;Hessen;63683;DIMB IG Taunus;Wetteraukreis;Ortenberg;21
23d13a7f-3e44-452e-8e62-1348205744bf;Hessen;63688;DIMB IG Taunus;Wetteraukreis;Gedern;21
a76752b1-e692-4f3b-8854-600608198970;Hessen;63691;DIMB IG Taunus;Wetteraukreis;Ranstadt;21
c0bb29f7-8392-49cb-a3e7-647007dc0830;Hessen;63694;DIMB IG Taunus;Wetteraukreis;Limeshain;21
3fd968c0-4ec3-4802-867c-e43a6911b486;Hessen;63695;DIMB IG Taunus;Wetteraukreis;Glauburg;21
1700e576-0525-4ded-a660-08c2904c222b;Hessen;63697;DIMB IG Taunus;Wetteraukreis;Hirzenhain;21
1d950493-372d-4f09-bab0-a20ec8afaf6d;Hessen;63699;DIMB IG Taunus;Wetteraukreis;Kefenrod;21
50b1337b-8e8e-4f50-be12-a548041d1d3b;Bayern;63739;DIMB IG Untermain;Stadt Aschaffenburg;Aschaffenburg;72
f053537a-8e06-4d34-b0bb-0b1a5d214840;Bayern;63741;DIMB IG Untermain;Stadt Aschaffenburg;Aschaffenburg;72
49a25986-9453-4ce2-a298-62fc65868699;Bayern;63743;DIMB IG Untermain;Stadt Aschaffenburg;Aschaffenburg;72
4b313d70-9f9c-441d-979a-a98adb13a202;Bayern;63755;DIMB IG Untermain;Landkreis Aschaffenburg;Alzenau;72
053c9e9b-84a8-4312-b7c8-d16a8e6cd75c;Bayern;63762;DIMB IG Untermain;Landkreis Aschaffenburg;Großostheim;72
6f7bbde3-33f1-484b-ae93-278d00ad0645;Bayern;63768;DIMB IG Untermain;Landkreis Aschaffenburg;Hösbach;72
0bac1e55-1ce2-44a9-a58e-237a2c2655e9;Bayern;63773;DIMB IG Untermain;Landkreis Aschaffenburg;Goldbach;72
991e24b6-a93b-435a-a7c4-e9ec0e8bafbb;Bayern;63776;DIMB IG Untermain;Landkreis Aschaffenburg;Mömbris;72
6af472f5-deac-4057-aeba-ba1c5a269b4a;Bayern;63785;DIMB IG Untermain;Landkreis Miltenberg;Obernburg am Main;72
c362eea2-cfce-47a2-a205-6c7c8c4026d7;Bayern;63791;DIMB IG Untermain;Landkreis Aschaffenburg;Karlstein am Main;72
b7961f65-09b3-4ea6-946b-340f92aa70e9;Bayern;63796;DIMB IG Untermain;Landkreis Aschaffenburg;Kahl am Main;72
f4136eb0-bc32-4bd0-b8fe-9caba62bb0d8;Bayern;63801;DIMB IG Untermain;Landkreis Aschaffenburg;Kleinostheim;72
8e3d156a-9bf9-4698-96ad-4acc9b77ee43;Bayern;63808;DIMB IG Untermain;Landkreis Aschaffenburg;Haibach;72
aa2c1a21-108b-4000-ab39-8958d58d6293;Bayern;63811;DIMB IG Untermain;Landkreis Aschaffenburg;Stockstadt am Main;72
4021e1d6-1028-468c-8734-6c7fe4b8e148;Bayern;63814;DIMB IG Untermain;Landkreis Aschaffenburg;Mainaschaff;72
a8369d53-4c93-4aba-9523-2f77fecedb0e;Bayern;63820;DIMB IG Untermain;Landkreis Miltenberg;Elsenfeld;72
b6f0ac7c-d84d-4d90-9c9b-9fa07133c942;Bayern;63825;DIMB IG Untermain;Landkreis Aschaffenburg;Blankenbach, Schöllkrippen, Sommerkahl, Westerngrund;72
053dfa96-b90c-4f75-9d63-e55e102933c4;Bayern;63826;DIMB IG Untermain;Landkreis Aschaffenburg;Geiselbach, Kleinkahl;72
ac4e3b02-89d6-4700-8742-2f65997c301a;Bayern;63829;DIMB IG Untermain;Landkreis Aschaffenburg;Krombach;72
0cc5818f-a215-4727-bb03-f647f661b4eb;Bayern;63831;DIMB IG Untermain;Landkreis Aschaffenburg;Wiesen;72
b5208550-b0f8-4366-8e89-be4d0fc4acc0;Bayern;63834;DIMB IG Untermain;Landkreis Miltenberg;Sulzbach am Main;72
796119f0-31e9-4c36-80ae-cd242ffc6cf3;Bayern;63839;DIMB IG Untermain;Landkreis Miltenberg;Kleinwallstadt;72
2aa3882d-cea9-451b-a29a-a1eda522c9e4;Bayern;63840;DIMB IG Untermain;Landkreis Miltenberg;Hausen;72
06ec6e6f-0e84-4a6b-b4c8-33a733800409;Bayern;63843;DIMB IG Untermain;Landkreis Miltenberg;Niedernberg;72
013f5052-8845-4ea7-935e-e3f85b86ed40;Bayern;63846;DIMB IG Untermain;Landkreis Aschaffenburg;Laufach;72
0cd2fd94-755c-4eb0-ab37-e08a6f4a9fb3;Bayern;63849;DIMB IG Untermain;Landkreis Miltenberg;Leidersbach;72
577de495-45cd-4a14-b123-9a485dc1c99d;Bayern;63853;DIMB IG Untermain;Landkreis Miltenberg;Mömlingen;72
e25bbd38-38a9-43f7-a228-f0d811d8cf80;Bayern;63856;DIMB IG Untermain;Landkreis Aschaffenburg;Bessenbach;72
4381cb4c-0447-4e6f-913b-9046f13ebc9e;Bayern;63857;DIMB IG Untermain;Landkreis Aschaffenburg;Waldaschaff;72
e4fb276c-629c-4436-8266-e491a2562620;Bayern;63860;DIMB IG Untermain;Landkreis Aschaffenburg;Rothenbuch;72
c40e9083-05c4-4ad4-aada-d83ca7d88006;Bayern;63863;DIMB IG Untermain;Landkreis Miltenberg;Eschau;72
c811205c-4c2c-4ac3-a797-3a14b2c5267a;Bayern;63864;DIMB IG Untermain;Landkreis Aschaffenburg;Glattbach;72
3515ecad-4aa8-47e2-93fa-0aeaee3512db;Bayern;63867;DIMB IG Untermain;Landkreis Aschaffenburg;Johannesberg;72
c8b6b9ce-91c9-4e05-8260-acae509e10d5;Bayern;63868;DIMB IG Untermain;Landkreis Miltenberg;Großwallstadt;72
e83983f8-a132-4d3a-a6e2-63fbff39d318;Bayern;63869;DIMB IG Untermain;Landkreis Aschaffenburg;Heigenbrücken;72
c5296f4d-b5b2-450c-a823-d5efd15ebc86;Bayern;63871;DIMB IG Untermain;Landkreis Aschaffenburg;Heinrichsthal;72
edeb6db8-3782-489d-aca8-3b0c86e13586;Bayern;63872;DIMB IG Untermain;Landkreis Aschaffenburg;Heimbuchenthal;72
04db2aef-cae0-4a82-9450-4f0cce535df9;Bayern;63874;DIMB IG Untermain;Landkreis Aschaffenburg;Dammbach;72
b009150e-b3b1-4179-bd95-0553b374f296;Bayern;63875;DIMB IG Untermain;Landkreis Aschaffenburg;Mespelbrunn;72
b63382da-63c3-477e-9de7-60feafaa318a;Bayern;63877;DIMB IG Untermain;Landkreis Aschaffenburg;Sailauf;72
b8849990-cac0-4688-ba31-ca84b0a949b1;Bayern;63879;DIMB IG Untermain;Landkreis Aschaffenburg;Weibersbrunn;72
538fc87f-a3cb-4e7c-82cc-15c7ba93cce9;Bayern;63897;DIMB IG Untermain;Landkreis Miltenberg;Miltenberg;72
f024e017-db06-4691-bf79-38fa7ab50a84;Bayern;63906;DIMB IG Untermain;Landkreis Miltenberg;Erlenbach a.Main;72
e480876d-1fa8-4926-be53-bc53ff61cac6;Bayern;63911;DIMB IG Untermain;Landkreis Miltenberg;Klingenberg am Main;72
b1b8299d-1582-4e31-8222-0c3857effcf8;Bayern;63916;DIMB IG Untermain;Landkreis Miltenberg;Amorbach;72
0e3de13a-0cc1-457f-bc53-6f68db91ea9c;Bayern;63920;DIMB IG Untermain;Landkreis Miltenberg;Großheubach;72
5b6cd78c-d3ab-40cc-9fcf-6f887e2e8cc2;Bayern;63924;DIMB IG Untermain;Landkreis Miltenberg;Kleinheubach, Rüdenau;72
3fa0631f-c286-4290-9b2f-0025c6bc9fca;Bayern;63925;DIMB IG Untermain;Landkreis Miltenberg;Laudenbach;72
cf9491be-1c1e-4e29-acfd-dc1bc8bf67c1;Bayern;63927;DIMB IG Untermain;Landkreis Miltenberg;Bürgstadt;72
4dabafd4-ede5-4086-9587-7f8984d549d4;Bayern;63928;DIMB IG Untermain;Landkreis Miltenberg;Eichenbühl;72
c501dbff-10c8-4385-8066-410fc7e1b2e8;Bayern;63930;DIMB IG Untermain;Landkreis Miltenberg;Neunkirchen;72
9d578a65-2247-4865-8477-bcc39652a0ee;Bayern;63931;DIMB IG Untermain;Landkreis Miltenberg;Kirchzell;72
5c36cdaa-6914-4014-b802-ff2b3a6cf3ad;Bayern;63933;DIMB IG Untermain;Landkreis Miltenberg;Mönchberg;72
5554e4c1-3255-413f-9d68-562e8d583e72;Bayern;63934;DIMB IG Untermain;Landkreis Miltenberg;Röllbach;72
f0790262-b66a-4f69-95e1-2b92144ad76f;Bayern;63936;DIMB IG Untermain;Landkreis Miltenberg;Schneeberg;72
39a90b17-28d5-4437-a480-fe5051f5e55b;Bayern;63937;DIMB IG Untermain;Landkreis Miltenberg;Weilbach;72
5b2b70ad-8f29-4a90-83c5-f93b9ffcf411;Bayern;63939;DIMB IG Untermain;Landkreis Miltenberg;Wörth am Main;72
35e204c2-2607-4983-b352-2ede0eee1e96;Hessen;64283;DIMB IG Odenwald;Darmstadt;Darmstadt;11
205542a7-b44f-4c28-9b7c-b0775c20794a;Hessen;64285;DIMB IG Odenwald;Darmstadt;Darmstadt;11
76cd35f9-0fe8-497c-8306-3287bb15fa6a;Hessen;64287;DIMB IG Odenwald;Darmstadt;Darmstadt;11
00f14195-9d20-4705-a878-88cb1105e5ef;Hessen;64289;DIMB IG Odenwald;Darmstadt;Darmstadt;11
bdb4f023-4017-4437-b32b-86befeacd2bb;Hessen;64291;DIMB IG Odenwald;Darmstadt;Darmstadt;11
5f960161-2214-4a36-be67-1408a28b2ddc;Hessen;64293;DIMB IG Odenwald;Darmstadt;Darmstadt;11
70550a79-b4f8-424d-848b-a5d5b85f2d2b;Hessen;64295;DIMB IG Odenwald;Darmstadt;Darmstadt;11
13273a30-19be-4eaf-a0a9-c75f45dd7ba8;Hessen;64297;DIMB IG Odenwald;Darmstadt;Darmstadt;11
3b07eee9-5c7c-4362-9c35-8a1706cfbcad;Hessen;64319;DIMB IG Odenwald;Landkreis Darmstadt-Dieburg;Pfungstadt;11
c1ad584d-aa35-4a05-b10e-3161421067aa;Hessen;64331;DIMB IG Odenwald;Landkreis Darmstadt-Dieburg;Weiterstadt;11
9960d3bd-3d7e-4ad6-8ce5-098402c84fbc;Hessen;64342;DIMB IG Odenwald;Landkreis Darmstadt-Dieburg;Seeheim-Jugenheim;11
bf1a6dc8-385a-493f-ac1b-6ac2172df30d;Hessen;64347;DIMB IG Odenwald;Landkreis Darmstadt-Dieburg;Griesheim;11
6656b1a5-4fd7-4c4d-a0ae-6331c5960769;Hessen;64354;DIMB IG Odenwald;Landkreis Darmstadt-Dieburg;Reinheim;11
a048c8ee-8dd9-4149-b049-aaea937b003f;Hessen;64367;DIMB IG Odenwald;Landkreis Darmstadt-Dieburg;Mühltal;11
86968898-849f-4bd7-aaec-783c5a0ca225;Hessen;64372;DIMB IG Odenwald;Landkreis Darmstadt-Dieburg;Ober-Ramstadt;11
c6d3db01-45c6-4e05-9ff7-7bc11e5b592c;Hessen;64380;DIMB IG Odenwald;Landkreis Darmstadt-Dieburg;Roßdorf;11
e23c4f49-0220-4a79-84f0-9dddfde744ea;Hessen;64385;DIMB IG Odenwald;Odenwaldkreis;Reichelsheim (Odenwald);11
26fb9980-045d-4490-8004-447d12c9c641;Hessen;64390;DIMB IG Odenwald;Landkreis Darmstadt-Dieburg;Erzhausen;11
c9bd32eb-a88b-4404-a275-78f45b57d57f;Hessen;64395;DIMB IG Odenwald;Landkreis Darmstadt-Dieburg;Groß-Bieberau, Brensbach;11
6b8eeae0-d3a7-4b44-b345-82604c94836a;Hessen;64397;DIMB IG Odenwald;Landkreis Darmstadt-Dieburg;Modautal;11
ecc0f969-0b33-4600-b333-cfb27c54702f;Hessen;64401;DIMB IG Odenwald;Landkreis Darmstadt-Dieburg;Groß-Bieberau;11
d4eaa15f-649c-400f-ab68-0f263d59973c;Hessen;64404;DIMB IG Odenwald;Landkreis Darmstadt-Dieburg;Bickenbach;11
dd8c98e2-2d3f-4177-85e4-ae23e14f219f;Hessen;64405;DIMB IG Odenwald;Landkreis Darmstadt-Dieburg;Fischbachtal;11
6341b999-afd4-4817-8dcb-f4109463d442;Hessen;64407;DIMB IG Odenwald;Odenwaldkreis;Fränkisch-Crumbach;11
c9b74f75-2c66-4c20-b476-2660bfdd5c41;Hessen;64409;DIMB IG Odenwald;Landkreis Darmstadt-Dieburg;Messel;11
a06b48ab-8a5b-49d2-85a3-a499d2ac21a1;Hessen;64521;DIMB IG Odenwald;Kreis Groß-Gerau;Groß-Gerau;11
81abacb2-aeab-45b1-a631-2dd36c99f02d;Hessen;64546;DIMB IG Odenwald;Kreis Groß-Gerau;Mörfelden-Walldorf;11
9370c2d5-3aa5-4127-8ff8-04c9dc3bc80b;Hessen;64560;DIMB IG Odenwald;Kreis Groß-Gerau;Riedstadt;11
e6912c9a-107c-4cf4-84c8-4c5627680374;Hessen;64569;DIMB IG Odenwald;Kreis Groß-Gerau;Nauheim;11
16be1195-ec79-4706-b73d-c891962cdaa0;Hessen;64572;DIMB IG Odenwald;Kreis Groß-Gerau;Büttelborn;11
ce856aeb-e58a-4553-a806-4937e1225987;Hessen;64579;DIMB IG Odenwald;Kreis Groß-Gerau;Gernsheim;11
271c17ba-c0e3-4a27-b0e6-3bd573fdb300;Hessen;64584;DIMB IG Odenwald;Kreis Groß-Gerau;Biebesheim;11
0268c1a5-cad4-40be-9dcd-3ac2e4cac634;Hessen;64589;DIMB IG Odenwald;Kreis Groß-Gerau;Stockstadt;11
41f6ed9a-2426-4ea4-9a24-825535b47660;Hessen;64625;DIMB IG Odenwald;Kreis Bergstraße;Bensheim;11
2d125f2b-aaee-4f38-ada8-96a9b0bf687e;Hessen;64646;DIMB IG Odenwald;Kreis Bergstraße;Heppenheim;11
156dfdac-b258-4838-9b80-ad8cb9a6a0a1;Hessen;64653;DIMB IG Odenwald;Kreis Bergstraße;Lorsch;11
bae13770-259c-4400-8bbd-cbc6db4e3aae;Hessen;64658;DIMB IG Odenwald;Kreis Bergstraße;Fürth;11
53c093dc-1bf8-41d9-ac0b-d80e29f12fe0;Hessen;64665;DIMB IG Odenwald;Landkreis Darmstadt-Dieburg;Alsbach-Hähnlein;11
7f5fccb0-13ea-4199-af81-6e5e9c31add4;Hessen;64668;DIMB IG Odenwald;Kreis Bergstraße;Rimbach;11
e2c7d0b4-62ad-4e11-b31e-d5801140f8a4;Hessen;64673;DIMB IG Odenwald;Kreis Bergstraße;Zwingenberg;11
1344ed75-6a8d-4262-8add-a7adc4777da9;Hessen;64678;DIMB IG Odenwald;Kreis Bergstraße;Lindenfels;11
4ebc7fb6-4c6e-47fe-8eee-2eb7570e6eba;Hessen;64683;DIMB IG Odenwald;Kreis Bergstraße;Einhausen;11
6b78a7c3-987b-445f-9e7b-6327eff7937c;Hessen;64686;DIMB IG Odenwald;Kreis Bergstraße;Lautertal;11
4e218917-b491-4ddc-9e44-30e88e87d4db;Hessen;64689;DIMB IG Odenwald;Kreis Bergstraße;Grasellenbach;11
8d420f5f-1561-4751-87f2-bd46cbc26ebc;Hessen;64711;DIMB IG Odenwald;Odenwaldkreis;Erbach;11
c28b2bf4-27c9-4a94-8b34-1db1527e291f;Hessen;64720;DIMB IG Odenwald;Odenwaldkreis;Michelstadt;11
502be371-7c40-4fbd-8159-3a7bfe4dcce1;Hessen;64732;DIMB IG Odenwald;Odenwaldkreis;Bad König;11
ffa09df2-d838-4b98-aaa7-05597b54ba1b;Hessen;64739;DIMB IG Odenwald;Odenwaldkreis;Höchst im Odenwald;11
a2ab0529-581b-411e-884f-3db768d68765;Hessen;64747;DIMB IG Odenwald;Odenwaldkreis;Breuberg;11
dd864f6f-7751-447a-9470-af7b1a3ce3aa;Hessen;64750;DIMB IG Odenwald;Odenwaldkreis;Lützelbach;11
bce121ae-6e98-4021-9701-beff3bed0a73;Hessen;64753;DIMB IG Odenwald;Odenwaldkreis;Brombachtal;11
e5115a37-494d-46c5-b3b8-e7600b511725;Baden-Württemberg;64754;DIMB IG Odenwald;Rhein-Neckar-Kreis;Eberbach;11
542e1a4b-3ea7-4756-b2fd-44d7300f574f;Hessen;64756;DIMB IG Odenwald;Odenwaldkreis;Mossautal;11
b0e30380-c281-4c22-a969-5cc1ba192359;Hessen;64757;DIMB IG Odenwald;Kreis Bergstraße;Hirschhorn;11
42f2aec1-8fa4-4634-83ea-a40b49a3319c;Hessen;64760;DIMB IG Odenwald;Odenwaldkreis;Oberzent;11
9f68eef2-42bf-4218-97ac-e1a0eda77301;Hessen;64807;DIMB IG Odenwald;Landkreis Darmstadt-Dieburg;Dieburg;11
6a69d8cc-6890-4820-9c39-2b74cfc37d34;Hessen;64823;DIMB IG Odenwald;Landkreis Darmstadt-Dieburg;Groß-Umstadt;11
0f0d3e7e-f800-47b3-a5bb-e489fec64d39;Hessen;64832;DIMB IG Odenwald;Landkreis Darmstadt-Dieburg;Babenhausen;11
a8930c1a-43c3-43dd-8ac3-d9d0b0532d17;Hessen;64839;DIMB IG Odenwald;Landkreis Darmstadt-Dieburg;Münster (Hessen);11
cfeb54d4-b4c3-4012-bb6d-00fcea4d5602;Hessen;64846;DIMB IG Odenwald;Landkreis Darmstadt-Dieburg;Groß-Zimmern;11
dd7b7ad8-e33a-447f-9831-4ca483fbdb91;Hessen;64850;DIMB IG Odenwald;Landkreis Darmstadt-Dieburg;Schaafheim;11
dacde990-75c3-4055-89ee-3a1b33935dfc;Hessen;64853;DIMB IG Odenwald;Landkreis Darmstadt-Dieburg;Otzberg;11
706adf3d-f9ea-41c0-bd71-dedc167eedc2;Hessen;64859;DIMB IG Odenwald;Landkreis Darmstadt-Dieburg;Eppertshausen;11
5f0a010d-c48a-404c-8e31-214c2952201c;Hessen;65183;DIMB IG Wiesbaden;Wiesbaden;Wiesbaden;98
c12ceb98-8cd9-40d6-9c2a-4ec4e32e06cf;Hessen;65185;DIMB IG Wiesbaden;Wiesbaden;Wiesbaden;98
92a0c45e-288c-4eb3-ae52-670649812594;Hessen;65187;DIMB IG Wiesbaden;Wiesbaden;Wiesbaden;98
4025ac9e-7cc2-4345-9b7f-6c6dedee207f;Hessen;65189;DIMB IG Wiesbaden;Wiesbaden;Wiesbaden;98
31a6b7e6-8716-4688-b958-10a9b400c9de;Hessen;65191;DIMB IG Wiesbaden;Wiesbaden;Wiesbaden;98
d44a6a39-7513-466c-951f-537f3a82340c;Hessen;65193;DIMB IG Wiesbaden;Wiesbaden;Wiesbaden;98
da4e5236-31d1-4a04-ab95-975b078ea4d0;Hessen;65195;DIMB IG Wiesbaden;Wiesbaden;Wiesbaden;98
0ab2d296-be6e-4607-a017-561aff3201b4;Hessen;65197;DIMB IG Wiesbaden;Wiesbaden;Wiesbaden;98
61952385-6384-47d5-9fbc-97b31292d930;Hessen;65199;DIMB IG Wiesbaden;Wiesbaden;Wiesbaden;98
8f7e1ebc-e085-4c0a-86d8-21bb7afc9d35;Hessen;65201;DIMB IG Wiesbaden;Wiesbaden;Wiesbaden;98
59dfacf9-f2b3-4963-84aa-ab94a05cbbef;Hessen;65203;DIMB IG Wiesbaden;Wiesbaden;Wiesbaden;98
9ed8d123-6233-42c9-8eec-ef4d3f6c8b6b;Hessen;65205;DIMB IG Wiesbaden;Wiesbaden;Wiesbaden;98
b5476c4a-35d6-48c9-b50d-c62fee152280;Hessen;65207;DIMB IG Wiesbaden;Wiesbaden;Wiesbaden;98
bad4a0c9-3ff2-4a5e-a2dc-8cf7dc7909b5;Hessen;65232;DIMB IG Taunus;Rheingau-Taunus-Kreis;Taunusstein;21
f8baeb85-f063-4875-be2f-12e9b3335c14;Hessen;65239;DIMB IG Taunus;Main-Taunus-Kreis;Hochheim;21
b7e97723-9684-4d11-8ddf-f395dcbf9624;Hessen;65307;DIMB IG Taunus;Rheingau-Taunus-Kreis;Bad Schwalbach;21
f44e4aa4-c4c9-45f7-a4d6-c228c7d15be7;Hessen;65321;DIMB IG Taunus;Rheingau-Taunus-Kreis;Heidenrod;21
91362975-2d2b-498d-9a91-aeae77dfdc00;Hessen;65326;DIMB IG Taunus;Rheingau-Taunus-Kreis;Aarbergen;21
a5854160-9a11-44d1-99d9-08788d2990c4;Hessen;65329;DIMB IG Taunus;Rheingau-Taunus-Kreis;Hohenstein;21
79dfe178-b0cb-4e38-ab24-d2ffae1ffcd0;Hessen;65343;DIMB IG Taunus;Rheingau-Taunus-Kreis;Eltville am Rhein;21
670a41ab-c19c-4445-b4bc-e2902e03bf58;Hessen;65344;DIMB IG Taunus;Rheingau-Taunus-Kreis;Eltville am Rhein;21
c7c59dca-b15e-4a23-910a-fc876060dc2f;Hessen;65345;DIMB IG Taunus;Rheingau-Taunus-Kreis;Eltville am Rhein;21
d5afbb2b-323a-4b41-9ad2-c94d72a4092a;Hessen;65346;DIMB IG Taunus;Rheingau-Taunus-Kreis;Eltville am Rhein;21
71a6d7ae-2ad7-4c16-9e3b-f492b4bd8372;Hessen;65347;DIMB IG Taunus;Rheingau-Taunus-Kreis;Eltville am Rhein;21
dbe942f2-05d8-491e-8f9c-f5b6b6cd5649;Hessen;65366;DIMB IG Taunus;Rheingau-Taunus-Kreis;Geisenheim;21
e10789eb-cba8-4973-87fa-207acab87208;Hessen;65375;DIMB IG Taunus;Rheingau-Taunus-Kreis;Oestrich-Winkel;21
3d637a70-6519-4193-a1b5-a2e4bd4f284b;Hessen;65385;DIMB IG Taunus;Rheingau-Taunus-Kreis;Rüdesheim am Rhein;21
ddd8d9a7-c48e-46c5-834c-61a3d8096ba1;Hessen;65388;DIMB IG Taunus;Rheingau-Taunus-Kreis;Schlangenbad;21
eb53c7d7-2018-4782-8238-e0c00d04a12f;Hessen;65391;DIMB IG Taunus;Rheingau-Taunus-Kreis;Lorch;21
a9635bd6-493f-49c8-9b97-a8dd2b08a37f;Hessen;65396;DIMB IG Taunus;Rheingau-Taunus-Kreis;Walluf;21
34ffa639-9f45-45ae-98a0-41e150875095;Hessen;65399;DIMB IG Taunus;Rheingau-Taunus-Kreis;Kiedrich;21
97a32987-0f52-4225-b599-36a7155241c0;Hessen;65428;DIMB IG Taunus;Kreis Groß-Gerau;Rüsselsheim am Main;21
6bafb132-5db6-49eb-af42-35512eadd7ef;Hessen;65439;DIMB IG Taunus;Main-Taunus-Kreis;Flörsheim;21
b08ccb2e-3d28-41c8-9647-a4f1dc2da9eb;Hessen;65451;DIMB IG Taunus;Kreis Groß-Gerau;Kelsterbach;21
2d8429af-236b-461d-9074-e2adf01ea77a;Hessen;65462;DIMB IG Taunus;Kreis Groß-Gerau;Ginsheim-Gustavsburg;21
d4dbf229-e5d4-41f5-860d-10eb3f33c998;Hessen;65468;DIMB IG Taunus;Kreis Groß-Gerau;Trebur;21
046f1cbb-588e-410e-948b-017eddf26ffd;Hessen;65474;DIMB IG Taunus;Kreis Groß-Gerau;Bischofsheim;21
391b7b29-1467-487b-8746-eda01a1388a2;Hessen;65479;DIMB IG Taunus;Kreis Groß-Gerau;Raunheim;21
56aec2fd-a0b9-4c37-8e26-73b422b8003f;Hessen;65510;DIMB IG Taunus;Rheingau-Taunus-Kreis;Hünstetten, Idstein;21
5148e98b-0d05-4f4d-9605-82e8ca1d3c67;Hessen;65520;DIMB IG Taunus;Landkreis Limburg-Weilburg;Bad Camberg;21
6c8e4057-49b2-42fe-96f6-f20a7ba8cad5;Hessen;65527;DIMB IG Taunus;Rheingau-Taunus-Kreis;Niedernhausen;21
41fd092c-7cca-4d66-87ef-c0b4178541c8;Hessen;65529;DIMB IG Taunus;Rheingau-Taunus-Kreis;Waldems;21
dcfdb689-9f26-4a1d-84f0-423e8f257fa5;Hessen;65549;DIMB IG Taunus;Landkreis Limburg-Weilburg;Limburg a. d. Lahn;21
f63abff1-ab53-4a56-b905-e55b0697918a;Hessen;65550;DIMB IG Taunus;Landkreis Limburg-Weilburg;Limburg a. d. Lahn;21
b7a54342-e2e2-42a5-b982-53e29070c967;Hessen;65551;DIMB IG Taunus;Landkreis Limburg-Weilburg;Limburg a. d. Lahn;21
112163f7-a1de-4ebd-8705-1e5aa1bc8493;Hessen;65552;DIMB IG Taunus;Landkreis Limburg-Weilburg;Limburg a. d. Lahn;21
309aa32b-fcfe-48c2-818d-e06b1c410049;Hessen;65553;DIMB IG Taunus;Landkreis Limburg-Weilburg;Limburg a. d. Lahn;21
02ba5efd-135f-4675-a442-c8a1c526dadd;Hessen;65554;DIMB IG Taunus;Landkreis Limburg-Weilburg;Limburg a. d. Lahn;21
f7bc411e-ae4c-4553-8bae-352253020b9c;Hessen;65555;DIMB IG Taunus;Landkreis Limburg-Weilburg;Limburg a. d. Lahn;21
81a0776c-7218-4cec-a649-5b9e9b5613fc;Hessen;65556;DIMB IG Taunus;Landkreis Limburg-Weilburg;Limburg a. d. Lahn;21
d62408b8-7779-4d9c-9646-18bdc7cb8636;Hessen;65589;DIMB IG Taunus;Landkreis Limburg-Weilburg;Hadamar;21
b3d10948-ccfb-4373-9df6-172249ce8383;Hessen;65594;DIMB IG Taunus;Landkreis Limburg-Weilburg;Runkel;21
b2695af3-bd09-447b-b8c2-62968fbd7aca;Hessen;65597;DIMB IG Taunus;Landkreis Limburg-Weilburg;Hünfelden;21
2e7c271d-56c7-4b45-90a7-e1c41155c3ef;Hessen;65599;DIMB IG Taunus;Landkreis Limburg-Weilburg;Dornburg;21
e9c0376d-4031-4980-812b-535047e48b6e;Hessen;65604;DIMB IG Taunus;Landkreis Limburg-Weilburg;Elz;21
7a581b9d-2132-4521-9e9e-179d0d7a894f;Hessen;65606;DIMB IG Taunus;Landkreis Limburg-Weilburg;Villmar;21
49205969-58c2-4a66-8bcb-42a84fc179df;Hessen;65611;DIMB IG Taunus;Landkreis Limburg-Weilburg;Brechen;21
6e26414a-05f7-459f-b223-65ffddfd6aa2;Hessen;65614;DIMB IG Taunus;Landkreis Limburg-Weilburg;Beselich;21
463226e8-92d1-4bde-878d-15e2faade5b5;Hessen;65618;DIMB IG Taunus;Landkreis Limburg-Weilburg;Selters;21
121349cd-1106-4200-b448-bfd6c390f2e3;Hessen;65620;DIMB IG Taunus;Landkreis Limburg-Weilburg;Waldbrunn;21
049c1ab4-4acb-4a90-9e21-8838bc2e7a38;Hessen;65627;DIMB IG Taunus;Landkreis Limburg-Weilburg;Elbtal;21
fe343ea4-162f-482c-a15e-2a742fc86fd8;Hessen;65719;DIMB IG Taunus;Main-Taunus-Kreis;Hofheim am Taunus;21
57222f28-37c9-4618-93a3-f181ea96be9f;Hessen;65760;DIMB IG Taunus;Main-Taunus-Kreis;Eschborn;21
14862a89-5f09-42e1-a0a5-b8b14706de27;Hessen;65779;DIMB IG Taunus;Main-Taunus-Kreis;Kelkheim;21
13af011f-9269-43ea-bc07-8b4a038e60cb;Hessen;65795;DIMB IG Taunus;Main-Taunus-Kreis;Hattersheim;21
480e4926-84a8-4764-af1b-a8ae54bbf04b;Hessen;65812;DIMB IG Taunus;Main-Taunus-Kreis;Bad Soden;21
1a93e7ba-ab66-4e15-8052-f6a92cf071d3;Hessen;65817;DIMB IG Taunus;Main-Taunus-Kreis;Eppstein;21
9dc4b984-2f5a-4838-9a3b-9c902f6775de;Hessen;65824;DIMB IG Taunus;Main-Taunus-Kreis;Schwalbach;21
1feaac25-7da2-4d43-bdcf-cf5bd0101a20;Hessen;65830;DIMB IG Taunus;Main-Taunus-Kreis;Kriftel;21
17200c82-2635-4418-bbe7-b6a4511cd890;Hessen;65835;DIMB IG Taunus;Main-Taunus-Kreis;Liederbach;21
c39fd3d4-674d-4e96-8ca0-cebee1dc6385;Hessen;65843;DIMB IG Taunus;Main-Taunus-Kreis;Sulzbach;21
cd21c90e-6f7c-4281-ae13-c00521a6b9e5;Hessen;65929;DIMB IG Taunus;Frankfurt am Main;Frankfurt am Main;21
afc5f21e-f6e2-40ca-9562-b33446a53607;Hessen;65931;DIMB IG Taunus;Frankfurt am Main;Frankfurt am Main;21
e4139e7b-f38d-4f4f-b5a4-c43e39af5fd3;Hessen;65933;DIMB IG Taunus;Frankfurt am Main;Frankfurt am Main;21
463551b0-e391-45d7-b81e-a9930a0c2a2e;Hessen;65934;DIMB IG Taunus;Frankfurt am Main;Frankfurt am Main;21
74a54e88-aba0-4564-bec3-46a748609612;Hessen;65936;DIMB IG Taunus;Frankfurt am Main;Frankfurt am Main;21
d5bad51b-73ca-4dfb-9b42-baecc4815eaa;Saarland;66111;DIMB IG Saarland;Regionalverband Saarbrücken;Saarbrücken;113
524c1f6b-3582-4ebd-9ac3-da4773f581b1;Saarland;66113;DIMB IG Saarland;Regionalverband Saarbrücken;Saarbrücken;113
98e6440e-42b3-4bf1-a71e-ca9c621f2888;Saarland;66115;DIMB IG Saarland;Regionalverband Saarbrücken;Saarbrücken;113
3ecba8a8-ad6a-4557-9f64-611df6e96279;Saarland;66117;DIMB IG Saarland;Regionalverband Saarbrücken;Saarbrücken;113
0984a37d-b912-4cfc-a7fc-c6655bff63f8;Saarland;66119;DIMB IG Saarland;Regionalverband Saarbrücken;Saarbrücken;113
3e19bd08-38ee-4823-aae4-a110f46bc531;Saarland;66121;DIMB IG Saarland;Regionalverband Saarbrücken;Saarbrücken;113
ebd107e9-6977-428e-849e-c9104b46c212;Saarland;66123;DIMB IG Saarland;Regionalverband Saarbrücken;Saarbrücken;113
ae4547f4-f8c9-4f8e-9d93-699b59a43003;Saarland;66125;DIMB IG Saarland;Regionalverband Saarbrücken;Saarbrücken;113
55ed6b1e-d3e7-4bb3-a7cb-3d216778641b;Saarland;66126;DIMB IG Saarland;Regionalverband Saarbrücken;Saarbrücken;113
4fddcb3c-d8c3-48a4-abef-14c6cf48cee0;Saarland;66127;DIMB IG Saarland;Regionalverband Saarbrücken;Saarbrücken;113
2d90b4b7-e3ec-422f-b1ca-843d01061c39;Saarland;66128;DIMB IG Saarland;Regionalverband Saarbrücken;Saarbrücken;113
90a38b33-6a58-4be7-825f-dac53f6ec660;Saarland;66129;DIMB IG Saarland;Regionalverband Saarbrücken;Saarbrücken;113
df307f6d-aa43-48d4-a735-6947fab94a2f;Saarland;66130;DIMB IG Saarland;Regionalverband Saarbrücken;Saarbrücken;113
7a2253d7-d955-4bad-a39b-dfd85d5e1c9b;Saarland;66131;DIMB IG Saarland;Regionalverband Saarbrücken;Saarbrücken;113
6d53a2e2-b240-4a82-9d20-29b96b1ad124;Saarland;66132;DIMB IG Saarland;Regionalverband Saarbrücken;Saarbrücken;113
29efd9ec-9eb7-4ce7-bb4d-0cfe44559d18;Saarland;66133;DIMB IG Saarland;Regionalverband Saarbrücken;Saarbrücken;113
d47b5ff8-ea24-4025-8ba2-e8cdf617ca4c;Saarland;66265;DIMB IG Saarland;Regionalverband Saarbrücken;Heusweiler;113
4753637a-4047-4df4-957d-fe4e096fa8d7;Saarland;66271;DIMB IG Saarland;Regionalverband Saarbrücken;Kleinblittersdorf;113
328c62f5-86d9-4678-ae32-5894d73e0d57;Saarland;66280;DIMB IG Saarland;Regionalverband Saarbrücken;Sulzbach/Saar;113
f33db881-6627-41df-a9fe-5beeb5aa0719;Saarland;66287;DIMB IG Saarland;Regionalverband Saarbrücken;Quierschied;113
6d532a84-11ad-4679-8b7e-a4686fa91512;Saarland;66292;DIMB IG Saarland;Regionalverband Saarbrücken;Riegelsberg;113
ed4f116e-23db-4566-8a00-69f1ddfc0f3d;Saarland;66299;DIMB IG Saarland;Regionalverband Saarbrücken;Friedrichsthal;113
c9f9cda9-e05b-4fe3-bbfb-89af269359aa;Saarland;66333;DIMB IG Saarland;Regionalverband Saarbrücken;Völklingen;113
3f77428b-96f9-4655-a79a-ea673c424cd5;Saarland;66346;DIMB IG Saarland;Regionalverband Saarbrücken;Püttlingen;113
54ba5fcf-308d-4903-8e1e-40ba923160f4;Saarland;66352;DIMB IG Saarland;Regionalverband Saarbrücken;Großrosseln;113
1fcfb5e1-5ae8-4e8e-8be8-3ae30eb53155;Saarland;66359;DIMB IG Saarland;Landkreis Saarlouis;Bous;113
e5a08ca7-35ce-43c9-a670-fa68e08109ea;Saarland;66386;DIMB IG Saarland;Saarpfalz-Kreis;Sankt Ingbert;113
a400193c-953d-4d99-880b-c3ca5982e1fa;Saarland;66399;DIMB IG Saarland;Saarpfalz-Kreis;Mandelbachtal;113
444ddcbf-ba7b-455a-b294-db50e2ed3f1a;Saarland;66424;DIMB IG Saarland;Saarpfalz-Kreis;Homburg;113
2c912416-fb0b-486f-baa5-482fedfabd53;Saarland;66440;DIMB IG Saarland;Saarpfalz-Kreis;Blieskastel;113
ab26ae9b-24f0-4ac5-a233-9cb0865c5c9d;Saarland;66450;DIMB IG Saarland;Saarpfalz-Kreis;Bexbach;113
118d7222-eb6c-4a8c-b314-18577ad38ef5;Saarland;66453;DIMB IG Saarland;Saarpfalz-Kreis;Gersheim;113
f3f93d54-52f2-4b24-a644-551b2aff7d3f;Saarland;66459;DIMB IG Saarland;Saarpfalz-Kreis;Kirkel;113
30a2ff0c-47ac-43d6-bd01-0cc5f3cc2fbd;Rheinland-Pfalz;66482;DIMB IG Pfalz;Zweibrücken;Zweibrücken;13
03b8a52d-252f-4cfc-82d5-c064dcabb11b;Rheinland-Pfalz;66484;DIMB IG Pfalz;Landkreis Südwestpfalz;Althornbach, Battweiler, Dietrichingen, Großsteinhausen, Kleinsteinhausen, Riedelberg, Schmitshausen, Walshausen, Winterbach (Pfalz);13
3f3b6d48-bb7c-4fa1-b67a-a7f7f519fcc2;Rheinland-Pfalz;66497;DIMB IG Pfalz;Landkreis Südwestpfalz;Contwig;13
09cb9729-5e92-494d-b4ad-14cc5cec4a38;Rheinland-Pfalz;66500;DIMB IG Pfalz;Landkreis Südwestpfalz;Hornbach, Mauschbach;13
e6c4f35b-9d8a-421b-8a7a-f4d350d12ad2;Rheinland-Pfalz;66501;DIMB IG Pfalz;Landkreis Südwestpfalz;Großbundenbach, Kleinbundenbach;13
f048af10-b66b-4cba-873c-7558e1d8384b;Rheinland-Pfalz;66503;DIMB IG Pfalz;Landkreis Südwestpfalz;Dellfeld;13
c216cc6a-a65e-47f4-bbfe-6a722928863f;Rheinland-Pfalz;66504;DIMB IG Pfalz;Landkreis Südwestpfalz;Bottenbach;13
a277f6e0-3cb1-4d2a-ba50-a52425c893e7;Rheinland-Pfalz;66506;DIMB IG Pfalz;Landkreis Südwestpfalz;Maßweiler;13
a30378a4-bcd9-4b5e-a7f1-91d843b7d746;Rheinland-Pfalz;66507;DIMB IG Pfalz;Landkreis Südwestpfalz;Reifenberg;13
8118f889-a21b-43ac-b365-c9626bf02977;Rheinland-Pfalz;66509;DIMB IG Pfalz;Landkreis Südwestpfalz;Rieschweiler-Mühlbach;13
1d3099ca-dead-4b12-8262-9fcb7a478553;Saarland;66538;DIMB IG Saarland;Landkreis Neunkirchen;Neunkirchen;113
8472ece4-89e9-4e41-91ab-4d0587014143;Saarland;66539;DIMB IG Saarland;Landkreis Neunkirchen;Neunkirchen;113
e13dbe3f-9e3d-49f4-8ef8-aff304a46097;Saarland;66540;DIMB IG Saarland;Landkreis Neunkirchen;Neunkirchen;113
5fe439ea-1668-4efa-a44c-512fbe914b08;Saarland;66557;DIMB IG Saarland;Landkreis Neunkirchen;Illingen;113
26ace988-b419-4e61-9090-16715c168358;Saarland;66564;DIMB IG Saarland;Landkreis Neunkirchen;Ottweiler;113
f5d18d02-b8c1-4dd7-9d50-f9557747a432;Saarland;66571;DIMB IG Saarland;Landkreis Neunkirchen;Eppelborn;113
6b024122-28aa-4d1a-ba36-bc0d000a4c6e;Saarland;66578;DIMB IG Saarland;Landkreis Neunkirchen;Schiffweiler;113
e5d82075-44f7-46e9-994c-766c943d0ec3;Saarland;66583;DIMB IG Saarland;Landkreis Neunkirchen;Spiesen-Elversberg;113
ae8749fc-e37e-44a2-96cc-cee47c157f4a;Saarland;66589;DIMB IG Saarland;Landkreis Neunkirchen;Merchweiler;113
0f1264c2-92da-4987-9e1f-4f8fe01a2388;Saarland;66606;DIMB IG Saarland;Landkreis St. Wendel;Sankt Wendel;113
f5c4eb63-ceb0-4964-a3ba-d3d523d7a832;Saarland;66620;DIMB IG Saarland;Landkreis St. Wendel;Nonnweiler;113
c0a9694f-a40e-47a4-af27-7994003de87b;Saarland;66625;DIMB IG Saarland;Landkreis St. Wendel;Nohfelden;113
b4586432-ec05-47d6-b575-99e792fbfd2b;Saarland;66629;DIMB IG Saarland;Landkreis St. Wendel;Freisen;113
d3f038f0-8f81-47f4-bfec-8bb39d18f184;Saarland;66636;DIMB IG Saarland;Landkreis St. Wendel;Tholey;113
2f373bf3-f33a-4625-91d1-27dead136791;Saarland;66640;DIMB IG Saarland;Landkreis St. Wendel;Namborn;113
0c58745c-d4b0-4911-9d1b-98142d148a16;Saarland;66646;DIMB IG Saarland;Landkreis St. Wendel;Marpingen;113
e89a04f9-d510-49fe-b189-e6c870ff49eb;Saarland;66649;DIMB IG Saarland;Landkreis St. Wendel;Oberthal;113
d3300088-4bc7-491c-8460-dfdcd1bc67ef;Saarland;66663;DIMB IG Saarland;Landkreis Merzig-Wadern;Merzig;113
1621fa78-d1a8-4112-86e0-8e7c84a8f5f6;Saarland;66679;DIMB IG Saarland;Landkreis Merzig-Wadern;Losheim am See;113
3a0e5236-f43e-4edb-9d1c-23d4b701b654;Saarland;66687;DIMB IG Saarland;Landkreis Merzig-Wadern;Wadern;113
889d82d6-32e4-4330-bd44-8c32fcc28bd1;Saarland;66693;DIMB IG Saarland;Landkreis Merzig-Wadern;Mettlach;113
081660c7-f57c-403a-92ef-dfd03cc7a850;Saarland;66701;DIMB IG Saarland;Landkreis Merzig-Wadern;Beckingen;113
2f6546e2-e8a3-4a38-b10d-22460a185466;Saarland;66706;DIMB IG Saarland;Landkreis Merzig-Wadern;Perl;113
377b1e40-9ad7-44fc-bb3a-b90af3352ad7;Saarland;66709;DIMB IG Saarland;Landkreis Merzig-Wadern;Weiskirchen;113
5bfd8362-3a2c-426b-a993-007b8b923c36;Saarland;66740;DIMB IG Saarland;Landkreis Saarlouis;Saarlouis;113
c7f93d5b-a460-45d5-98ae-458ecba346f4;Saarland;66763;DIMB IG Saarland;Landkreis Saarlouis;Dillingen/Saar;113
bce89a40-afda-4867-9369-57402bd7334f;Saarland;66773;DIMB IG Saarland;Landkreis Saarlouis;Schwalbach;113
8864734b-6c5a-4436-b508-49d3654b9892;Saarland;66780;DIMB IG Saarland;Landkreis Saarlouis;Rehlingen-Siersburg;113
2b9c3634-e3f0-43f2-a248-5eda9f45c5bf;Saarland;66787;DIMB IG Saarland;Landkreis Saarlouis;Wadgassen;113
282b986f-81ce-4f7b-8177-4b58a8fc56cc;Saarland;66793;DIMB IG Saarland;Landkreis Saarlouis;Saarwellingen;113
1e196a26-f55f-4213-a156-e9cc101a6ae5;Saarland;66798;DIMB IG Saarland;Landkreis Saarlouis;Wallerfangen;113
19c277bc-e6e2-45f3-a67b-4e4b90a708a0;Saarland;66802;DIMB IG Saarland;Landkreis Saarlouis;Überherrn;113
46edf2ea-d3bc-48ad-825f-93f92dcf96ad;Saarland;66806;DIMB IG Saarland;Landkreis Saarlouis;Ensdorf/Saar;113
fcb61fa6-320c-48e4-85ce-2551e520a81d;Saarland;66809;DIMB IG Saarland;Landkreis Saarlouis;Nalbach;113
51f00853-5a8d-4192-9a03-c4988eef74ff;Saarland;66822;DIMB IG Saarland;Landkreis Saarlouis;Lebach;113
0706f992-abd9-4738-9902-c775689dc719;Saarland;66839;DIMB IG Saarland;Landkreis Saarlouis;Schmelz;113
b0db3fbd-7ca8-4c77-8dac-2032d3d6c61d;Rheinland-Pfalz;66849;DIMB IG Pfalz;Landkreis Kaiserslautern;Landstuhl;13
dc5a2c06-62c3-436c-a424-17c1252d2277;Rheinland-Pfalz;66851;DIMB IG Pfalz;Landkreis Kaiserslautern;Bann, Gerhardsbrunn, Hauptstuhl, Linden, Mittelbrunn, Oberarnbach, Queidersbach;13
32116036-77c0-4830-ad69-629a6e6ba87a;Rheinland-Pfalz;66851;DIMB IG Pfalz;Landkreis Südwestpfalz;Horbach, Steinalben;13
29dbbbf2-74f5-46f5-95f9-66dfa37221ec;Rheinland-Pfalz;66862;DIMB IG Pfalz;Landkreis Kaiserslautern;Kindsbach;13
3b701836-9580-4c42-8b0b-b2bdbd63cfc3;Rheinland-Pfalz;66869;DIMB IG Pfalz;Landkreis Kusel;Blaubach, Kusel, Ruthweiler, Schellweiler;13
11fff65f-9dd3-4b5e-8154-152f9b12b8c2;Rheinland-Pfalz;66871;DIMB IG Pfalz;Landkreis Kusel;Albessen, Dennweiler-Frohnbach, Ehweiler, Etschberg, Haschbach am Remigiusberg, Herchweiler, Konken, Körborn, Oberalben, Pfeffelbach, Reichweiler, Selchenbach, Thallichtenberg, Theisbergstegen;13
a4984ce3-4914-4887-9604-8cc239a92061;Rheinland-Pfalz;66877;DIMB IG Pfalz;Landkreis Kaiserslautern;Ramstein-Miesenbach;13
988ee9c6-e383-43ee-ac6c-02d3f8da2a28;Rheinland-Pfalz;66879;DIMB IG Pfalz;Landkreis Kaiserslautern;Kollweiler, Kottweiler-Schwanden, Niedermohr, Reichenbach-Steegen, Steinwenden;13
20be66b4-2723-4f5b-9d66-3f4f5ace31b9;Rheinland-Pfalz;66879;DIMB IG Pfalz;Landkreis Kusel;Niederstaufenbach, Oberstaufenbach;13
97e26d70-f702-4c79-b024-985927efa666;Rheinland-Pfalz;66882;DIMB IG Pfalz;Landkreis Kaiserslautern;Hütschenhausen;13
7fc01478-6d2d-48b1-9c85-8420c6252388;Rheinland-Pfalz;66885;DIMB IG Pfalz;Landkreis Kusel;Altenglan, Bedesbach;13
201d94e0-d9d9-40a4-866a-ba910c8ff2fc;Rheinland-Pfalz;66887;DIMB IG Pfalz;Landkreis Kusel;Bosenbach, Elzweiler, Erdesbach, Föckelberg, Glanbrücken, Horschbach, Jettenbach, Neunkirchen am Potzberg, Niederalben, Rammelsbach, Rathsweiler, Rutsweiler am Glan, Sankt Julian, Ulmet, Welchweiler;13
254c93c6-a981-4354-ad3c-820b62a54c17;Rheinland-Pfalz;66892;DIMB IG Pfalz;Landkreis Kaiserslautern;Bruchmühlbach-Miesau;13
dbb329b4-f680-4605-8c35-97a993ace49a;Rheinland-Pfalz;66894;DIMB IG Pfalz;Landkreis Kaiserslautern;Gerhardsbrunn, Lambsborn, Langwieden, Martinshöhe;13
0738162d-916f-4517-a2ad-f8e51c23c617;Rheinland-Pfalz;66894;DIMB IG Pfalz;Landkreis Südwestpfalz;Bechhofen, Käshofen, Krähenberg, Rosenkopf, Wiesbach;13
105a7676-d469-434f-ba68-25857d4dacb0;Rheinland-Pfalz;66901;DIMB IG Pfalz;Landkreis Kusel;Schönenberg-Kübelberg;13
c56c7386-542b-4683-8c4c-37e052b2b849;Rheinland-Pfalz;66903;DIMB IG Pfalz;Landkreis Kusel;Altenkirchen, Dittweiler, Frohnhofen, Gries, Ohmbach;13
61362ac9-5201-4568-abb1-5fc1f4fe23fa;Rheinland-Pfalz;66904;DIMB IG Pfalz;Landkreis Kusel;Börsborn, Brücken (Pfalz);13
df681002-53f8-4703-ad9f-c6b320ea9ceb;Rheinland-Pfalz;66907;DIMB IG Pfalz;Landkreis Kusel;Glan-Münchweiler, Rehweiler;13
2a2ce4ec-ff7a-47bd-97fa-921ca8979247;Rheinland-Pfalz;66909;DIMB IG Pfalz;Landkreis Kusel;Henschtal, Herschweiler-Pettersheim, Hüffler, Krottelbach, Langenbach, Matzenbach, Nanzdietschweiler, Quirnbach/Pfalz, Steinbach am Glan, Wahnwegen;13
adcc1a6f-1a2b-4d95-aff1-26a66e88594e;Rheinland-Pfalz;66914;DIMB IG Pfalz;Landkreis Kusel;Waldmohr;13
25c1e748-532c-4693-bfbc-19384c67ffe4;Rheinland-Pfalz;66916;DIMB IG Pfalz;Landkreis Kusel;Breitenbach, Dunzweiler;13
4fecdac6-91cf-4977-9a94-d3fddc0c00b5;Rheinland-Pfalz;66917;DIMB IG Pfalz;Landkreis Südwestpfalz;Biedershausen, Herschberg, Knopp-Labach, Schmitshausen, Wallhalben;13
ead23127-22d2-4ee3-80e0-7f9ba8c2d41b;Rheinland-Pfalz;66919;DIMB IG Pfalz;Landkreis Südwestpfalz;Hermersberg, Herschberg, Hettenhausen, Obernheim-Kirchenarnbach,Saalstadt, Schauerberg, Weselberg;13
b84458e6-bb0b-4591-8966-f91b17239d56;Rheinland-Pfalz;66953;DIMB IG Pfalz;Pirmasens;Pirmasens;13
a8d79e9f-7eca-479e-9a39-a49ac2b3101d;Rheinland-Pfalz;66954;DIMB IG Pfalz;Pirmasens;Pirmasens;13
bc2dea6d-dd8d-4e80-8a78-d57d6445def7;Rheinland-Pfalz;66955;DIMB IG Pfalz;Landkreis Südwestpfalz;Münchweiler an der Rodalb;13
0ac00f24-e7bb-4f8f-a6cc-9349eb5aaddb;Rheinland-Pfalz;66955;DIMB IG Pfalz;Pirmasens;Pirmasens;13
54d13246-af48-4577-b433-45737e7e9428;Rheinland-Pfalz;66957;DIMB IG Pfalz;Landkreis Südwestpfalz;Eppenbrunn, Hilst, Kröppen, Obersimten, Ruppertsweiler, Schweix, Trulben, Vinningen;13
3c3c6431-f067-4205-a259-79312ee9499d;Rheinland-Pfalz;66969;DIMB IG Pfalz;Landkreis Südwestpfalz;Lemberg;13
5c2ecce0-cbfb-4eac-aac1-bf081dce2053;Rheinland-Pfalz;66976;DIMB IG Pfalz;Landkreis Südwestpfalz;Rodalben;13
8ea0fb81-e69b-4d85-85e6-613b1ef3281c;Rheinland-Pfalz;66978;DIMB IG Pfalz;Landkreis Südwestpfalz;Clausen, Donsieders, Leimen, Merzalben;13
3a5e4ec1-569f-420d-96c4-a8da2d3e4327;Rheinland-Pfalz;66981;DIMB IG Pfalz;Landkreis Südwestpfalz;Münchweiler an der Rodalb;13
c4a4ab51-e60c-4b11-8509-1c7a73a7b154;Rheinland-Pfalz;66987;DIMB IG Pfalz;Landkreis Südwestpfalz;Herschberg, Thaleischweiler-Fröschen;13
dc26d8af-fad0-4074-86f5-cebc6a0def96;Rheinland-Pfalz;66989;DIMB IG Pfalz;Landkreis Südwestpfalz;Höheinöd, Höheischweiler, Höhfröschen, Nünschweiler, Petersberg;13
61e5f45f-a55a-452b-9c4e-6716aa18fb65;Rheinland-Pfalz;66994;DIMB IG Pfalz;Landkreis Südwestpfalz;Dahn;13
e185dbf7-4aec-47cc-b86f-4e6d101037a4;Rheinland-Pfalz;66996;DIMB IG Pfalz;Landkreis Südwestpfalz;Busenberg, Erfweiler, Fischbach bei Dahn, Hirschthal, Ludwigswinkel, Schindhard, Schönau (Pfalz);13
6bd93f65-93bd-4082-b1e4-c9328d728351;Rheinland-Pfalz;66999;DIMB IG Pfalz;Landkreis Südwestpfalz;Hinterweidenthal;13
9fb25bea-d2a7-48af-ba20-d6338326b9ef;Rheinland-Pfalz;67059;DIMB IG Pfalz;Ludwigshafen am Rhein;Ludwigshafen am Rhein;13
a7f404a2-e35e-4af9-bf48-539d18446ae4;Rheinland-Pfalz;67061;DIMB IG Pfalz;Ludwigshafen am Rhein;Ludwigshafen am Rhein;13
7db14259-65fd-48cd-bbd0-8027eda3e875;Rheinland-Pfalz;67063;DIMB IG Pfalz;Ludwigshafen am Rhein;Ludwigshafen am Rhein;13
76b7fad5-a07f-4948-9d12-1970bc218bec;Rheinland-Pfalz;67065;DIMB IG Pfalz;Ludwigshafen am Rhein;Ludwigshafen am Rhein;13
883e85bd-d892-407a-bfef-c67436b8e3ba;Rheinland-Pfalz;67067;DIMB IG Pfalz;Ludwigshafen am Rhein;Ludwigshafen am Rhein;13
3d8ce9ae-e673-43a3-a85c-fc51f5e93709;Rheinland-Pfalz;67069;DIMB IG Pfalz;Ludwigshafen am Rhein;Ludwigshafen am Rhein;13
a38a78db-7176-4ce9-907f-80edf7189dd7;Rheinland-Pfalz;67071;DIMB IG Pfalz;Ludwigshafen am Rhein;Ludwigshafen am Rhein;13
d9c05a17-b44b-415c-b1ae-7a4aba1cc49e;Rheinland-Pfalz;67098;DIMB IG Pfalz;Landkreis Bad Dürkheim;Bad Dürkheim, Freinsheim;13
964df35f-e615-4e73-acac-0f598d516b44;Rheinland-Pfalz;67105;DIMB IG Pfalz;Rhein-Pfalz-Kreis;Schifferstadt;13
013486cc-e50a-4580-a55c-c33ff9778f44;Rheinland-Pfalz;67112;DIMB IG Pfalz;Rhein-Pfalz-Kreis;Mutterstadt;13
85da5d19-3e65-4063-951f-08bf3dfa5a04;Rheinland-Pfalz;67117;DIMB IG Pfalz;Rhein-Pfalz-Kreis;Limburgerhof;13
12404bad-924a-46be-bbc5-37f7fc17db63;Rheinland-Pfalz;67122;DIMB IG Pfalz;Rhein-Pfalz-Kreis;Altrip;13
524c0800-316f-40c8-8ff8-da6e024f0332;Rheinland-Pfalz;67125;DIMB IG Pfalz;Rhein-Pfalz-Kreis;Dannstadt-Schauernheim;13
639eb614-7034-45b1-9a8b-de7fa2e3a4d3;Rheinland-Pfalz;67126;DIMB IG Pfalz;Rhein-Pfalz-Kreis;Hochdorf-Assenheim;13
82748c18-9451-4fa1-898e-d359fb35ffed;Rheinland-Pfalz;67127;DIMB IG Pfalz;Rhein-Pfalz-Kreis;Rödersheim-Gronau;13
184e21b1-29e8-41a1-a5cc-d3d29e996196;Rheinland-Pfalz;67133;DIMB IG Pfalz;Rhein-Pfalz-Kreis;Maxdorf;13
9efa3cbf-46bb-4d76-a255-c994f0facd3b;Rheinland-Pfalz;67134;DIMB IG Pfalz;Rhein-Pfalz-Kreis;Birkenheide;13
8469f896-d1e4-448d-b1af-f69e1af62fb1;Rheinland-Pfalz;67136;DIMB IG Pfalz;Rhein-Pfalz-Kreis;Fußgönheim;13
e0bfbb10-df2d-470b-8a15-253eda6659f4;Rheinland-Pfalz;67141;DIMB IG Pfalz;Rhein-Pfalz-Kreis;Neuhofen;13
8a60f054-e9eb-479c-91c4-343353dc5929;Rheinland-Pfalz;67146;DIMB IG Pfalz;Landkreis Bad Dürkheim;Deidesheim;13
60f43d66-561f-4c25-bf4d-040e14bff8af;Rheinland-Pfalz;67147;DIMB IG Pfalz;Landkreis Bad Dürkheim;Forst an der Weinstraße;13
46b45bc4-6416-4a36-b943-86c003987d3f;Rheinland-Pfalz;67149;DIMB IG Pfalz;Landkreis Bad Dürkheim;Meckenheim;13
3c5eb29d-39e4-4db1-883c-3f07131c1b29;Rheinland-Pfalz;67150;DIMB IG Pfalz;Landkreis Bad Dürkheim;Niederkirchen bei Deidesheim;13
d100d4d7-4a54-4383-bc0e-0c229dfed483;Rheinland-Pfalz;67152;DIMB IG Pfalz;Landkreis Bad Dürkheim;Ruppertsberg;13
ae44865a-3fc5-41de-9c6b-95d6270f44bb;Rheinland-Pfalz;67157;DIMB IG Pfalz;Landkreis Bad Dürkheim;Deidesheim, Wachenheim an der Weinstraße;13
48645a73-70e6-4574-b02e-039a47675779;Rheinland-Pfalz;67158;DIMB IG Pfalz;Landkreis Bad Dürkheim;Ellerstadt;13
5bceaaf1-10a1-48c0-8eaf-a0e977acd1a4;Rheinland-Pfalz;67159;DIMB IG Pfalz;Landkreis Bad Dürkheim;Friedelsheim;13
80ecb741-b8f7-4afe-8113-922ba10b9ba6;Rheinland-Pfalz;67161;DIMB IG Pfalz;Landkreis Bad Dürkheim;Gönnheim;13
01edc0ba-f86a-440c-a153-539c877c987a;Rheinland-Pfalz;67165;DIMB IG Pfalz;Rhein-Pfalz-Kreis;Waldsee;13
40275f43-834c-452d-9d90-866414738698;Rheinland-Pfalz;67166;DIMB IG Pfalz;Rhein-Pfalz-Kreis;Otterstadt;13
385ec27e-0e92-4dd4-aec2-3710cbdfe871;Rheinland-Pfalz;67167;DIMB IG Pfalz;Landkreis Bad Dürkheim;Erpolzheim;13
905922df-8c76-4db5-bd5d-47dc211e0763;Rheinland-Pfalz;67169;DIMB IG Pfalz;Landkreis Bad Dürkheim;Kallstadt;13
bfcbb81e-b6a4-4ac1-984a-287c5a427c3b;Rheinland-Pfalz;67227;DIMB IG Pfalz;Frankenthal (Pfalz);Frankenthal (Pfalz);13
8c41ded7-24c1-4a35-8848-1f81272be0fd;Rheinland-Pfalz;67229;DIMB IG Pfalz;Landkreis Bad Dürkheim;Gerolsheim, Großkarlbach, Laumersheim;13
3870bce0-2b41-4fcb-9ad8-3ecb21e9268f;Rheinland-Pfalz;67240;DIMB IG Pfalz;Rhein-Pfalz-Kreis;Bobenheim-Roxheim;13
3159a7ea-7b4b-440e-bc2a-49dacc50d1d5;Rheinland-Pfalz;67245;DIMB IG Pfalz;Rhein-Pfalz-Kreis;Lambsheim;13
e548ce0a-4fc6-413b-a89d-44571a381155;Rheinland-Pfalz;67246;DIMB IG Pfalz;Landkreis Bad Dürkheim;Dirmstein;13
a352bed1-d945-4e24-b8f1-2fbc4b81269c;Rheinland-Pfalz;67251;DIMB IG Pfalz;Landkreis Bad Dürkheim;Freinsheim;13
f78b350a-3c00-4760-8d52-5a92de40467f;Rheinland-Pfalz;67256;DIMB IG Pfalz;Landkreis Bad Dürkheim;Weisenheim am Sand;13
07eb0769-c979-42ec-9ca8-995470a7eb14;Rheinland-Pfalz;67258;DIMB IG Pfalz;Rhein-Pfalz-Kreis;Heßheim;13
11611423-2da0-494a-8f2e-2ff142344da0;Rheinland-Pfalz;67259;DIMB IG Pfalz;Rhein-Pfalz-Kreis;Beindersheim, Großniedesheim, Heuchelheim bei Frankenthal, Kleinniedesheim;13
1b57ff3a-ca1a-41ef-87c5-7f4589c7e692;Rheinland-Pfalz;67269;DIMB IG Pfalz;Landkreis Bad Dürkheim;Grünstadt;13
db635f7e-7f0e-4afa-b21e-16b4bc6b0f95;Rheinland-Pfalz;67271;DIMB IG Pfalz;Landkreis Bad Dürkheim;Battenberg (Pfalz), Kindenheim, Kleinkarlbach, Mertesheim, Neuleiningen, Obersülzen;13
f95b240d-3fcf-4d11-912c-e7cc10896229;Rheinland-Pfalz;67273;DIMB IG Pfalz;Landkreis Bad Dürkheim;Bobenheim am Berg, Dackenheim, Herxheim am Berg, Weisenheim am Berg;13
f384c95f-1f3b-4c95-9333-28beedc35077;Rheinland-Pfalz;67278;DIMB IG Pfalz;Landkreis Bad Dürkheim;Bockenheim an der Weinstraße;13
432c5d4f-d9ef-4c48-9df6-9ab8df552fea;Rheinland-Pfalz;67280;DIMB IG Pfalz;Landkreis Bad Dürkheim;Ebertsheim, Quirnheim;13
3db19382-ccf1-4909-9a7a-316799d1c40d;Rheinland-Pfalz;67281;DIMB IG Pfalz;Landkreis Bad Dürkheim;Bissersheim, Kirchheim an der Weinstraße;13
86203d2e-8f76-48ee-a502-79e4e33a8e90;Rheinland-Pfalz;67283;DIMB IG Pfalz;Landkreis Bad Dürkheim;Obrigheim (Pfalz);13
a13f1db5-ad4a-4754-9864-1b5f89be20a3;Rheinland-Pfalz;67292;DIMB IG Pfalz;Donnersbergkreis;Kirchheimbolanden;13
2aae8828-d9bb-408c-b27a-9aa36a23908d;Rheinland-Pfalz;67294;DIMB IG Pfalz;Donnersbergkreis;Bischheim, Gauersheim, Ilbesheim, Morschheim, Oberwiesen, Orbis, Rittersheim, Stetten;13
d3ed58bd-d1a5-4b35-a12c-3db3c237414b;Rheinland-Pfalz;67295;DIMB IG Pfalz;Donnersbergkreis;Bolanden;13
26e629b5-e7f4-4bc5-8c95-cf0dccbe77d9;Rheinland-Pfalz;67297;DIMB IG Pfalz;Donnersbergkreis;Marnheim;13
c049d67d-f60e-4c74-b28f-c57069cef727;Rheinland-Pfalz;67304;DIMB IG Pfalz;Donnersbergkreis;Eisenberg (Pfalz), Kerzenheim;13
8f55f861-8587-45d7-a0ce-ca53389a1871;Rheinland-Pfalz;67305;DIMB IG Pfalz;Donnersbergkreis;Ramsen;13
dba31f9e-d32c-4987-915e-0c037c0784cb;Rheinland-Pfalz;67307;DIMB IG Pfalz;Donnersbergkreis;Göllheim;13
2a302c38-989e-46cd-ac9c-2033ed54def0;Rheinland-Pfalz;67308;DIMB IG Pfalz;Donnersbergkreis;Albisheim (Pfrimm), Biedesheim, Bubenheim, Einselthum, Immesheim, Lautersheim, Ottersheim, Rüssingen, Zellertal;13
62558c9f-24df-4731-925e-af9f38ad069a;Rheinland-Pfalz;67310;DIMB IG Pfalz;Landkreis Bad Dürkheim;Hettenleidelheim;13
ef4edafd-f63c-47ad-a357-09a97dadfa3e;Rheinland-Pfalz;67311;DIMB IG Pfalz;Landkreis Bad Dürkheim;Tiefenthal;13
5192cb8e-90f5-45ce-ae01-423f6ef04adc;Rheinland-Pfalz;67316;DIMB IG Pfalz;Landkreis Bad Dürkheim;Altleiningen, Carlsberg;13
35b8e65f-2708-420c-bd44-f57a5966f749;Rheinland-Pfalz;67317;DIMB IG Pfalz;Landkreis Bad Dürkheim;Altleiningen;13
a1272aeb-8a33-44f2-a9ee-45cd386d2dc7;Rheinland-Pfalz;67319;DIMB IG Pfalz;Landkreis Bad Dürkheim;Wattenheim;13
6f71a943-76a7-4485-b7c5-fcd44f60c5db;Rheinland-Pfalz;67346;DIMB IG Pfalz;Speyer;Speyer;13
eabd8d8f-0c7f-41cd-9ab3-e3afb958f144;Rheinland-Pfalz;67354;DIMB IG Pfalz;Rhein-Pfalz-Kreis;Römerberg;13
8b30c9e0-68b0-4e51-83bc-185b8906da0c;Rheinland-Pfalz;67360;DIMB IG Pfalz;Landkreis Germersheim;Lingenfeld;13
58e32772-127a-40c9-a8df-0c8604ef0b43;Rheinland-Pfalz;67361;DIMB IG Pfalz;Landkreis Germersheim;Freisbach;13
34614dbe-7007-46ea-ad3a-3e3c74fc5f58;Rheinland-Pfalz;67363;DIMB IG Pfalz;Landkreis Germersheim;Lustadt;13
d1979ccd-9a6e-4892-bda4-e2fede174569;Rheinland-Pfalz;67365;DIMB IG Pfalz;Landkreis Germersheim;Schwegenheim;13
2c0a2a87-2968-45fd-9163-9e5ece73e6a9;Rheinland-Pfalz;67366;DIMB IG Pfalz;Landkreis Germersheim;Weingarten (Pfalz);13
1939b043-09f1-411c-bab7-cfbb9f969a84;Rheinland-Pfalz;67368;DIMB IG Pfalz;Landkreis Germersheim;Westheim;13
b7b23ca8-4484-49ff-b740-f41692a0ade8;Rheinland-Pfalz;67373;DIMB IG Pfalz;Rhein-Pfalz-Kreis;Dudenhofen;13
7cfc9895-8cb4-4fc5-8845-e84fe36a56a0;Rheinland-Pfalz;67374;DIMB IG Pfalz;Rhein-Pfalz-Kreis;Hanhofen;13
adc3017b-6d54-4677-9af0-d3285cffec64;Rheinland-Pfalz;67376;DIMB IG Pfalz;Rhein-Pfalz-Kreis;Harthausen;13
c8a3b0e4-f9c3-40b3-adae-9ea9f36e4d27;Rheinland-Pfalz;67377;DIMB IG Pfalz;Landkreis Südliche Weinstraße;Gommersheim;13
47f4535a-1bd7-412e-951e-6d76318dc134;Rheinland-Pfalz;67378;DIMB IG Pfalz;Landkreis Germersheim;Zeiskam;13
260844c0-ed33-46e5-bea7-b0f54da30a94;Rheinland-Pfalz;67433;DIMB IG Pfalz;Neustadt an der Weinstraße;Neustadt an der Weinstraße;13
43a756d9-5755-4a56-8fe9-f27ed6ac24f7;Rheinland-Pfalz;67434;DIMB IG Pfalz;Neustadt an der Weinstraße;Neustadt an der Weinstraße;13
6fe37d4a-4305-43dd-b70d-f6bb3d3aa9b1;Rheinland-Pfalz;67435;DIMB IG Pfalz;Neustadt an der Weinstraße;Neustadt an der Weinstraße;13
762db16d-3550-4009-9337-32b8ff7a41b4;Rheinland-Pfalz;67435;DIMB IG Pfalz;Landkreis Bad Dürkheim;Deidesheim;13
84136136-9a4d-4a51-b416-968f38ee30d4;Rheinland-Pfalz;67454;DIMB IG Pfalz;Landkreis Bad Dürkheim;Haßloch;13
631a1884-0712-4fb8-8493-3f22ab36779e;Rheinland-Pfalz;67459;DIMB IG Pfalz;Rhein-Pfalz-Kreis;Böhl-Iggelheim;13
fd7034d5-ab23-40bc-a1ac-015a846029cb;Rheinland-Pfalz;67466;DIMB IG Pfalz;Landkreis Bad Dürkheim;Deidesheim, Esthal, Lambrecht;13
8aaeaa39-a339-4074-9229-a6cabe3b0476;Rheinland-Pfalz;67468;DIMB IG Pfalz;Landkreis Bad Dürkheim;Esthal, Frankeneck, Frankenstein, Neidenfels;13
eb88ce46-77d7-4e88-b801-dab66e79ffdc;Rheinland-Pfalz;67471;DIMB IG Pfalz;Landkreis Bad Dürkheim;Elmstein;13
b5378b78-7167-4def-8599-3ba348bf6491;Rheinland-Pfalz;67472;DIMB IG Pfalz;Landkreis Bad Dürkheim;Esthal;13
7f36360c-ba56-4760-89ab-2418771c68ea;Rheinland-Pfalz;67473;DIMB IG Pfalz;Landkreis Bad Dürkheim;Lindenberg;13
9fc1a8a5-afc5-46ab-a8aa-4d3ec8f44be6;Rheinland-Pfalz;67475;DIMB IG Pfalz;Landkreis Bad Dürkheim;Weidenthal;13
50469a2d-1af1-4ff7-85c5-76d7bb9b10b9;Rheinland-Pfalz;67480;DIMB IG Pfalz;Landkreis Südliche Weinstraße;Edenkoben;13
833f9b16-5cec-4995-b31c-f68e0ac710d1;Rheinland-Pfalz;67482;DIMB IG Pfalz;Landkreis Südliche Weinstraße;Altdorf, Böbingen, Freimersheim (Pfalz), Venningen;13
cc53e54e-8ca7-418c-bcdd-a0397e154b6e;Rheinland-Pfalz;67483;DIMB IG Pfalz;Landkreis Südliche Weinstraße;Edesheim, Großfischlingen, Kleinfischlingen;13
8c05e967-966f-4e00-afe8-e5b1b3ebc670;Rheinland-Pfalz;67487;DIMB IG Pfalz;Landkreis Südliche Weinstraße;Maikammer, Sankt Martin;13
047d7534-ecac-4898-a11e-f394769d6c43;Rheinland-Pfalz;67489;DIMB IG Pfalz;Landkreis Südliche Weinstraße;Kirrweiler;13
ef53de75-a4b2-4507-acbd-e802fe9ac7de;Rheinland-Pfalz;67583;DIMB IG Hunsrück-Nahe;Landkreis Mainz-Bingen;Guntersblum;104
84af5e0e-0f7c-461e-bffc-ad8afd9680c7;Rheinland-Pfalz;67585;DIMB IG Hunsrück-Nahe;Landkreis Mainz-Bingen;Dorn-Dürkheim;104
0e19936a-642f-4351-a26f-7e867061c9fe;Rheinland-Pfalz;67586;DIMB IG Hunsrück-Nahe;Landkreis Mainz-Bingen;Hillesheim;104
357cd07e-37f4-4c57-b2a5-7947362053f8;Rheinland-Pfalz;67587;DIMB IG Hunsrück-Nahe;Landkreis Mainz-Bingen;Wintersheim;104
c723e713-d072-4d91-9f40-c15f746cec64;Rheinland-Pfalz;67655;DIMB IG Pfalz;Kaiserslautern;Kaiserslautern;13
444d64c0-aa06-409a-a893-4389bb09747d;Rheinland-Pfalz;67657;DIMB IG Pfalz;Kaiserslautern;Kaiserslautern;13
5c5cb1c2-6cf6-45ca-b84c-5e63eacf2a6c;Rheinland-Pfalz;67659;DIMB IG Pfalz;Kaiserslautern;Kaiserslautern;13
4ba363cc-1aef-4367-8190-6a95041c71f4;Rheinland-Pfalz;67661;DIMB IG Pfalz;Kaiserslautern;Kaiserslautern;13
696072d5-bea6-44c1-bbbd-598e873e6e16;Rheinland-Pfalz;67663;DIMB IG Pfalz;Kaiserslautern;Kaiserslautern;13
31c07ce2-1cd6-482a-a88c-320407cfdd91;Rheinland-Pfalz;67677;DIMB IG Pfalz;Landkreis Kaiserslautern;Enkenbach-Alsenborn;13
9aea774d-c8e3-42aa-8425-be50bd30f71c;Rheinland-Pfalz;67678;DIMB IG Pfalz;Landkreis Kaiserslautern;Mehlingen;13
5ad03849-8f19-455b-954b-63b90e882fb6;Rheinland-Pfalz;67680;DIMB IG Pfalz;Landkreis Kaiserslautern;Neuhemsbach;13
3c1ccf32-86d0-4377-98a7-8aeae4999ee0;Rheinland-Pfalz;67681;DIMB IG Pfalz;Landkreis Kaiserslautern;Sembach, Wartenberg-Rohrbach;13
8fbfc76b-4d0d-4e9a-b483-058131c0da81;Rheinland-Pfalz;67685;DIMB IG Pfalz;Landkreis Kaiserslautern;Erzenhausen, Eulenbis, Schwedelbach, Weilerbach;13
462bca8e-164a-4280-8eb9-4d61a2af0142;Rheinland-Pfalz;67686;DIMB IG Pfalz;Landkreis Kaiserslautern;Mackenbach;13
711aec58-c34e-4091-83dc-d8ee2f5f429d;Rheinland-Pfalz;67688;DIMB IG Pfalz;Landkreis Kaiserslautern;Rodenbach;13
ed4cc404-6dad-41ee-8235-d6ca109b869e;Rheinland-Pfalz;67691;DIMB IG Pfalz;Landkreis Kaiserslautern;Hochspeyer;13
9367d601-2ddf-498f-910f-e70907ce1fde;Rheinland-Pfalz;67693;DIMB IG Pfalz;Landkreis Kaiserslautern;Fischbach, Waldleiningen;13
713f82bd-6178-490d-99a5-71a89cfc9df0;Rheinland-Pfalz;67697;DIMB IG Pfalz;Landkreis Kaiserslautern;Otterberg;13
676c3ac8-31f5-40f8-b01e-df577a962496;Rheinland-Pfalz;67699;DIMB IG Pfalz;Landkreis Kaiserslautern;Heiligenmoschel, Schneckenhausen;13
6222efd7-077e-4d78-9f23-0ae884701396;Rheinland-Pfalz;67700;DIMB IG Pfalz;Landkreis Kaiserslautern;Niederkirchen;13
8ef57958-6032-40f0-8c81-18a843afb301;Rheinland-Pfalz;67701;DIMB IG Pfalz;Landkreis Kaiserslautern;Schallodenbach;13
3ca4fed3-38e7-455b-a0d6-a81ae47e6974;Rheinland-Pfalz;67705;DIMB IG Pfalz;Landkreis Kaiserslautern;Stelzenberg, Trippstadt;13
89720811-e782-4552-9dde-3fb309931006;Rheinland-Pfalz;67706;DIMB IG Pfalz;Landkreis Kaiserslautern;Krickenbach, Linden;13
faf8de01-3d0d-4fc8-a464-f0e3d22c8995;Rheinland-Pfalz;67707;DIMB IG Pfalz;Landkreis Kaiserslautern;Schopp;13
6690a5d3-3193-4fb1-bb19-479612e6aed4;Rheinland-Pfalz;67714;DIMB IG Pfalz;Landkreis Südwestpfalz;Waldfischbach-Burgalben;13
92e62e62-8cb6-48a9-893a-693b4175596c;Rheinland-Pfalz;67715;DIMB IG Pfalz;Landkreis Südwestpfalz;Geiselberg;13
1172ec50-19a1-49c7-b50a-b486267fd715;Rheinland-Pfalz;67716;DIMB IG Pfalz;Landkreis Südwestpfalz;Heltersberg;13
4d79ea63-8260-4edf-ab4e-bd0b7ecf0678;Rheinland-Pfalz;67718;DIMB IG Pfalz;Landkreis Südwestpfalz;Schmalenberg;13
c2bba119-e771-4b11-8254-9e82d1fbdd98;Rheinland-Pfalz;67722;DIMB IG Pfalz;Donnersbergkreis;Winnweiler;13
2f38e8d1-8651-4b1a-a141-97c2561068d5;Rheinland-Pfalz;67724;DIMB IG Pfalz;Donnersbergkreis;Gehrweiler, Gonbach, Gundersweiler, Höringen;13
e3805053-2836-4587-a523-31d1c4e6ffde;Rheinland-Pfalz;67725;DIMB IG Pfalz;Donnersbergkreis;Börrstadt, Breunigweiler, Imsbach;13
d5eb5da1-baff-4282-bafa-1fcbbfff7e1e;Rheinland-Pfalz;67727;DIMB IG Pfalz;Donnersbergkreis;Lohnsfeld;13
0db6b0c4-2b3c-40b7-94a6-56bfaed09fdd;Rheinland-Pfalz;67728;DIMB IG Pfalz;Donnersbergkreis;Münchweiler an der Alsenz;13
033c3d2a-fc7f-4c3e-ac62-5080ea56a012;Rheinland-Pfalz;67729;DIMB IG Pfalz;Donnersbergkreis;Sippersfeld;13
8fb4813c-a40f-4ea1-bccf-5e0c105bd99b;Rheinland-Pfalz;67731;DIMB IG Pfalz;Landkreis Kaiserslautern;Otterbach;13
c0b27ed9-b3b9-4f14-b0f8-9d16cfadadff;Rheinland-Pfalz;67732;DIMB IG Pfalz;Landkreis Kaiserslautern;Hirschhorn/ Pfalz;13
4e90c9a7-3f80-46a8-a574-bd85926e3017;Rheinland-Pfalz;67734;DIMB IG Pfalz;Landkreis Kaiserslautern;Katzweiler, Sulzbachtal;13
33945401-8ba6-4743-a49a-4da5ec89e94c;Rheinland-Pfalz;67735;DIMB IG Pfalz;Landkreis Kaiserslautern;Mehlbach;13
577897af-3140-4d5a-9507-6a60aa7b251e;Rheinland-Pfalz;67737;DIMB IG Pfalz;Landkreis Kaiserslautern;Frankelbach, Olsbrücken;13
0eeffda1-efaa-43ba-88fb-3a6036d72124;Rheinland-Pfalz;67742;DIMB IG Pfalz;Landkreis Kusel;Adenbach, Buborn, Deimberg, Ginsweiler, Hausweiler, Heinzenhausen, Herren-Sulzbach, Homberg, Lauterecken;13
36c48227-a11a-40e7-8b0a-7d84640a49ca;Rheinland-Pfalz;67744;DIMB IG Pfalz;Landkreis Kusel;Cronenberg, Hohenöllen, Homberg, Hoppstädten, Kappeln, Kirrweiler, Lohnweiler, Medard, Wiesweiler;13
9787cc66-f97a-40d1-813c-be75b225dfb2;Rheinland-Pfalz;67744;DIMB IG Pfalz;Donnersbergkreis;Rathskirchen, Seelen;13
608284d3-d0af-4864-8f85-82c33d782c31;Rheinland-Pfalz;67744;DIMB IG Hunsrück-Nahe;Landkreis Bad Kreuznach;Löllbach, Schweinschied;104
a95a81c1-db0f-446d-a88c-9db901bc8960;Rheinland-Pfalz;67745;DIMB IG Pfalz;Landkreis Kusel;Grumbach;13
0762da9a-578d-42bc-ade6-5d636d143f0d;Rheinland-Pfalz;67746;DIMB IG Pfalz;Landkreis Kusel;Langweiler, Merzweiler, Unterjeckenbach;13
365963ee-7eb1-4151-b347-d62c3b63be37;Rheinland-Pfalz;67748;DIMB IG Pfalz;Landkreis Kusel;Odenbach;13
65ca744d-9309-4af5-8dde-dff806640680;Rheinland-Pfalz;67749;DIMB IG Pfalz;Landkreis Kusel;Nerzweiler, Offenbach-Hundheim;13
5510644b-36e6-460a-a712-9037742a2e7f;Rheinland-Pfalz;67752;DIMB IG Pfalz;Landkreis Kusel;Oberweiler-Tiefenbach, Rutsweiler an der Lauter, Wolfstein;13
f1ce0f75-c659-4c9d-9c45-74861535813d;Rheinland-Pfalz;67753;DIMB IG Pfalz;Landkreis Kusel;Aschbach, Einöllen, Hefersweiler, Reipoltskirchen, Relsberg, Rothselberg;13
97385e7b-9fe8-4b29-b546-58d9dd1b7142;Rheinland-Pfalz;67754;DIMB IG Pfalz;Landkreis Kusel;Eßweiler;13
f938fd0d-178d-4d6e-a6c2-003fe71bfb7f;Rheinland-Pfalz;67756;DIMB IG Pfalz;Landkreis Kusel;Hinzweiler, Oberweiler im Tal;13
82cd469a-f61d-4c6c-924f-44b83fbd2893;Rheinland-Pfalz;67757;DIMB IG Pfalz;Landkreis Kusel;Kreimbach-Kaulbach;13
dd3a8996-4a77-4381-b3a6-c175b2bd6825;Rheinland-Pfalz;67759;DIMB IG Pfalz;Landkreis Kusel;Nußbach;13
4bf17e7a-7494-420b-835e-1615bc2d6592;Rheinland-Pfalz;67759;DIMB IG Pfalz;Donnersbergkreis;Reichsthal;13
12c420a3-972e-407c-8ede-2048a1ed2601;Rheinland-Pfalz;67806;DIMB IG Pfalz;Donnersbergkreis;Bisterschied, Dörrmoschel, Imsweiler, Katzenbach, Rockenhausen, Teschenmoschel;13
45426e99-61ad-46e9-a24e-6f02697700e8;Rheinland-Pfalz;67808;DIMB IG Pfalz;Donnersbergkreis;Bayerfeld-Steckweiler, Bennhausen, Falkenstein, Imsbach, Imsweiler, Mörsfeld,Ransweiler, Ruppertsecken, Schiersfeld, Schönborn, Schweisweiler, Stahlberg, Steinbach am Donnersberg, Weitersweiler, Würzweiler;13
82acae76-19e9-409d-a59a-beac410bb63a;Rheinland-Pfalz;67811;DIMB IG Pfalz;Donnersbergkreis;Dielkirchen;13
50307dc0-a9b8-4f91-8311-60283f51a211;Rheinland-Pfalz;67813;DIMB IG Pfalz;Donnersbergkreis;Gerbach, Sankt Alban;13
1041ab39-43df-4efb-a3c8-1477fd671511;Rheinland-Pfalz;67814;DIMB IG Pfalz;Donnersbergkreis;Dannenfels, Jakobsweiler;13
03a26342-e73a-4bc4-a0de-5fe54a70502f;Rheinland-Pfalz;67816;DIMB IG Pfalz;Donnersbergkreis;Dreisen, Standenbühl;13
cbac3ee4-a85e-4325-9728-f5588569725d;Rheinland-Pfalz;67817;DIMB IG Pfalz;Donnersbergkreis;Imsbach;13
8abf1bf5-2f44-4d23-a121-d200d0250dbb;Rheinland-Pfalz;67819;DIMB IG Pfalz;Donnersbergkreis;Kriegsfeld;13
c577306c-e18f-40f3-a2f1-21bee17ada67;Rheinland-Pfalz;67821;DIMB IG Pfalz;Donnersbergkreis;Alsenz, Oberndorf;13
3e0b8138-64e2-4039-80ce-e640839a5b5e;Rheinland-Pfalz;67822;DIMB IG Pfalz;Donnersbergkreis;Bayerfeld-Steckweiler, Finkenbach-Gersweiler, Gaugrehweiler, Kalkofen, Mannweiler-Cölln, Münsterappel, Niederhausen an der Appel, Niedermoschel, Oberhausen an der Appel, Sankt Alban, Waldgrehweiler, Winterborn;13
77f9e374-3c3a-4c62-b624-d63be110e82a;Rheinland-Pfalz;67823;DIMB IG Pfalz;Donnersbergkreis;Obermoschel, Schiersfeld, Sitters, Unkenbach;13
c2db5d6b-63b1-42f3-b672-57d1b27575ab;Rheinland-Pfalz;67823;DIMB IG Hunsrück-Nahe;Landkreis Bad Kreuznach;Lettweiler;104
7e11a77d-8a0a-4a09-afcd-c962e5320d4b;Rheinland-Pfalz;67824;DIMB IG Hunsrück-Nahe;Landkreis Bad Kreuznach;Feilbingert;104
cb5cf79b-6c36-42ac-a9e9-0a362dabd067;Rheinland-Pfalz;67826;DIMB IG Hunsrück-Nahe;Landkreis Bad Kreuznach;Duchroth, Hallgarten;104
1c5f99ab-dcdb-4659-9f5a-d5cdf7200a26;Rheinland-Pfalz;67827;DIMB IG Hunsrück-Nahe;Landkreis Bad Kreuznach;Becherbach;104
f0c7c49b-81dc-444b-9003-95351eba9520;Rheinland-Pfalz;67829;DIMB IG Hunsrück-Nahe;Landkreis Bad Kreuznach;Callbach, Reiffelbach, Schmittweiler;104
cda53935-ec94-4e64-bd3f-8f0c15bb8423;Baden-Württemberg;68159;DIMB IG Odenwald;Mannheim;Mannheim;11
3861fa03-8500-47c2-b82f-407c3f1dc3cd;Baden-Württemberg;68161;DIMB IG Odenwald;Mannheim;Mannheim;11
4c2c54cc-2e87-4f6c-870a-362e6f2816c0;Baden-Württemberg;68163;DIMB IG Odenwald;Mannheim;Mannheim;11
680070bd-1cde-4a5f-93f6-d4096876b25b;Baden-Württemberg;68165;DIMB IG Odenwald;Mannheim;Mannheim;11
35c8e723-9971-405b-8d4c-d999887fa0b2;Baden-Württemberg;68167;DIMB IG Odenwald;Mannheim;Mannheim;11
e442c073-f162-4a37-b448-93e79d447468;Baden-Württemberg;68169;DIMB IG Odenwald;Mannheim;Mannheim;11
0d0423c2-aa3c-403c-b17d-0616ba27787c;Baden-Württemberg;68199;DIMB IG Odenwald;Mannheim;Mannheim;11
672f5082-50a4-40ad-9026-49af559a9963;Baden-Württemberg;68219;DIMB IG Odenwald;Mannheim;Mannheim;11
bbcb79b4-2578-4770-9a92-449f566d8665;Baden-Württemberg;68229;DIMB IG Odenwald;Mannheim;Mannheim;11
0c2b1dc5-a542-4a3e-86e6-21a2ea225c80;Baden-Württemberg;68239;DIMB IG Odenwald;Mannheim;Mannheim;11
94f772b9-2d7c-46c1-8287-08c5b67473c7;Baden-Württemberg;68259;DIMB IG Odenwald;Mannheim;Mannheim;11
2c574cdc-f0c2-4bed-b1da-547e669056bc;Baden-Württemberg;68305;DIMB IG Odenwald;Mannheim;Mannheim;11
f6d4ef32-0d1d-4403-9278-27444bae4ec2;Baden-Württemberg;68307;DIMB IG Odenwald;Mannheim;Mannheim;11
51fce6d5-ac8b-4821-b7c5-19f76d2a834a;Baden-Württemberg;68309;DIMB IG Odenwald;Mannheim;Mannheim;11
249e4349-b6f6-4c6f-9e56-b10d8c1c8661;Hessen;68519;DIMB IG Odenwald;Kreis Bergstraße;Viernheim;11
20f94a7c-a0e2-4ab9-a863-9c8ba60977e8;Baden-Württemberg;68526;DIMB IG Odenwald;Rhein-Neckar-Kreis;Ladenburg;11
e435a378-bcfc-41e7-a589-669472a298ac;Baden-Württemberg;68535;DIMB IG Odenwald;Rhein-Neckar-Kreis;Edingen-Neckarhausen;11
2424cdb0-8dde-43f3-815c-de2146c73c07;Baden-Württemberg;68542;DIMB IG Odenwald;Rhein-Neckar-Kreis;Heddesheim;11
c307daab-934a-46be-9d9e-95913518541a;Baden-Württemberg;68549;DIMB IG Odenwald;Rhein-Neckar-Kreis;Ilvesheim;11
8a62b64b-871f-4715-b398-38822cd760d8;Hessen;68623;DIMB IG Odenwald;Kreis Bergstraße;Lampertheim;11
25da2f27-76e1-47bc-a182-d444b8b8ee43;Hessen;68642;DIMB IG Odenwald;Kreis Bergstraße;Bürstadt;11
43d5cbfc-a81c-47c1-9759-c3a2444d8738;Hessen;68647;DIMB IG Odenwald;Kreis Bergstraße;Biblis;11
191102a7-9471-4c77-b7d8-97221d784827;Hessen;68649;DIMB IG Odenwald;Kreis Bergstraße;Groß-Rohrheim;11
d8c4b99f-c12a-431d-9b84-01f72c00d697;Baden-Württemberg;68723;DIMB IG Odenwald;Rhein-Neckar-Kreis;Oftersheim, Plankstadt, Schwetzingen;11
d86981ec-1163-40fb-bf25-702db3e93ac0;Baden-Württemberg;68753;DIMB IG Odenwald;Landkreis Karlsruhe;Waghäusel;11
3a8953f7-537b-43b1-89ff-ca4c4bc73c19;Baden-Württemberg;68766;DIMB IG Odenwald;Rhein-Neckar-Kreis;Hockenheim;11
d3e4ff4c-8b4f-4599-a0ce-019632dd2289;Baden-Württemberg;68775;DIMB IG Odenwald;Rhein-Neckar-Kreis;Ketsch;11
5d09cf95-c357-485b-939e-34fdce6eaf48;Baden-Württemberg;68782;DIMB IG Odenwald;Rhein-Neckar-Kreis;Brühl;11
7306cfd0-6bbd-4308-859c-3f55a27c888e;Baden-Württemberg;68789;DIMB IG Odenwald;Rhein-Neckar-Kreis;St. Leon-Rot;11
e885f093-fae9-4eeb-a70d-c06a7f4be0ce;Baden-Württemberg;68794;DIMB IG Odenwald;Landkreis Karlsruhe;Oberhausen-Rheinhausen;11
fdeedfa7-7e48-4f98-89c3-c35b97cd18be;Baden-Württemberg;68799;DIMB IG Odenwald;Rhein-Neckar-Kreis;Reilingen;11
51943c43-453e-4cc5-b506-25d9f57f6e8b;Baden-Württemberg;68804;DIMB IG Odenwald;Rhein-Neckar-Kreis;Altlußheim;11
56df45fb-b8ba-4774-beb8-debfe7198ddd;Baden-Württemberg;68809;DIMB IG Odenwald;Rhein-Neckar-Kreis;Neulußheim;11
1e573264-7cc9-4469-9b57-df29eb875448;Baden-Württemberg;69115;DIMB IG Odenwald;Heidelberg;Heidelberg;11
064159a0-54b5-4d53-829c-6fa837d54440;Baden-Württemberg;69117;DIMB IG Odenwald;Heidelberg;Heidelberg;11
c8959fea-4f61-4f72-9f77-0a74b3252631;Baden-Württemberg;69118;DIMB IG Odenwald;Heidelberg;Heidelberg;11
2b1921c0-7b80-49cf-affe-70e7d01ebebd;Baden-Württemberg;69120;DIMB IG Odenwald;Heidelberg;Heidelberg;11
bd1e07a9-2a92-43c2-8dbb-927be323a5ae;Baden-Württemberg;69121;DIMB IG Odenwald;Heidelberg;Heidelberg;11
348a2387-5cc2-4a6d-8a13-fa43a4d7ff8d;Baden-Württemberg;69123;DIMB IG Odenwald;Heidelberg;Heidelberg;11
a55d92b5-9b1d-450b-accf-c5ff79f75fcf;Baden-Württemberg;69124;DIMB IG Odenwald;Heidelberg;Heidelberg;11
f06ba78f-8b31-4c32-8794-015c9dc32663;Baden-Württemberg;69126;DIMB IG Odenwald;Heidelberg;Heidelberg;11
60cc52a5-6ff8-4021-86f9-a965be48014e;Baden-Württemberg;69151;DIMB IG Odenwald;Rhein-Neckar-Kreis;Neckargemünd;11
a6bc6319-e1a2-4c69-86ae-a987f10a6331;Baden-Württemberg;69168;DIMB IG Odenwald;Rhein-Neckar-Kreis;Wiesloch;11
c007adcb-4a8b-4c07-8318-6fca1c3b457b;Baden-Württemberg;69181;DIMB IG Odenwald;Rhein-Neckar-Kreis;Leimen;11
13c01c93-3f24-4eb1-bcb9-a292a1d0fccd;Baden-Württemberg;69190;DIMB IG Odenwald;Rhein-Neckar-Kreis;Walldorf;11
6cdeb455-f141-4d58-83b3-e12a2d762b1e;Baden-Württemberg;69198;DIMB IG Odenwald;Rhein-Neckar-Kreis;Schriesheim;11
a6404b6e-df83-4e5d-af74-d8eca0b8738d;Baden-Württemberg;69207;DIMB IG Odenwald;Rhein-Neckar-Kreis;Sandhausen;11
51e0df18-dd71-4216-b776-673cc9414618;Baden-Württemberg;69214;DIMB IG Odenwald;Rhein-Neckar-Kreis;Eppelheim;11
99ef927e-554f-4cec-8e15-088dc186baa4;Baden-Württemberg;69221;DIMB IG Odenwald;Rhein-Neckar-Kreis;Dossenheim;11
8e7c5c96-e419-4a76-84db-97caa3f35d94;Baden-Württemberg;69226;DIMB IG Odenwald;Rhein-Neckar-Kreis;Nußloch;11
e1d683f5-65cf-49d0-950d-4c87b299b069;Baden-Württemberg;69231;DIMB IG Odenwald;Rhein-Neckar-Kreis;Rauenberg;11
a3afd53e-8271-4b03-b1cd-409f45e327f2;Baden-Württemberg;69234;DIMB IG Odenwald;Rhein-Neckar-Kreis;Dielheim;11
47ec324e-28c0-4134-9556-2c6f85d0f939;Hessen;69239;DIMB IG Odenwald;Kreis Bergstraße;Neckarsteinach;11
9c0d0732-22ee-4437-80ce-62df55c863e1;Baden-Württemberg;69242;DIMB IG Odenwald;Rhein-Neckar-Kreis;Mühlhausen;11
14b2172c-980e-48f2-96e1-ebe1bf3aa88f;Baden-Württemberg;69245;DIMB IG Odenwald;Rhein-Neckar-Kreis;Bammental;11
ad774ff4-ed44-49df-bb9f-3ad8ef42b69d;Baden-Württemberg;69250;DIMB IG Odenwald;Rhein-Neckar-Kreis;Schönau;11
ce8e9978-0361-4faf-a283-623c2e78c889;Baden-Württemberg;69251;DIMB IG Odenwald;Rhein-Neckar-Kreis;Gaiberg;11
880e0a59-6d2a-4252-ac16-116fd67fe56c;Baden-Württemberg;69253;DIMB IG Odenwald;Rhein-Neckar-Kreis;Heiligkreuzsteinach;11
cbfc2ac1-17da-48d5-a673-604bdaf58432;Baden-Württemberg;69254;DIMB IG Odenwald;Rhein-Neckar-Kreis;Malsch;11
268dd544-1af3-432d-8f6b-1694b03e7033;Baden-Württemberg;69256;DIMB IG Odenwald;Rhein-Neckar-Kreis;Mauer;11
806795aa-d2d8-4754-b359-a3fcca270e09;Baden-Württemberg;69257;DIMB IG Odenwald;Rhein-Neckar-Kreis;Wiesenbach;11
636ba6db-9642-4ed0-a55c-385bb5dc8e96;Baden-Württemberg;69259;DIMB IG Odenwald;Rhein-Neckar-Kreis;Wilhelmsfeld;11
c688e6f9-7f59-44d6-ab42-809332f22b77;Baden-Württemberg;69412;DIMB IG Odenwald;Rhein-Neckar-Kreis;Eberbach;11
1b1ae482-921f-4070-9afa-05421b2dd306;Baden-Württemberg;69427;DIMB IG Odenwald;Neckar-Odenwald-Kreis;Mudau;11
dfa476b2-e494-44ee-a5f6-ff7916045d27;Baden-Württemberg;69429;DIMB IG Odenwald;Rhein-Neckar-Kreis / Neckar-Odenwald-Kreis;Eberbach / Waldbrunn;11
d7a1ad45-6f54-4e57-ac46-1a3844b79335;Baden-Württemberg;69434;DIMB IG Odenwald;Rhein-Neckar-Kreis;Eberbach / Heddesbach;11
3549417c-ebf0-4ca2-a5d5-287c83c01836;Hessen;69434;DIMB IG Odenwald;Kreis Bergstraße;Hirschhorn;11
2ef1a316-a8e2-492a-a733-1a58f7f2075e;Baden-Württemberg;69436;DIMB IG Odenwald;Rhein-Neckar-Kreis;Schönbrunn;11
f73d6032-8fbc-4750-9113-c6ceb7ff83b2;Baden-Württemberg;69437;DIMB IG Odenwald;Neckar-Odenwald-Kreis;Neckargerach;11
03952838-f9c2-4ecc-8cc6-95f6d4171956;Baden-Württemberg;69439;DIMB IG Odenwald;Neckar-Odenwald-Kreis;Zwingenberg;11
85dbabe4-a0da-43f6-bd59-526e6aad40ee;Baden-Württemberg;69469;DIMB IG Odenwald;Rhein-Neckar-Kreis;Weinheim;11
15a96452-e25f-4d57-808c-afb21f6acfe4;Hessen;69483;DIMB IG Odenwald;Kreis Bergstraße;Wald-Michelbach;11
b7da5aca-eb99-49b0-9aba-f4c723a0b6a9;Hessen;69488;DIMB IG Odenwald;Kreis Bergstraße;Birkenau;11
6c45ff00-b57c-42cb-92d0-1c03f7b765ab;Baden-Württemberg;69493;DIMB IG Odenwald;Rhein-Neckar-Kreis;Hirschberg an der Bergstraße;11
a8e938d1-d514-4e87-b70a-c3664d80f074;Baden-Württemberg;69502;DIMB IG Odenwald;Rhein-Neckar-Kreis;Hemsbach;11
e3921566-fc8a-49d9-9ceb-8f916250074a;Hessen;69509;DIMB IG Odenwald;Kreis Bergstraße;Mörlenbach;11
1434aa75-d723-4643-a7b2-c460e79604d8;Baden-Württemberg;69514;DIMB IG Odenwald;Rhein-Neckar-Kreis;Laudenbach;11
0e9aeff5-8176-4b56-ab16-b3aecde2fb78;Hessen;69517;DIMB IG Odenwald;Kreis Bergstraße;Gorxheimertal;11
3e0e192e-9600-4293-abf6-647681b2cde8;Hessen;69518;DIMB IG Odenwald;Kreis Bergstraße;Abtsteinach;11
1376e8b3-67bf-412a-81a8-7cc6a400d74b;Baden-Württemberg;70173;DIMB IG Stuttgart;Stuttgart;Stuttgart;20
9c6b701d-41b1-4517-a8af-c257c0f0c4c9;Baden-Württemberg;70174;DIMB IG Stuttgart;Stuttgart;Stuttgart;20
ffc01952-a0f7-40d8-88f2-cf8a88457708;Baden-Württemberg;70176;DIMB IG Stuttgart;Stuttgart;Stuttgart;20
80f42731-028e-4f41-b1fd-702bb38f2164;Baden-Württemberg;70178;DIMB IG Stuttgart;Stuttgart;Stuttgart;20
90c5440f-6f8e-4fa1-8df2-1f37dac84eaa;Baden-Württemberg;70180;DIMB IG Stuttgart;Stuttgart;Stuttgart;20
9b18b5d8-f106-40b8-9674-9c3b252da814;Baden-Württemberg;70182;DIMB IG Stuttgart;Stuttgart;Stuttgart;20
38667354-7593-455f-a6dc-50bc628b9fb8;Baden-Württemberg;70184;DIMB IG Stuttgart;Stuttgart;Stuttgart;20
69feb1ce-3718-4ee6-b6da-52032efa218e;Baden-Württemberg;70186;DIMB IG Stuttgart;Stuttgart;Stuttgart;20
d7ddf5a4-ba29-4e85-968d-a632c1efb35c;Baden-Württemberg;70188;DIMB IG Stuttgart;Stuttgart;Stuttgart;20
8b2d10a0-25bc-4148-8dff-ed75e7891610;Baden-Württemberg;70190;DIMB IG Stuttgart;Stuttgart;Stuttgart;20
7c978e37-afc0-4c47-8bcc-390b6f57fa00;Baden-Württemberg;70191;DIMB IG Stuttgart;Stuttgart;Stuttgart;20
e2224cd0-2dff-4110-bfd0-5f43034b1e3a;Baden-Württemberg;70192;DIMB IG Stuttgart;Stuttgart;Stuttgart;20
7f1d72a2-ac3f-4dd6-bdfd-f236a296b54d;Baden-Württemberg;70193;DIMB IG Stuttgart;Stuttgart;Stuttgart;20
5cf900c7-04c3-4574-8779-d89506b012ed;Baden-Württemberg;70195;DIMB IG Stuttgart;Stuttgart;Stuttgart;20
b78035d4-97b8-4b29-b84f-2236e27142f8;Baden-Württemberg;70197;DIMB IG Stuttgart;Stuttgart;Stuttgart;20
3add883b-8e39-467c-ba5b-2ea499c880b1;Baden-Württemberg;70199;DIMB IG Stuttgart;Stuttgart;Stuttgart;20
34c44bc3-da73-4361-ae50-5d20f8019d3e;Baden-Württemberg;70327;DIMB IG Stuttgart;Stuttgart;Stuttgart;20
7f82ec6c-3d1f-4029-8af8-32ab09b3771e;Baden-Württemberg;70329;DIMB IG Stuttgart;Stuttgart;Stuttgart;20
3169ce54-ecbe-4055-bd9a-0bdbe02ad759;Baden-Württemberg;70372;DIMB IG Stuttgart;Stuttgart;Stuttgart;20
9e0ed96d-d080-465b-94a2-445bf1a2db4f;Baden-Württemberg;70374;DIMB IG Stuttgart;Stuttgart;Stuttgart;20
09dfb110-4e2f-46da-8fea-8257640dca7a;Baden-Württemberg;70376;DIMB IG Stuttgart;Stuttgart;Stuttgart;20
844d2285-46bb-4bdc-a75f-8467a7dbd177;Baden-Württemberg;70378;DIMB IG Stuttgart;Stuttgart;Stuttgart;20
6692bfd4-4b2d-465b-9419-91c141e93a5f;Baden-Württemberg;70435;DIMB IG Stuttgart;Stuttgart;Stuttgart;20
15543293-a861-45d6-9a70-ee6a8ce0990d;Baden-Württemberg;70437;DIMB IG Stuttgart;Stuttgart;Stuttgart;20
01550456-0051-48c9-9870-06b05fb2a3e4;Baden-Württemberg;70439;DIMB IG Stuttgart;Stuttgart;Stuttgart;20
4c024a44-95f1-4107-b85a-6e7a2641dbf3;Baden-Württemberg;70469;DIMB IG Stuttgart;Stuttgart;Stuttgart;20
726267e6-14e1-4cc3-af66-95e9ef9d254e;Baden-Württemberg;70499;DIMB IG Stuttgart;Stuttgart;Stuttgart;20
d8a38b24-b377-48c0-be37-84352f3ec5f3;Baden-Württemberg;70563;DIMB IG Stuttgart;Stuttgart;Stuttgart;20
bdad33db-6eca-4cf0-a649-9d43ce7802e1;Baden-Württemberg;70565;DIMB IG Stuttgart;Stuttgart;Stuttgart;20
48e85c31-4dd2-44cd-b480-2c198e05fa6f;Baden-Württemberg;70567;DIMB IG Stuttgart;Stuttgart;Stuttgart;20
103dffab-f981-418b-8019-bb165afedd90;Baden-Württemberg;70569;DIMB IG Stuttgart;Stuttgart;Stuttgart;20
d6cc5a53-8e40-4c15-b7b7-8adfcb39996b;Baden-Württemberg;70597;DIMB IG Stuttgart;Stuttgart;Stuttgart;20
524d2f4d-41b2-4971-a10f-233dcd4d85f9;Baden-Württemberg;70599;DIMB IG Stuttgart;Stuttgart;Stuttgart;20
b5a9c8ea-0aa9-465b-af06-55b303dd11e1;Baden-Württemberg;70619;DIMB IG Stuttgart;Stuttgart;Stuttgart;20
82476543-5486-43a0-b2da-653781809f55;Baden-Württemberg;70629;DIMB IG Stuttgart;Stuttgart;Stuttgart;20
fe03e445-75c6-4335-9c8d-150f32914878;Baden-Württemberg;70734;DIMB IG Rems-Murr;Rems-Murr-Kreis;Fellbach;68
533e9e5a-20fa-44ac-95e3-b1ca13f05d60;Baden-Württemberg;70736;DIMB IG Rems-Murr;Rems-Murr-Kreis;Fellbach;68
18aa2be2-8ca4-4416-9f62-f619e106d687;Baden-Württemberg;70771;DIMB IG Stuttgart;Landkreis Esslingen;Leinfelden-Echterdingen;20
2143b18e-52f8-4a6b-aa61-fb2fe66caac8;Baden-Württemberg;70794;DIMB IG Stuttgart;Landkreis Esslingen;Filderstadt;20
56b15e32-38b2-4972-96c9-e2a64b882683;Baden-Württemberg;70806;DIMB IG Stuttgart;Landkreis Ludwigsburg;Kornwestheim;20
9db361e8-ebae-48b7-b91c-39aa77f7eccb;Baden-Württemberg;70825;DIMB IG Stuttgart;Landkreis Ludwigsburg;Korntal-Münchingen;20
d5804d8c-fc34-4033-9621-d6bdd3253ec6;Baden-Württemberg;70839;DIMB IG Stuttgart;Landkreis Ludwigsburg;Gerlingen;20
e50a0e82-6c46-452d-9260-51c91f1bc3a5;Baden-Württemberg;71032;DIMB IG Schwarzwald Mitte;Landkreis Böblingen;Böblingen;58
25f764bb-a4cd-4ab7-83b0-f3feaf71a638;Baden-Württemberg;71034;DIMB IG Schwarzwald Mitte;Landkreis Böblingen;Böblingen;58
f8499fff-a701-48fe-92d1-8757053a3a2d;Baden-Württemberg;71063;DIMB IG Schwarzwald Mitte;Landkreis Böblingen;Sindelfingen;58
da24bfd5-7690-4062-adcc-ee4c18dd1b30;Baden-Württemberg;71065;DIMB IG Schwarzwald Mitte;Landkreis Böblingen;Sindelfingen;58
6e921cf6-400c-4df8-92c6-7208eacdceed;Baden-Württemberg;71067;DIMB IG Schwarzwald Mitte;Landkreis Böblingen;Sindelfingen;58
2e053c95-1fdf-4b3c-acd1-68c12bad565b;Baden-Württemberg;71069;DIMB IG Schwarzwald Mitte;Landkreis Böblingen;Sindelfingen;58
5f15a629-75f2-4fa6-a7ef-ebcb90e90982;Baden-Württemberg;71083;DIMB IG Schwarzwald Mitte;Landkreis Böblingen;Herrenberg;58
bd0549c9-1169-4fb4-985b-90bddac15f67;Baden-Württemberg;71088;DIMB IG Schwarzwald Mitte;Landkreis Böblingen;Holzgerlingen;58
3d155ba6-5148-4d97-9745-eb98b31d7ee4;Baden-Württemberg;71093;DIMB IG Schwarzwald Mitte;Landkreis Böblingen;Weil im Schönbuch;58
1b0ee9d5-15a9-4c4f-96c8-3798a7d09829;Baden-Württemberg;71101;DIMB IG Schwarzwald Mitte;Landkreis Böblingen;Schönaich;58
72b3e86b-b7d2-4428-b394-71d93949ace1;Baden-Württemberg;71106;DIMB IG Schwarzwald Mitte;Landkreis Böblingen;Magstadt;58
be489c7b-cd0e-4754-9eeb-ddeae7982d0b;Baden-Württemberg;71111;DIMB IG Schwarzwald Mitte;Landkreis Esslingen;Filderstadt;58
44367ab9-87f3-4e2b-be4b-ff787573c79a;Baden-Württemberg;71116;DIMB IG Schwarzwald Mitte;Landkreis Böblingen;Gärtringen;58
e0fc9142-f61b-493d-9743-93dec3ea1f9d;Baden-Württemberg;71120;DIMB IG Schwarzwald Mitte;Landkreis Böblingen;Grafenau;58
32d045c1-698c-426c-aea5-5de05dfe86b7;Baden-Württemberg;71126;DIMB IG Schwarzwald Mitte;Landkreis Böblingen;Gäufelden;58
e2f947d5-36d3-46b8-a578-67049660b4db;Baden-Württemberg;71131;DIMB IG Schwarzwald Mitte;Landkreis Böblingen;Jettingen;58
05289e67-7eeb-4048-9cab-de23534c08df;Baden-Württemberg;71134;DIMB IG Schwarzwald Mitte;Landkreis Böblingen;Aidlingen;58
a3c999d2-fef9-4e77-acc1-d11b00a155dc;Baden-Württemberg;71139;DIMB IG Schwarzwald Mitte;Landkreis Böblingen;Ehningen;58
b5b7d515-625b-4371-b9db-539b0a007fc6;Baden-Württemberg;71144;DIMB IG Schwarzwald Mitte;Landkreis Böblingen;Steinenbronn;58
20490ca5-99da-4a57-bd4a-51f7b461efef;Baden-Württemberg;71149;DIMB IG Schwarzwald Mitte;Landkreis Böblingen;Bondorf;58
f686c5ba-a246-4265-9e10-20ee28119e15;Baden-Württemberg;71154;DIMB IG Schwarzwald Mitte;Landkreis Böblingen;Nufringen;58
1d148d30-0a95-4a79-9984-4fa562cdc0a3;Baden-Württemberg;71155;DIMB IG Schwarzwald Mitte;Landkreis Böblingen;Altdorf;58
1ea2cfe2-fcf2-4c8d-8411-d58ce7fe0f12;Baden-Württemberg;71157;DIMB IG Schwarzwald Mitte;Landkreis Böblingen;Hildrizhausen;58
f155bc96-fe1b-4090-abe5-a7927019faa4;Baden-Württemberg;71159;DIMB IG Schwarzwald Mitte;Landkreis Böblingen;Mötzingen;58
6c863235-83f6-4e78-978e-8d549fab338d;Baden-Württemberg;71229;DIMB IG Stuttgart;Landkreis Böblingen;Leonberg;20
baacb726-b7a9-48b6-b98f-2f3ae3e9a696;Baden-Württemberg;71254;DIMB IG Stuttgart;Landkreis Ludwigsburg;Ditzingen;20
55648224-6148-4683-b6c4-a0d0c91a2502;Baden-Württemberg;71263;DIMB IG Stuttgart;Landkreis Böblingen;Weil der Stadt;20
2291123b-be2d-4b72-8b2d-8bf674c3a7ce;Baden-Württemberg;71272;DIMB IG Stuttgart;Landkreis Böblingen;Renningen;20
f1a9b7f9-6c09-440c-9cdd-36319519341c;Baden-Württemberg;71277;DIMB IG Stuttgart;Landkreis Böblingen;Rutesheim;20
56077332-3b86-4a06-9e59-9c5ea70f02d4;Baden-Württemberg;71282;DIMB IG Stuttgart;Landkreis Ludwigsburg;Hemmingen;20
37175c3a-c1d8-4990-8aae-4943d4182518;Baden-Württemberg;71287;DIMB IG Stuttgart;Landkreis Böblingen;Weissach;20
b08090cb-6b2e-476b-9033-3d93cd0f17fe;Baden-Württemberg;71292;DIMB IG Stuttgart;Enzkreis;Friolzheim;20
68b5a5d1-b4d5-4b05-839a-bd023a7b16a3;Baden-Württemberg;71296;DIMB IG Stuttgart;Enzkreis;Heimsheim;20
802dec63-52a0-4734-8fa4-4b8890865cbb;Baden-Württemberg;71297;DIMB IG Stuttgart;Enzkreis;Mönsheim;20
1f4b54b3-08d0-4b04-9d70-16416d97f819;Baden-Württemberg;71299;DIMB IG Stuttgart;Enzkreis;Wimsheim;20
ffc9f512-86f5-4218-ad7d-2dbdbb8c17a2;Baden-Württemberg;71332;DIMB IG Rems-Murr;Rems-Murr-Kreis;Waiblingen;68
c15ca0f4-7423-465a-bdec-d5a4c8dc5ef2;Baden-Württemberg;71334;DIMB IG Rems-Murr;Rems-Murr-Kreis;Waiblingen;68
ffdb75d1-e7bd-438c-849f-67be5c19ade2;Baden-Württemberg;71336;DIMB IG Rems-Murr;Rems-Murr-Kreis;Waiblingen;68
45af1c38-6c93-430e-abb0-136244228e83;Baden-Württemberg;71364;DIMB IG Rems-Murr;Rems-Murr-Kreis;Winnenden;68
483753d9-e369-49d4-ac4a-d68f27755826;Baden-Württemberg;71384;DIMB IG Rems-Murr;Rems-Murr-Kreis;Weinstadt;68
5c6beb1c-aaba-4d38-834c-957ee6a21b72;Baden-Württemberg;71394;DIMB IG Rems-Murr;Rems-Murr-Kreis;Kernen im Remstal;68
0f624783-af45-4bd4-b7e9-1481d0c9f720;Baden-Württemberg;71397;DIMB IG Rems-Murr;Rems-Murr-Kreis;Leutenbach;68
4953adae-83d0-4a28-aebf-68afe5579607;Baden-Württemberg;71404;DIMB IG Rems-Murr;Rems-Murr-Kreis;Korb;68
7865d02b-1c83-48f2-8cd7-771d7ec047af;Baden-Württemberg;71409;DIMB IG Rems-Murr;Rems-Murr-Kreis;Schwaikheim;68
12101513-a8f2-4645-ae07-bf298749922e;Baden-Württemberg;71522;DIMB IG Rems-Murr;Rems-Murr-Kreis;Backnang;68
3a95b134-0a23-4a3b-bc12-d2399c9dfcab;Baden-Württemberg;71540;DIMB IG Rems-Murr;Rems-Murr-Kreis;Murrhardt;68
740fb7b6-49c7-4c3f-a9bf-3007b463d170;Baden-Württemberg;71543;DIMB IG Stuttgart;Landkreis Heilbronn;Beilstein, Wüstenrot;20
ffcc8dc9-3754-46c0-bbd6-fa118740557b;Baden-Württemberg;71546;DIMB IG Rems-Murr;Rems-Murr-Kreis;Aspach;68
4db0b350-1ff2-40ea-ae7b-889f8ef4a5a3;Baden-Württemberg;71549;DIMB IG Rems-Murr;Rems-Murr-Kreis;Auenwald;68
1d2894ec-f587-49dd-a4dc-c17a78326d40;Baden-Württemberg;71554;DIMB IG Rems-Murr;Rems-Murr-Kreis;Weissach im Tal;68
1219134d-1d82-4548-852b-aa4358ef55e5;Baden-Württemberg;71560;DIMB IG Rems-Murr;Rems-Murr-Kreis;Oppenweiler, Sulzbach an der Murr;68
9e46c0cc-d668-464f-96b0-31f64e5bb357;Baden-Württemberg;71563;DIMB IG Stuttgart;Landkreis Ludwigsburg;Affalterbach;20
fcac0e57-f255-4a42-b926-7030e306850c;Baden-Württemberg;71566;DIMB IG Rems-Murr;Rems-Murr-Kreis;Althütte;68
7ed4e5f8-938c-4f9a-b129-b4227f842d46;Baden-Württemberg;71570;DIMB IG Rems-Murr;Rems-Murr-Kreis;Oppenweiler;68
6cfd427c-5fbe-4ebd-9261-83f27879c436;Baden-Württemberg;71573;DIMB IG Rems-Murr;Rems-Murr-Kreis;Allmersbach im Tal;68
c0a49a20-b544-4ab6-95f4-f7efc75836ec;Baden-Württemberg;71576;DIMB IG Rems-Murr;Rems-Murr-Kreis;Burgstetten;68
2313b1e6-e111-4477-8f17-2c66375c4b34;Baden-Württemberg;71577;DIMB IG Rems-Murr;Rems-Murr-Kreis;Großerlach;68
180119b5-a5a2-4321-b40f-2d1d43b4b0ca;Baden-Württemberg;71579;DIMB IG Rems-Murr;Rems-Murr-Kreis;Spiegelberg;68
0aa1808a-223a-4a6f-a801-ad47b087cf83;Baden-Württemberg;71634;DIMB IG Stuttgart;Landkreis Ludwigsburg;Ludwigsburg;20
41d8f08b-9d09-4364-92ce-72d56b6efc3b;Baden-Württemberg;71636;DIMB IG Stuttgart;Landkreis Ludwigsburg;Ludwigsburg;20
94a6d0a5-a179-4042-b384-cbdbfcc60071;Baden-Württemberg;71638;DIMB IG Stuttgart;Landkreis Ludwigsburg;Ludwigsburg;20
d30332fe-45b0-4403-942c-22547abbfa8c;Baden-Württemberg;71640;DIMB IG Stuttgart;Landkreis Ludwigsburg;Ludwigsburg;20
3ed32366-b546-480f-b90d-87d2ed4cfd9c;Baden-Württemberg;71642;DIMB IG Stuttgart;Landkreis Ludwigsburg;Ludwigsburg;20
78c8e38d-23ad-43fc-9547-26def2dc95ea;Baden-Württemberg;71665;DIMB IG Stuttgart;Landkreis Ludwigsburg;Vaihingen an der Enz;20
974563dc-4ea8-407e-9111-0e8915d61f31;Baden-Württemberg;71672;DIMB IG Stuttgart;Landkreis Ludwigsburg;Ludwigsburg, Marbach am Neckar;20
cb63a4da-6a68-4ccc-b526-5bca467acc35;Baden-Württemberg;71679;DIMB IG Stuttgart;Landkreis Ludwigsburg;Asperg;20
619bfdbd-83d8-4fe5-a838-9ccad4fd6f73;Baden-Württemberg;71686;DIMB IG Stuttgart;Landkreis Ludwigsburg;Remseck am Neckar;20
20cb0df0-30ee-4254-9ef6-10947571062a;Baden-Württemberg;71691;DIMB IG Stuttgart;Landkreis Ludwigsburg;Freiberg am Neckar;20
108a6457-1c99-4f49-9268-81975c162328;Baden-Württemberg;71696;DIMB IG Stuttgart;Landkreis Ludwigsburg;Möglingen;20
dda066ce-360d-4b7a-a1c8-e7f70c66143a;Baden-Württemberg;71701;DIMB IG Stuttgart;Landkreis Ludwigsburg;Schwieberdingen;20
cd058a8d-099e-426e-b291-5b674a53a664;Baden-Württemberg;71706;DIMB IG Stuttgart;Landkreis Ludwigsburg;Markgröningen, Schwieberdingen;20
46c0ebe4-2201-4371-bf6f-f2dac11504e0;Baden-Württemberg;71711;DIMB IG Stuttgart;Landkreis Ludwigsburg;Marbach am Neckar, Murr, Steinheim an der Murr;20
5e42837c-3467-4e82-9e34-78e3872856be;Baden-Württemberg;71717;DIMB IG Stuttgart;Landkreis Heilbronn;Beilstein;20
f1b83c8b-a719-48f5-955a-6f766e876a4d;Baden-Württemberg;71720;DIMB IG Stuttgart;Landkreis Ludwigsburg;Oberstenfeld;20
1e167c60-4f0c-45ea-a78c-860428a6ddfe;Baden-Württemberg;71723;DIMB IG Stuttgart;Landkreis Ludwigsburg;Großbottwar;20
888ee74b-65d0-4e05-b2a4-3564e929ff97;Baden-Württemberg;71726;DIMB IG Stuttgart;Landkreis Ludwigsburg;Benningen am Neckar;20
dbab13c9-47ee-480f-84c5-0510afe4f91b;Baden-Württemberg;71729;DIMB IG Stuttgart;Landkreis Ludwigsburg;Erdmannhausen;20
a50671fb-8cfa-4fe8-bcc5-801424aece85;Baden-Württemberg;71732;DIMB IG Stuttgart;Landkreis Ludwigsburg;Tamm;20
4445b62a-3f15-4a00-8085-9ffdb958ae7e;Baden-Württemberg;71735;DIMB IG Stuttgart;Landkreis Ludwigsburg;Eberdingen;20
2091e6f2-2cf6-4459-b692-0457fccf6b5c;Baden-Württemberg;71737;DIMB IG Rems-Murr;Rems-Murr-Kreis;Kirchberg an der Murr;68
c92648cc-77c1-4c8a-a7d0-da4544541229;Baden-Württemberg;71739;DIMB IG Stuttgart;Landkreis Ludwigsburg;Oberriexingen;20
158b1675-99d8-43a9-88aa-809f1cb25274;Baden-Württemberg;72070;DIMB IG Reutlingen-Tübingen;Landkreis Tübingen;Tübingen;74
b543e5c4-a4a3-4b0d-aed5-3631965510aa;Baden-Württemberg;72072;DIMB IG Reutlingen-Tübingen;Landkreis Tübingen;Tübingen;74
90403835-db24-4d00-9413-d31d2b8a2dab;Baden-Württemberg;72074;DIMB IG Reutlingen-Tübingen;Landkreis Tübingen;Tübingen;74
f80b4982-4727-4cea-be2e-c7c06284f8d1;Baden-Württemberg;72076;DIMB IG Reutlingen-Tübingen;Landkreis Tübingen;Tübingen;74
c75cb35c-5092-42f3-88e0-1e66b4763a6a;Baden-Württemberg;72108;DIMB IG Reutlingen-Tübingen;Landkreis Tübingen;Rottenburg am Neckar;74
07971fa8-5906-43de-8369-1fd706a3d1b3;Baden-Württemberg;72116;DIMB IG Reutlingen-Tübingen;Landkreis Tübingen;Mössingen;74
50cd57da-7063-4155-9c24-a5b98e349389;Baden-Württemberg;72119;DIMB IG Reutlingen-Tübingen;Landkreis Tübingen;Ammerbuch;74
e2e4c8e5-8367-4f32-bad8-e198d08b4758;Baden-Württemberg;72124;DIMB IG Reutlingen-Tübingen;Landkreis Reutlingen;Pliezhausen;74
4c97e7ad-8efc-4ee3-a726-f256c45c278f;Baden-Württemberg;72127;DIMB IG Reutlingen-Tübingen;Landkreis Tübingen;Kusterdingen;74
3cc6678b-9e52-44f0-b6fd-917b71cf7490;Baden-Württemberg;72131;DIMB IG Reutlingen-Tübingen;Landkreis Tübingen;Ofterdingen;74
a92dd1bc-2dc0-424c-bfd8-11028c249350;Baden-Württemberg;72135;DIMB IG Reutlingen-Tübingen;Landkreis Tübingen;Dettenhausen;74
cc9afbde-e679-46a8-8b09-a5d527213ef0;Baden-Württemberg;72138;DIMB IG Reutlingen-Tübingen;Landkreis Tübingen;Kirchentellinsfurt, Kusterdingen;74
8f3e7f05-699b-493a-921a-18695773e8fd;Baden-Württemberg;72141;DIMB IG Reutlingen-Tübingen;Landkreis Reutlingen;Walddorfhäslach;74
8de1cca3-d6ec-4066-bb28-881729deb897;Baden-Württemberg;72144;DIMB IG Reutlingen-Tübingen;Landkreis Tübingen;Dußlingen;74
6315fad6-83b4-4b94-aab6-dcd07d5ad32d;Baden-Württemberg;72145;DIMB IG Reutlingen-Tübingen;Landkreis Tübingen;Hirrlingen;74
25ea60ef-779d-4a0d-88cd-cedb89f2b8a1;Baden-Württemberg;72147;DIMB IG Reutlingen-Tübingen;Landkreis Tübingen;Nehren;74
7e12c8d3-e755-46a3-9c5a-aa036d7dee90;Baden-Württemberg;72149;DIMB IG Reutlingen-Tübingen;Landkreis Tübingen;Neustetten;74
d39b0cf0-c509-4de3-9fb1-e57abcc4a91c;Baden-Württemberg;72160;DIMB IG Schwarzwald Mitte;Landkreis Freudenstadt;Horb am Neckar;58
f1ea2ba4-dc8f-4809-83a8-a18ee845dd9e;Baden-Württemberg;72172;DIMB IG Schwarzwald Mitte;Landkreis Rottweil;Sulz am Neckar;58
8fe67670-da26-46aa-b19a-69719d59089d;Baden-Württemberg;72175;DIMB IG Schwarzwald Mitte;Landkreis Rottweil;Dornhan;58
f3267a16-e8fe-49c0-9048-16d3b1edb120;Baden-Württemberg;72178;DIMB IG Schwarzwald Mitte;Landkreis Freudenstadt;Waldachtal;58
fc6f67ee-e8d8-4223-a6e7-2d7686fd61a9;Baden-Württemberg;72181;DIMB IG Reutlingen-Tübingen;Landkreis Tübingen;Starzach;74
3a481524-d97f-48de-b0f7-712678e33115;Baden-Württemberg;72184;DIMB IG Schwarzwald Mitte;Landkreis Freudenstadt;Eutingen im Gäu;58
e5dc5d4b-f66d-49db-a743-aac97d952c81;Baden-Württemberg;72186;DIMB IG Schwarzwald Mitte;Landkreis Freudenstadt;Empfingen;58
cd6c152e-ac2b-4458-a9fd-fc1870ece4a4;Baden-Württemberg;72189;DIMB IG Schwarzwald Mitte;Landkreis Rottweil;Vöhringen (Württemberg);58
1d80e51c-2792-45ba-b37c-30dc5be22c41;Baden-Württemberg;72202;DIMB IG Schwarzwald Mitte;Landkreis Calw;Nagold;58
76051550-5244-4d40-a919-f9cb56638a8a;Baden-Württemberg;72213;DIMB IG Schwarzwald Mitte;Landkreis Calw;Altensteig;58
e9c8f262-d13b-47a5-9f59-97f246891d52;Baden-Württemberg;72218;DIMB IG Schwarzwald Mitte;Landkreis Calw;Wildberg;58
86267d6f-322c-4048-a2b7-4069f981e58c;Baden-Württemberg;72221;DIMB IG Schwarzwald Mitte;Landkreis Calw;Haiterbach;58
db812615-35c0-4192-bb3f-40dfea8ba4fb;Baden-Württemberg;72224;DIMB IG Schwarzwald Mitte;Landkreis Calw;Ebhausen;58
cd5f91af-5d4e-4c80-a4fa-abe4e14189cc;Baden-Württemberg;72226;DIMB IG Schwarzwald Mitte;Landkreis Calw;Simmersfeld;58
c5efc7d6-2739-43f0-9cc1-cab598ac0fb2;Baden-Württemberg;72227;DIMB IG Schwarzwald Mitte;Landkreis Calw;Egenhausen;58
ccdbbb20-0864-4032-ab78-d5770b43f4dc;Baden-Württemberg;72229;DIMB IG Schwarzwald Mitte;Landkreis Calw;Rohrdorf;58
d622b7da-c9fa-42ca-b45a-5de838193a87;Baden-Württemberg;72250;DIMB IG Schwarzwald Mitte;Landkreis Freudenstadt;Freudenstadt;58
626c3ff1-77d4-428d-93b0-680843020c5a;Baden-Württemberg;72270;DIMB IG Schwarzwald Mitte;Landkreis Freudenstadt;Baiersbronn;58
0d7f8d9a-c46b-42ce-894e-96fb89c5f6c2;Baden-Württemberg;72275;DIMB IG Schwarzwald Mitte;Landkreis Freudenstadt;Alpirsbach;58
1785d1ed-3734-4d10-b72a-1f8096346db1;Baden-Württemberg;72280;DIMB IG Schwarzwald Mitte;Landkreis Freudenstadt;Dornstetten;58
97aff0e2-0a5d-4296-9369-cc7f607d7830;Baden-Württemberg;72285;DIMB IG Schwarzwald Mitte;Landkreis Freudenstadt;Pfalzgrafenweiler;58
c9400bdd-0773-40d9-97ea-a1487ca014fe;Baden-Württemberg;72290;DIMB IG Schwarzwald Mitte;Landkreis Freudenstadt;Loßburg;58
c9420e81-a5b9-407e-8f34-d1ea64073569;Baden-Württemberg;72293;DIMB IG Schwarzwald Mitte;Landkreis Freudenstadt;Glatten;58
fbed8035-00ce-473b-9689-b0d840ef9b7a;Baden-Württemberg;72294;DIMB IG Schwarzwald Mitte;Landkreis Freudenstadt;Grömbach;58
1255d95d-cba3-47db-b994-912687d9c64f;Baden-Württemberg;72296;DIMB IG Schwarzwald Mitte;Landkreis Freudenstadt;Schopfloch;58
a80dd211-9a8e-4dce-bee0-b9b6bf195f6b;Baden-Württemberg;72297;DIMB IG Schwarzwald Mitte;Landkreis Freudenstadt;Seewald, Grömbach;58
e5c85652-64b0-403f-ac13-2229923addf3;Baden-Württemberg;72299;DIMB IG Schwarzwald Mitte;Landkreis Freudenstadt;Wörnersberg;58
91d445ae-cf2a-44db-9eb6-e4293b5faa04;Baden-Württemberg;72336;DIMB IG Alb-Donau-Neckar;Zollernalbkreis;Balingen;105
45c1ff85-95d2-49e2-a0cf-f502c1848d8b;Baden-Württemberg;72348;DIMB IG Alb-Donau-Neckar;Zollernalbkreis;Rosenfeld;105
4b5b7421-eb2f-42cd-9d9c-f38b06475750;Baden-Württemberg;72351;DIMB IG Alb-Donau-Neckar;Zollernalbkreis;Geislingen;105
e13a7f6e-4c3d-4237-8c6a-4c7a6a872ce6;Baden-Württemberg;72355;DIMB IG Alb-Donau-Neckar;Zollernalbkreis;Schömberg;105
39fbe0df-1e2d-48ac-96f5-b1b0c57d9e8d;Baden-Württemberg;72356;DIMB IG Alb-Donau-Neckar;Zollernalbkreis;Dautmergen;105
f1b71f75-937a-4694-b927-08267477107b;Baden-Württemberg;72358;DIMB IG Alb-Donau-Neckar;Zollernalbkreis;Dormettingen;105
49d4db39-16e3-42e2-8b9a-487001d32fbf;Baden-Württemberg;72359;DIMB IG Alb-Donau-Neckar;Zollernalbkreis;Dotternhausen;105
a928428b-a898-4ff3-8034-4d89f994fc21;Baden-Württemberg;72361;DIMB IG Alb-Donau-Neckar;Zollernalbkreis;Hausen am Tann;105
d5a698ef-931d-4a35-8f90-8dde016f865e;Baden-Württemberg;72362;DIMB IG Alb-Donau-Neckar;Zollernalbkreis;Nusplingen;105
b0a27305-9803-4062-9269-9894db8b2217;Baden-Württemberg;72364;DIMB IG Alb-Donau-Neckar;Zollernalbkreis;Obernheim;105
a9d77d57-4b0d-4871-9a88-15b784431f5b;Baden-Württemberg;72365;DIMB IG Alb-Donau-Neckar;Zollernalbkreis;Ratshausen;105
d09b7992-07e7-43f8-ab9b-9b6f9d3d10e3;Baden-Württemberg;72367;DIMB IG Alb-Donau-Neckar;Zollernalbkreis;Weilen unter den Rinnen;105
ee667368-74e4-4aa7-a5ef-840002a7a494;Baden-Württemberg;72369;DIMB IG Alb-Donau-Neckar;Zollernalbkreis;Zimmern unter der Burg;105
0d929dd5-040c-4950-b449-7999e3caee44;Baden-Württemberg;72379;DIMB IG Alb-Donau-Neckar;Zollernalbkreis;Hechingen;105
c82a98aa-848f-4fa1-a83c-0c6e4ef8ea6d;Baden-Württemberg;72393;DIMB IG Alb-Donau-Neckar;Zollernalbkreis;Burladingen;105
9cd87d65-946d-4ab2-9b75-95e74585f73a;Baden-Württemberg;72401;DIMB IG Schwarzwald Mitte;Zollernalbkreis;Haigerloch;58
008d4129-9e79-409c-8f02-013dbecccb22;Baden-Württemberg;72406;DIMB IG Alb-Donau-Neckar;Zollernalbkreis;Bisingen;105
0e066ec4-0c28-412c-b489-02a9c92acf74;Baden-Württemberg;72411;DIMB IG Reutlingen-Tübingen;Landkreis Tübingen;Bodelshausen;74
5c76487d-7f16-4e29-bd72-cb6b5f2ab46d;Baden-Württemberg;72414;DIMB IG Schwarzwald Mitte;Zollernalbkreis;Rangendingen;58
0d675037-0eb8-452b-974a-135a4d196a68;Baden-Württemberg;72415;DIMB IG Alb-Donau-Neckar;Zollernalbkreis;Grosselfingen;105
d45cf716-dc02-4e79-85ed-de3f9a682923;Baden-Württemberg;72417;DIMB IG Alb-Donau-Neckar;Zollernalbkreis;Jungingen;105
311000bc-27fc-4d62-88d8-05e67312601c;Baden-Württemberg;72419;DIMB IG Alb-Donau-Neckar;Sigmaringen;Neufra;105
ba728225-226f-4500-80b8-d39f0373268e;Baden-Württemberg;72458;DIMB IG Alb-Donau-Neckar;Zollernalbkreis;Albstadt;105
ee1e69e8-1897-4849-b333-121ee82da87e;Baden-Württemberg;72459;DIMB IG Alb-Donau-Neckar;Zollernalbkreis;Albstadt;105
6d4379d4-7aae-43c2-9344-dd45bf312e31;Baden-Württemberg;72461;DIMB IG Alb-Donau-Neckar;Zollernalbkreis;Albstadt;105
1e278554-10ee-4e23-b5ac-44daddd64433;Baden-Württemberg;72469;DIMB IG Alb-Donau-Neckar;Zollernalbkreis;Meßstetten;105
80d8cea8-f4cb-4ac1-a5d3-293e2aae717b;Baden-Württemberg;72474;DIMB IG Alb-Donau-Neckar;Zollernalbkreis;Winterlingen;105
4dd4ff93-d3dc-4d4b-9994-181d82346288;Baden-Württemberg;72475;DIMB IG Alb-Donau-Neckar;Zollernalbkreis;Bitz;105
7b7ade0e-6ed9-4689-9a62-396b3d4d0d4f;Baden-Württemberg;72477;DIMB IG Alb-Donau-Neckar;Landkreis Sigmaringen;Schwenningen;105
f90978e4-6eb2-46d1-9c84-c6afff251330;Baden-Württemberg;72479;DIMB IG Alb-Donau-Neckar;Zollernalbkreis;Straßberg;105
cbaebc34-7e20-4e44-a805-242f6cac8e5a;Baden-Württemberg;72488;DIMB IG Alb-Donau-Neckar;Landkreis Sigmaringen;Sigmaringen;105
1106d3f0-b496-4907-8278-81f37ef0e2c0;Baden-Württemberg;72501;DIMB IG Alb-Donau-Neckar;Landkreis Sigmaringen;Gammertingen;105
97b0fe10-552d-4a73-ab97-9611bbf46ece;Baden-Württemberg;72505;DIMB IG Alb-Donau-Neckar;Landkreis Sigmaringen;Krauchenwies;105
ec7c3b33-2f9d-4e96-b0a9-4f6a8f90f0bb;Baden-Württemberg;72510;DIMB IG Alb-Donau-Neckar;Landkreis Sigmaringen;Stetten am kalten Markt;105
bf79552c-85c7-402d-832e-5dc547cb575b;Baden-Württemberg;72511;DIMB IG Alb-Donau-Neckar;Landkreis Sigmaringen;Bingen;105
d24d4df5-3386-4588-9f16-cc3946658b5b;Baden-Württemberg;72513;DIMB IG Alb-Donau-Neckar;Landkreis Sigmaringen;Hettingen;105
046ec3a0-39d0-46e9-95ff-b44e3bffe861;Baden-Württemberg;72514;DIMB IG Alb-Donau-Neckar;Landkreis Sigmaringen;Inzigkofen;105
63266238-f9b5-4211-b07c-6ac8ef46c26e;Baden-Württemberg;72516;DIMB IG Alb-Donau-Neckar;Landkreis Sigmaringen;Scheer;105
187b8131-a97d-4d52-94a8-b9913177191c;Baden-Württemberg;72517;DIMB IG Alb-Donau-Neckar;Landkreis Sigmaringen;Sigmaringendorf;105
c92478a2-cdb8-45b7-ad53-490e91cb437a;Baden-Württemberg;72519;DIMB IG Alb-Donau-Neckar;Landkreis Sigmaringen;Veringenstadt;105
39a2a63f-eced-4f16-a1d6-0853334de65c;Baden-Württemberg;72525;DIMB IG Reutlingen-Tübingen;Landkreis Reutlingen;Münsingen;74
f604de8b-9320-4b35-b2f4-ce25a6dc837f;Baden-Württemberg;72531;DIMB IG Reutlingen-Tübingen;Landkreis Reutlingen;Hohenstein;74
080fcecd-f50b-45a8-ab97-da9df29bb3b6;Baden-Württemberg;72532;DIMB IG Reutlingen-Tübingen;Landkreis Reutlingen;Gomadingen;74
c0dcbe18-6e7d-46ab-8afc-326ca4c300c3;Baden-Württemberg;72534;DIMB IG Reutlingen-Tübingen;Landkreis Reutlingen;Hayingen;74
1b38e9db-6aa2-44ca-94db-60ce293884c6;Baden-Württemberg;72535;DIMB IG Alb-Donau-Iller;Alb-Donau-Kreis;Heroldstatt;97
d3ebedef-1b34-4000-98b0-879122a91402;Baden-Württemberg;72537;DIMB IG Reutlingen-Tübingen;Landkreis Reutlingen;Mehrstetten;74
a8b828d9-702e-4948-a392-484a67621b2e;Baden-Württemberg;72539;DIMB IG Reutlingen-Tübingen;Landkreis Reutlingen;Pfronstetten;74
159f277b-bb95-4b07-b642-be42ddcf6062;Baden-Württemberg;72555;DIMB IG Reutlingen-Tübingen;Landkreis Reutlingen;Metzingen;74
6fcf1209-25d5-42f8-9d03-202a8d39c555;Baden-Württemberg;72574;DIMB IG Reutlingen-Tübingen;Landkreis Reutlingen;Bad Urach;74
cb4abae9-fe20-4f10-ab5d-3936afaa8257;Baden-Württemberg;72581;DIMB IG Reutlingen-Tübingen;Landkreis Reutlingen;Dettingen an der Erms;74
cd6135d6-8a1b-46b1-b5f3-a6bc8d1e8412;Baden-Württemberg;72582;DIMB IG Reutlingen-Tübingen;Landkreis Reutlingen;Grabenstetten;74
7e65800a-7988-48fe-8d7d-07681e3b180f;Baden-Württemberg;72584;DIMB IG Reutlingen-Tübingen;Landkreis Reutlingen;Hülben;74
a4eee217-5634-458f-b65a-08e17ab30988;Baden-Württemberg;72585;DIMB IG Reutlingen-Tübingen;Landkreis Reutlingen;Riederich;74
ec9e38e7-bdc3-4e04-99fb-6af5077e1e6c;Baden-Württemberg;72587;DIMB IG Reutlingen-Tübingen;Landkreis Reutlingen;Römerstein;74
cedeee79-e3ea-45c7-a7a2-3f85866cdb70;Baden-Württemberg;72589;DIMB IG Alb-Donau-Iller;Alb-Donau-Kreis;Westerheim;97
87d011e2-9ed1-49f1-aa3b-0743a433bb8e;Baden-Württemberg;72622;DIMB IG Stauferland;Landkreis Esslingen;Nürtingen;19
46460f53-35ba-4659-afab-f0fea56e27b5;Baden-Württemberg;72631;DIMB IG Stauferland;Landkreis Esslingen;Aichtal;19
ef641343-fec7-4113-89b4-2ac9d5febf6a;Baden-Württemberg;72636;DIMB IG Stauferland;Landkreis Esslingen;Frickenhausen;19
5af0a62e-dcce-4b02-8d86-6b57f538405b;Baden-Württemberg;72639;DIMB IG Stauferland;Landkreis Esslingen;Neuffen;19
9d3cc936-e170-410b-97a9-8b41dcb4a708;Baden-Württemberg;72644;DIMB IG Stauferland;Landkreis Esslingen;Oberboihingen;19
d575a24f-ed5e-4eab-a79c-fce0d77d7ab9;Baden-Württemberg;72649;DIMB IG Stauferland;Landkreis Esslingen;Wolfschlugen;19
3fad63f2-19a5-4932-8c3e-77328c6671b2;Baden-Württemberg;72654;DIMB IG Stauferland;Landkreis Esslingen;Neckartenzlingen;19
e370fc9e-6858-4e25-9592-412ba23e9829;Baden-Württemberg;72655;DIMB IG Stauferland;Landkreis Esslingen;Altdorf;19
19c524c9-4a40-4600-befd-84cf26230f0f;Baden-Württemberg;72657;DIMB IG Stauferland;Landkreis Esslingen;Altenriet;19
8f2ee3c9-dcd8-40d0-a004-e9fb8eef7d59;Baden-Württemberg;72658;DIMB IG Stauferland;Landkreis Esslingen;Bempflingen;19
1f3c7db9-db1c-4192-9d7e-251072f4a210;Baden-Württemberg;72660;DIMB IG Stauferland;Landkreis Esslingen;Beuren;19
0ac18630-78fd-43be-aed5-390666f796c5;Baden-Württemberg;72661;DIMB IG Reutlingen-Tübingen;Landkreis Reutlingen;Grafenberg;74
52de351a-2fd1-45fd-97cb-dd17d1a0fb77;Baden-Württemberg;72663;DIMB IG Stauferland;Landkreis Esslingen;Großbettlingen;19
c79b8616-57c8-48d9-bef4-853fa1f68ac2;Baden-Württemberg;72664;DIMB IG Stauferland;Landkreis Esslingen;Kohlberg;19
d073c3b0-7cee-4a65-a511-158193e62efb;Baden-Württemberg;72666;DIMB IG Stauferland;Landkreis Esslingen;Neckartailfingen;19
d94c761c-508f-4a4c-aed7-a2539532ec76;Baden-Württemberg;72667;DIMB IG Stauferland;Landkreis Esslingen;Schlaitdorf;19
3ffb3e6c-5205-482e-87f0-0292a5b374d0;Baden-Württemberg;72669;DIMB IG Stauferland;Landkreis Esslingen;Unterensingen;19
938fdd85-b104-4cef-a62b-0458f2b4f3df;Baden-Württemberg;72760;DIMB IG Reutlingen-Tübingen;Landkreis Reutlingen;Reutlingen;74
e612a26f-d644-4de5-8661-0a2035cbba10;Baden-Württemberg;72762;DIMB IG Reutlingen-Tübingen;Landkreis Reutlingen;Reutlingen;74
9df4e8ba-64fc-47dc-8ab7-dd12307bb810;Baden-Württemberg;72764;DIMB IG Reutlingen-Tübingen;Landkreis Reutlingen;Reutlingen;74
31627258-d3b3-4bc7-b0ef-eddf91b6646f;Baden-Württemberg;72766;DIMB IG Reutlingen-Tübingen;Landkreis Reutlingen;Reutlingen;74
fe8ae909-1a95-4f27-b1bf-9839bb92820c;Baden-Württemberg;72768;DIMB IG Reutlingen-Tübingen;Landkreis Reutlingen;Reutlingen;74
3cf2ad5e-b66c-459d-b5aa-6516fb26d2e7;Baden-Württemberg;72770;DIMB IG Reutlingen-Tübingen;Landkreis Reutlingen;Reutlingen;74
a27fb7d2-daeb-4989-ab31-3f4ad81fe26e;Baden-Württemberg;72793;DIMB IG Reutlingen-Tübingen;Landkreis Reutlingen;Pfullingen;74
ca4e2680-5049-492d-939a-b8835dbd69b7;Baden-Württemberg;72800;DIMB IG Reutlingen-Tübingen;Landkreis Reutlingen;Eningen unter Achalm;74
675708ac-61f6-4aa0-8403-27e4ace2f4f5;Baden-Württemberg;72805;DIMB IG Reutlingen-Tübingen;Landkreis Reutlingen;Lichtenstein;74
89dc12ed-8d47-4770-ab46-a82e2c1f6835;Baden-Württemberg;72810;DIMB IG Reutlingen-Tübingen;Landkreis Tübingen;Gomaringen;74
cb71fc87-5b43-4bd7-9380-6ae40dc9cf21;Baden-Württemberg;72813;DIMB IG Reutlingen-Tübingen;Landkreis Reutlingen;St. Johann;74
4a540e83-2ce0-4b2e-a81d-ea7f7cb8af3c;Baden-Württemberg;72818;DIMB IG Reutlingen-Tübingen;Landkreis Reutlingen;Trochtelfingen;74
343acfd1-08e0-40d7-b3e4-e6b5a2f3e3c9;Baden-Württemberg;72820;DIMB IG Reutlingen-Tübingen;Landkreis Reutlingen;Sonnenbühl;74
76eeff36-6906-48ae-b508-6c8dab0f4766;Baden-Württemberg;72827;DIMB IG Reutlingen-Tübingen;Landkreis Reutlingen;Wannweil;74
b1444380-0976-4843-9594-4bc11e5d3527;Baden-Württemberg;72829;DIMB IG Reutlingen-Tübingen;Landkreis Reutlingen;Engstingen;74
0e2f426e-085a-442a-897c-7c194cf4962f;Baden-Württemberg;73033;DIMB IG Stauferland;Landkreis Göppingen;Göppingen;19
05d2a045-4000-4cc1-9363-18db6158d839;Baden-Württemberg;73035;DIMB IG Stauferland;Landkreis Göppingen;Göppingen;19
d96703a1-a24c-4d5e-83c0-d6f0953e1e15;Baden-Württemberg;73037;DIMB IG Stauferland;Landkreis Göppingen;Göppingen, Eschenbach, Heiningen;19
3d342aa7-b5d3-4d6d-81eb-9e62a79cac93;Baden-Württemberg;73054;DIMB IG Stauferland;Landkreis Göppingen;Eislingen/Fils;19
43ec36e0-e71a-440e-9ee7-ffddc6e7951e;Baden-Württemberg;73061;DIMB IG Stauferland;Landkreis Göppingen;Ebersbach an der Fils;19
9000a8ff-8d1b-47dd-aa3e-641531ee9c97;Baden-Württemberg;73066;DIMB IG Stauferland;Landkreis Göppingen;Uhingen;19
596ef0da-ca71-467f-89d9-8e7e5ca02187;Baden-Württemberg;73072;DIMB IG Stauferland;Ostalbkreis;Schwäbisch Gmünd, Donzdorf;19
f4cc769e-16af-494c-8d1a-52eea52ffd35;Baden-Württemberg;73079;DIMB IG Stauferland;Landkreis Göppingen;Süßen;19
ff571b34-4c08-4b72-a74e-2506efed5a9e;Baden-Württemberg;73084;DIMB IG Stauferland;Landkreis Göppingen;Salach;19
ecfb9c90-a518-4496-a93c-97173e7abe48;Baden-Württemberg;73087;DIMB IG Stauferland;Landkreis Göppingen;Bad Boll, Zell unter Aichelberg;19
0dbb9779-e798-425a-9dda-ca1a8bce1361;Baden-Württemberg;73092;DIMB IG Stauferland;Landkreis Göppingen;Heiningen;19
c95bee44-2e76-49d2-824f-2110dbdaa704;Baden-Württemberg;73095;DIMB IG Stauferland;Landkreis Göppingen;Albershausen;19
f19f4716-0834-44dd-a0ec-e048ab818029;Baden-Württemberg;73098;DIMB IG Stauferland;Landkreis Göppingen;Rechberghausen;19
9655a1d8-464d-4799-80f4-f27d9a3e7d18;Baden-Württemberg;73099;DIMB IG Stauferland;Landkreis Göppingen;Adelberg;19
7b71a05a-2315-46cf-ae02-2b033ee6a466;Baden-Württemberg;73101;DIMB IG Stauferland;Landkreis Göppingen;Aichelberg;19
6941843a-e5ac-4c1c-acfc-71df5f29fbea;Baden-Württemberg;73102;DIMB IG Stauferland;Landkreis Göppingen;Birenbach;19
cf92288e-d88a-43a9-a317-389cb07b43ae;Baden-Württemberg;73104;DIMB IG Stauferland;Landkreis Göppingen;Börtlingen;19
cba76224-e454-4a61-aa60-21babcce9528;Baden-Württemberg;73105;DIMB IG Stauferland;Landkreis Göppingen;Dürnau;19
35eaf95d-228d-4c68-aca3-181fda6e1fe7;Baden-Württemberg;73107;DIMB IG Stauferland;Landkreis Göppingen;Eschenbach, Heiningen;19
e0878d0d-e13b-4671-9f4d-8aa38537b86f;Baden-Württemberg;73108;DIMB IG Stauferland;Landkreis Göppingen;Gammelshausen;19
4cb66ef2-cee4-4201-91fd-eb70d3f9a31e;Baden-Württemberg;73110;DIMB IG Stauferland;Landkreis Göppingen;Hattenhofen;19
ca3aed7a-a80e-45ef-b257-286abf563595;Baden-Württemberg;73111;DIMB IG Stauferland;Landkreis Göppingen;Lauterstein;19
d1f81bf5-869b-4a3f-9668-4f04eb7550b2;Baden-Württemberg;73113;DIMB IG Stauferland;Landkreis Göppingen;Ottenbach;19
6dbdaf55-eb5a-4fac-82f1-b7604084521a;Baden-Württemberg;73114;DIMB IG Stauferland;Landkreis Göppingen;Schlat;19
2703ebc6-0a45-45de-866d-a43f4a16ac0b;Baden-Württemberg;73116;DIMB IG Stauferland;Landkreis Göppingen;Göppingen, Wäschenbeuren;19
105215be-0ac6-4c4d-967e-dde37e5cfca2;Baden-Württemberg;73117;DIMB IG Stauferland;Landkreis Göppingen;Wangen;19
be36a553-0720-4158-bf24-57dc2075c072;Baden-Württemberg;73119;DIMB IG Stauferland;Landkreis Göppingen;Zell unter Aichelberg;19
941503b7-1935-482e-a17c-1bebc73e065a;Baden-Württemberg;73207;DIMB IG Stauferland;Landkreis Esslingen;Plochingen;19
f2eaebd8-077b-467e-97ef-5f9214f018e6;Baden-Württemberg;73230;DIMB IG Stauferland;Landkreis Esslingen;Kirchheim unter Teck;19
b7dbc8e5-4146-461e-99b6-388c07568a45;Baden-Württemberg;73235;DIMB IG Stauferland;Landkreis Esslingen;Weilheim an der Teck;19
5c4bc352-41ae-45a5-8789-f2b0e7190c8a;Baden-Württemberg;73240;DIMB IG Stauferland;Landkreis Esslingen;Wendlingen am Neckar;19
3523842d-2d59-426e-bc67-3599c7f20cd9;Baden-Württemberg;73249;DIMB IG Stauferland;Landkreis Esslingen;Wernau (Neckar);19
63196a95-9d24-4dc9-9967-c1b1818a57ce;Baden-Württemberg;73252;DIMB IG Stauferland;Landkreis Esslingen;Lenningen;19
75c663d5-dd88-4987-bbea-a3a866a244d0;Baden-Württemberg;73257;DIMB IG Stauferland;Landkreis Esslingen;Köngen;19
5a1504c2-bb77-4fd1-838d-621086bbd83a;Baden-Württemberg;73262;DIMB IG Stauferland;Landkreis Esslingen;Reichenbach an der Fils;19
13d24151-e0f7-4030-9f81-fdb49ed1935d;Baden-Württemberg;73265;DIMB IG Stauferland;Landkreis Esslingen;Dettingen unter Teck;19
ddecefac-346f-4e3a-9242-698f1a1dd27b;Baden-Württemberg;73266;DIMB IG Stauferland;Landkreis Esslingen;Bissingen an der Teck, Lenningen;19
6eca2204-576c-48e7-824f-ee9cc597b020;Baden-Württemberg;73268;DIMB IG Stauferland;Landkreis Esslingen;Erkenbrechtsweiler;19
7d51fe33-cbdf-499d-886b-bf076ed522c8;Baden-Württemberg;73269;DIMB IG Stauferland;Landkreis Esslingen;Hochdorf;19
64f6ca9d-1dfb-4a5e-acf5-987a080aebb3;Baden-Württemberg;73271;DIMB IG Stauferland;Landkreis Esslingen;Holzmaden;19
14005dc9-d89e-4094-9ddb-e257e8823179;Baden-Württemberg;73272;DIMB IG Stauferland;Landkreis Esslingen;Neidlingen;19
5278e983-abb6-4fd7-ad0f-e1373403fad9;Baden-Württemberg;73274;DIMB IG Stauferland;Landkreis Esslingen;Notzingen;19
26a864da-bbf0-4cc9-ba08-3ae6eeca387a;Baden-Württemberg;73275;DIMB IG Stauferland;Landkreis Esslingen;Ohmden;19
f4e0da1d-b33f-45d7-956c-d014f9e5e84a;Baden-Württemberg;73277;DIMB IG Stauferland;Landkreis Esslingen;Owen;19
5adbb4fa-1ca2-4a8f-a0cc-0c50bf018083;Baden-Württemberg;73278;DIMB IG Stauferland;Landkreis Göppingen;Schlierbach;19
89a19f5f-9376-4c0f-9b7d-cfb2fb40c65c;Baden-Württemberg;73312;DIMB IG Stauferland;Landkreis Göppingen;Bad Ditzenbach, Deggingen, Geislingen an der Steige;19
2b99b61e-2b21-4033-a416-d7b32fd01d0c;Baden-Württemberg;73326;DIMB IG Stauferland;Landkreis Göppingen;Deggingen;19
69530809-be88-4dce-8333-edf1d5074fc5;Baden-Württemberg;73329;DIMB IG Stauferland;Landkreis Göppingen;Kuchen;19
c19c00f8-8445-404f-a339-7100c096cb3a;Baden-Württemberg;73333;DIMB IG Stauferland;Landkreis Göppingen;Gingen an der Fils;19
66976d68-9d10-4ebb-a218-15270e761d04;Baden-Württemberg;73337;DIMB IG Stauferland;Landkreis Göppingen;Bad Überkingen;19
96b520a0-5f06-4535-b172-7254c3451c3b;Baden-Württemberg;73340;DIMB IG Alb-Donau-Iller;Alb-Donau-Kreis;Amstetten;97
38b31b8c-822d-411a-b393-87419d061d12;Baden-Württemberg;73342;DIMB IG Stauferland;Landkreis Göppingen;Bad Ditzenbach;19
4bbf5517-423c-4374-917d-30642c3babbd;Baden-Württemberg;73344;DIMB IG Stauferland;Landkreis Göppingen;Gruibingen;19
34c4ff8b-0c21-4032-a300-25338daccdda;Baden-Württemberg;73345;DIMB IG Stauferland;Landkreis Göppingen;Bad Ditzenbach, Drackenstein, Hohenstadt;19
e8cb1a42-e9a5-4daa-a2a6-9f53b0941ecf;Baden-Württemberg;73347;DIMB IG Stauferland;Landkreis Göppingen;Mühlhausen im Täle;19
c577a74e-9ffc-413d-aab3-81fc19891538;Baden-Württemberg;73349;DIMB IG Stauferland;Landkreis Göppingen;Wiesensteig;19
7a5a82ee-4e88-42f0-b04a-2c585b0400a7;Baden-Württemberg;73430;DIMB IG Ostwürttemberg;Ostalbkreis;Aalen;25
222d4366-6628-48b7-8e30-f645a11ef99c;Baden-Württemberg;73431;DIMB IG Ostwürttemberg;Ostalbkreis;Aalen;25
6ed13e68-c693-4d3a-b282-d020e293d42f;Baden-Württemberg;73432;DIMB IG Ostwürttemberg;Ostalbkreis;"Aalen (inkl. ""Weißer Fleck"")";25
3170efde-3098-4440-8b31-666b454c75b2;Baden-Württemberg;73433;DIMB IG Ostwürttemberg;Ostalbkreis;Aalen;25
5597a626-f8e9-4a48-a71e-6122ded1e629;Baden-Württemberg;73434;DIMB IG Ostwürttemberg;Ostalbkreis;Aalen, Hüttlingen;25
92c2e305-b19a-4158-93a5-a1be0952078b;Baden-Württemberg;73441;DIMB IG Ostwürttemberg;Ostalbkreis;Bopfingen;25
750f6a90-efae-48c5-bd53-e1a5b1bf35e0;Baden-Württemberg;73447;DIMB IG Ostwürttemberg;Ostalbkreis;Oberkochen;25
ac1512a6-c7f3-4fcb-ae26-6d26e7348f8a;Baden-Württemberg;73450;DIMB IG Ostwürttemberg;Ostalbkreis;Neresheim;25
45af0f0b-d96a-4e13-8be3-f0d0a1c61bb7;Baden-Württemberg;73453;DIMB IG Ostwürttemberg;Ostalbkreis;Abtsgmünd, Hüttlingen;25
17f36c35-009f-497d-bb4d-8f3d767f960d;Baden-Württemberg;73457;DIMB IG Ostwürttemberg;Ostalbkreis;Essingen;25
e5423095-6643-4459-ac00-3cec8f6f675f;Baden-Württemberg;73460;DIMB IG Ostwürttemberg;Ostalbkreis;Hüttlingen;25
2d627252-5a60-4053-b50f-7d6e70834361;Baden-Württemberg;73463;DIMB IG Ostwürttemberg;Ostalbkreis;Westhausen;25
0281f46d-f1d3-42c4-9ec8-231ceea9be23;Baden-Württemberg;73466;DIMB IG Ostwürttemberg;Ostalbkreis;Lauchheim;25
fbef5d1e-034f-49b4-97de-6d1736644628;Baden-Württemberg;73467;DIMB IG Ostwürttemberg;Ostalbkreis;Kirchheim am Ries;25
a40c8db1-8487-4f71-a775-ca9d64d7dc44;Baden-Württemberg;73469;DIMB IG Ostwürttemberg;Ostalbkreis;Riesbürg;25
986175ee-0c53-4542-95b9-12c3513f3be0;Baden-Württemberg;73479;DIMB IG Ostwürttemberg;Ostalbkreis;Ellwangen (Jagst);25
d081ebf7-4eaa-4ae6-aa3a-b7a6f79437d1;Baden-Württemberg;73485;DIMB IG Ostwürttemberg;Ostalbkreis;Unterschneidheim;25
2e1ae87d-95e3-41d3-aab7-3ca6c0c8d80b;Baden-Württemberg;73486;DIMB IG Ostwürttemberg;Ostalbkreis;Adelmannsfelden;25
fd42a915-067f-4a6b-863f-957436d67ec1;Baden-Württemberg;73488;DIMB IG Ostwürttemberg;Ostalbkreis;Ellenberg;25
a2c78e4d-dfe8-4fdb-afb1-a51db0dd5e9f;Baden-Württemberg;73489;DIMB IG Ostwürttemberg;Ostalbkreis;Jagstzell;25
08a69012-dcd4-4420-8a0b-d72e399c18e7;Baden-Württemberg;73491;DIMB IG Ostwürttemberg;Ostalbkreis;Neuler;25
c450566c-a88e-4cf6-9522-188a72811af3;Baden-Württemberg;73492;DIMB IG Ostwürttemberg;Ostalbkreis;Rainau;25
b0805a2b-e68e-4788-98e1-dc67d0d3a9a5;Baden-Württemberg;73494;DIMB IG Ostwürttemberg;Ostalbkreis;Rosenberg;25
74f1e581-7b0e-440c-ae4a-a49a39b069cb;Baden-Württemberg;73495;DIMB IG Ostwürttemberg;Ostalbkreis;Stödtlen;25
60061a1f-0a0b-4b8a-bd19-34b0beb86874;Baden-Württemberg;73497;DIMB IG Ostwürttemberg;Ostalbkreis;Tannhausen;25
84410785-916a-4cea-aae2-a245eb542ac2;Baden-Württemberg;73499;DIMB IG Ostwürttemberg;Ostalbkreis;Wört;25
de6bd449-bb8d-4928-aaea-7ad3436b7005;Baden-Württemberg;73525;DIMB IG Stauferland;Ostalbkreis;Schwäbisch Gmünd;19
fc3dbec6-89e2-4ed0-a2d4-8394e07b8763;Baden-Württemberg;73527;DIMB IG Stauferland;Ostalbkreis;Schwäbisch Gmünd, Täferrot;19
100c7977-1944-4dd2-9918-d0e4c29a2166;Baden-Württemberg;73529;DIMB IG Stauferland;Ostalbkreis;Schwäbisch Gmünd, Ottenbach;19
e5446f01-3895-4ebd-961e-0395fe4b54aa;Baden-Württemberg;73540;DIMB IG Stauferland;Ostalbkreis;Heubach;19
0d45c24f-77ec-46b7-82c4-57e5e4b5fe40;Baden-Württemberg;73547;DIMB IG Stauferland;Ostalbkreis;Lorch, Wäschenbeuren;19
ce2b8441-55ff-4915-ba1d-58193503a45c;Baden-Württemberg;73550;DIMB IG Stauferland;Ostalbkreis;Schwäbisch Gmünd, Waldstetten;19
d59153d4-7801-407d-b22f-ce2fb549f13d;Baden-Württemberg;73553;DIMB IG Rems-Murr;Rems-Murr-Kreis;Alfdorf, Kaisersbach, Welzheim, Schwäbisch Gmünd;68
8ae7d2ef-a426-4ff0-8830-37440fe22e92;Baden-Württemberg;73557;DIMB IG Stauferland;Ostalbkreis;Mutlangen;19
bc5d849a-5bc2-4c64-9070-5d5584248349;Baden-Württemberg;73560;DIMB IG Stauferland;Ostalbkreis;Böbingen an der Rems;19
1fcd3b30-4b7f-41a8-bb57-a16301b0aa1c;Baden-Württemberg;73563;DIMB IG Stauferland;Ostalbkreis;Essingen, Mögglingen;19
70e56211-4148-438d-a042-85ff7a334440;Baden-Württemberg;73565;DIMB IG Stauferland;Ostalbkreis;Spraitbach;19
e8eee1fa-8e63-40bb-92de-26eadba54bb4;Baden-Württemberg;73566;DIMB IG Stauferland;Ostalbkreis;Essingen, Bartholomä, Steinheim am Albuch;19
01f04369-37ab-46a8-9956-21e945da0f1b;Baden-Württemberg;73568;DIMB IG Stauferland;Ostalbkreis;Durlangen, Spraitbach;19
7bc65451-8093-4437-adbe-9b94678d5f42;Baden-Württemberg;73569;DIMB IG Stauferland;Ostalbkreis;Eschach, Obergröningen;19
f1ef4c54-3ebe-4610-b8b1-801baacd72ec;Baden-Württemberg;73571;DIMB IG Stauferland;Ostalbkreis;Göggingen;19
3989f09b-1ff2-466b-af88-7ac342ffe2fc;Baden-Württemberg;73572;DIMB IG Stauferland;Ostalbkreis;Heuchlingen;19
0afb3c8d-6f0b-4a9f-9da2-416952ed68d5;Baden-Württemberg;73574;DIMB IG Stauferland;Ostalbkreis;Eigingen;19
fed11031-f9c1-4291-bb6b-406b2394ad66;Baden-Württemberg;73575;DIMB IG Stauferland;Ostalbkreis;Leinzell;19
f6601257-9a9e-4978-8daf-e8254629a904;Baden-Württemberg;73577;DIMB IG Stauferland;Ostalbkreis;Spraitbach, Ruppertshofen;19
f79f770c-965a-4c77-8d22-ee0ec2293793;Baden-Württemberg;73579;DIMB IG Stauferland;Ostalbkreis;Schechingen;19
5c178125-adca-4cb9-a4da-b7d22c808b85;Baden-Württemberg;73614;DIMB IG Rems-Murr;Rems-Murr-Kreis;Schorndorf;68
3493c342-5d7a-4c29-a1f7-c1d1389be7f5;Baden-Württemberg;73630;DIMB IG Rems-Murr;Rems-Murr-Kreis;Remshalden;68
706fdafe-25cc-4b68-9787-1fc1605bc5b3;Baden-Württemberg;73635;DIMB IG Rems-Murr;Rems-Murr-Kreis;Rudersberg, Welzheim;68
eb446536-8ded-40fb-abca-c1ea82cbe238;Baden-Württemberg;73642;DIMB IG Rems-Murr;Rems-Murr-Kreis;Kaisersbach, Plüderhausen, Welzheim;68
ba0c9a54-22bc-46d5-8092-67dafa8ad806;Baden-Württemberg;73650;DIMB IG Rems-Murr;Rems-Murr-Kreis;Winterbach;68
862fe006-017d-4102-af9c-787f8373ada3;Baden-Württemberg;73655;DIMB IG Rems-Murr;Rems-Murr-Kreis;Alfdorf, Plüderhausen, Urbach;68
c887c673-2c23-4c64-a129-3d65bb019a56;Baden-Württemberg;73660;DIMB IG Rems-Murr;Rems-Murr-Kreis;Urbach;68
d83bfba2-9edf-405d-9e6c-ab9d87afecc8;Baden-Württemberg;73663;DIMB IG Rems-Murr;Rems-Murr-Kreis;Berglen;68
b8d649c1-f052-44d5-84a7-363304f4ba22;Baden-Württemberg;73666;DIMB IG Stauferland;Landkreis Esslingen;Baltmannsweiler;19
6be60e77-8417-4987-a46d-92f3a95ef0cc;Baden-Württemberg;73667;DIMB IG Rems-Murr;Rems-Murr-Kreis;Kaisersbach, Welzheim;68
e7307c65-114e-4af8-8e79-888130dc79b1;Baden-Württemberg;73669;DIMB IG Stauferland;Landkreis Esslingen;Lichtenwald;19
bcd38f01-85b0-47b8-acc9-f6971071930b;Baden-Württemberg;73728;DIMB IG Stauferland;Landkreis Esslingen;Esslingen am Neckar;19
2737ec3b-aa69-4cc4-8fc6-5839a0999a4d;Baden-Württemberg;73730;DIMB IG Stauferland;Landkreis Esslingen;Esslingen am Neckar;19
0f46f1c6-c965-4d8f-8152-d43366c38235;Baden-Württemberg;73732;DIMB IG Stauferland;Landkreis Esslingen;Esslingen am Neckar;19
79fda237-54f0-47e0-9b7d-815b0ad73029;Baden-Württemberg;73733;DIMB IG Stauferland;Landkreis Esslingen;Esslingen am Neckar;19
21d7fa57-3c57-4d72-a0a7-85a160ead3b1;Baden-Württemberg;73734;DIMB IG Stauferland;Landkreis Esslingen;Esslingen am Neckar;19
0466eda6-6b75-4bce-b084-ed58b43de0ff;Baden-Württemberg;73760;DIMB IG Stauferland;Landkreis Esslingen;Ostfildern;19
bdfe5c95-54a2-43aa-8440-0c6f1af7832b;Baden-Württemberg;73765;DIMB IG Stauferland;Landkreis Esslingen;Neuhausen auf den Fildern;19
0503a0d1-3b1d-4016-a3df-ef80ee704f6d;Baden-Württemberg;73770;DIMB IG Stauferland;Landkreis Esslingen;Denkendorf;19
71c23bdc-0bf5-49f6-a321-c2bf2a39c8a5;Baden-Württemberg;73773;DIMB IG Stauferland;Landkreis Esslingen;Aichwald;19
6c568134-6b6e-447c-a9b0-61edc46de3f4;Baden-Württemberg;73776;DIMB IG Stauferland;Landkreis Esslingen;Altbach;19
3fffe110-75b2-4d87-83f5-bbb9bbeaee2c;Baden-Württemberg;73779;DIMB IG Stauferland;Landkreis Esslingen;Deizisau;19
354593ad-6a92-40fd-a353-22982412ef01;Baden-Württemberg;74072;DIMB IG Stuttgart;Heilbronn;Heilbronn;20
3bceff83-0412-42fd-872c-f0bbc6d952f5;Baden-Württemberg;74074;DIMB IG Stuttgart;Heilbronn;Heilbronn;20
4eb6d5e6-7c8d-41f6-a97c-5f4f18907047;Baden-Württemberg;74076;DIMB IG Stuttgart;Heilbronn;Heilbronn;20
fc5c7f79-81e3-476e-965c-c67574cb73eb;Baden-Württemberg;74078;DIMB IG Stuttgart;Heilbronn;Heilbronn;20
3ca9436c-48ea-416e-8f33-5d6ce3dd59c2;Baden-Württemberg;74080;DIMB IG Stuttgart;Heilbronn;Heilbronn;20
d2eed4bc-a247-4f41-8def-e3db92589eeb;Baden-Württemberg;74081;DIMB IG Stuttgart;Heilbronn;Heilbronn;20
b5ae8536-320b-484e-9aba-8b460d6f8612;Baden-Württemberg;74172;DIMB IG Stuttgart;Landkreis Heilbronn;Neckarsulm;20
fa584567-aca3-42dd-98ae-0319a1dd03f8;Baden-Württemberg;74177;DIMB IG Stuttgart;Landkreis Heilbronn;Bad Friedrichshall;20
1116482f-d38e-413d-be98-4e6fbf71bc7f;Baden-Württemberg;74182;DIMB IG Stuttgart;Landkreis Heilbronn;Obersulm;20
6a985ede-af1f-40ae-95d4-5bede589906b;Baden-Württemberg;74189;DIMB IG Stuttgart;Landkreis Heilbronn;Weinsberg;20
ad61511f-b8c4-499d-97e5-7e12a334fe27;Baden-Württemberg;74193;DIMB IG Stuttgart;Landkreis Heilbronn;Schwaigern;20
a919e8f2-6a16-4da4-ad88-549d4ec5b19e;Baden-Württemberg;74196;DIMB IG Stuttgart;Landkreis Heilbronn;Neuenstadt am Kocher;20
74f5e6ab-20c1-4dd2-b2c9-7af24feb6c17;Baden-Württemberg;74199;DIMB IG Stuttgart;Landkreis Heilbronn;Untergruppenbach;20
2370969a-b769-4916-81a4-943563580347;Baden-Württemberg;74206;DIMB IG Stuttgart;Landkreis Heilbronn;Bad Wimpfen;20
72f81d03-1833-4ee6-bd9b-4e47521babc1;Baden-Württemberg;74211;DIMB IG Stuttgart;Landkreis Heilbronn;Leingarten;20
e7944ee0-d472-4db8-b4ea-630c7de2c553;Baden-Württemberg;74214;DIMB IG Hohenlohe;Hohenlohekreis;Schöntal;78
77798c5f-c1e8-44c6-8e61-2b85d3d82863;Baden-Württemberg;74219;DIMB IG Stuttgart;Landkreis Heilbronn;Möckmühl;20
33b0d61b-29f0-4f24-986b-74e7ec37b480;Baden-Württemberg;74223;DIMB IG Stuttgart;Landkreis Heilbronn;Flein;20
ee43d3ae-cd4f-4009-bb25-165605f95542;Baden-Württemberg;74226;DIMB IG Stuttgart;Landkreis Heilbronn;Nordheim;20
e2cae7ec-7f62-4fbf-a75d-18dda0a4c1f5;Baden-Württemberg;74229;DIMB IG Stuttgart;Landkreis Heilbronn;Oedheim;20
5916a1ff-27b7-4c2d-b09b-153364fceece;Baden-Württemberg;74232;DIMB IG Stuttgart;Landkreis Heilbronn;Abstatt;20
f5fbb386-637a-4bd5-8515-ae6006d9570a;Baden-Württemberg;74235;DIMB IG Stuttgart;Landkreis Heilbronn;Erlenbach;20
c354c59c-26ae-4c36-85bb-3cb68ccca22c;Baden-Württemberg;74238;DIMB IG Hohenlohe;Hohenlohekreis;Krautheim;78
a2977535-57b0-4169-8eb9-5d90fdffc8ea;Baden-Württemberg;74239;DIMB IG Stuttgart;Landkreis Heilbronn;Hardthausen am Kocher;20
4943a921-3767-4f11-9900-b39ca38194a7;Baden-Württemberg;74243;DIMB IG Stuttgart;Landkreis Heilbronn;Langenbrettach;20
99b633b2-0a45-4fb2-a747-005873aa4503;Baden-Württemberg;74245;DIMB IG Stuttgart;Landkreis Heilbronn;Löwenstein;20
b8026f25-ca23-4785-8968-b1070d977b86;Baden-Württemberg;74246;DIMB IG Stuttgart;Landkreis Heilbronn;Eberstadt;20
b7258a27-1834-47a3-ad43-938e8dd777d7;Baden-Württemberg;74248;DIMB IG Stuttgart;Landkreis Heilbronn;Ellhofen;20
dffe62fe-25e0-46d8-826c-a29c7d2db7e1;Baden-Württemberg;74249;DIMB IG Stuttgart;Landkreis Heilbronn;Jagsthausen;20
f3cc8cca-fa88-4e91-8fc4-623857e1036e;Baden-Württemberg;74251;DIMB IG Stuttgart;Landkreis Heilbronn;Lehrensteinsfeld;20
50c14c08-057c-479b-8371-20072197040a;Baden-Württemberg;74252;DIMB IG Stuttgart;Landkreis Heilbronn;Massenbachhausen;20
d6ed4b4c-ab43-49d2-aca8-d4e05bca31fb;Baden-Württemberg;74254;DIMB IG Stuttgart;Landkreis Heilbronn;Offenau;20
4e7beef6-5442-41d0-b303-4f7abc713a45;Baden-Württemberg;74255;DIMB IG Stuttgart;Landkreis Heilbronn;Roigheim;20
4e82376f-01df-478c-ab65-4fddd5d7461a;Baden-Württemberg;74257;DIMB IG Stuttgart;Landkreis Heilbronn;Untereisesheim;20
0da246aa-7db5-4b5c-a31b-b3d67d90a07e;Baden-Württemberg;74259;DIMB IG Stuttgart;Landkreis Heilbronn;Widdern;20
873b9a00-6350-41c1-a40a-2152cacb16c9;Baden-Württemberg;74321;DIMB IG Stuttgart;Landkreis Ludwigsburg;Bietigheim-Bissingen;20
448eee92-77aa-4ecd-9710-54521ee750e2;Baden-Württemberg;74336;DIMB IG Stuttgart;Landkreis Heilbronn;Brackenheim;20
378ca696-c3be-45d9-948f-552cb708edeb;Baden-Württemberg;74343;DIMB IG Stuttgart;Landkreis Ludwigsburg;Sachsenheim;20
4f161ebd-e07e-4425-bbac-f20c3173e090;Baden-Württemberg;74348;DIMB IG Stuttgart;Landkreis Heilbronn;Lauffen am Neckar;20
c3304117-a4c2-46f4-a36d-f86ed0436959;Baden-Württemberg;74354;DIMB IG Stuttgart;Landkreis Ludwigsburg;Besigheim;20
5af3d012-817d-4506-b2c9-73dd0ccd8316;Baden-Württemberg;74357;DIMB IG Stuttgart;Landkreis Ludwigsburg;Bönnigheim;20
c137f3a6-a3b7-4553-bfa3-811d1c4ec0aa;Baden-Württemberg;74360;DIMB IG Stuttgart;Landkreis Heilbronn;Ilsfeld;20
6695307d-12e2-454f-8fa6-8f62fec63f1c;Baden-Württemberg;74363;DIMB IG Stuttgart;Landkreis Heilbronn;Güglingen;20
c43d86b5-500b-49dd-a74a-85e0e16dca45;Baden-Württemberg;74366;DIMB IG Stuttgart;Landkreis Ludwigsburg;Kirchheim am Neckar;20
a76b09c9-e13f-47e4-ada0-14f0d4d5ef7f;Baden-Württemberg;74369;DIMB IG Stuttgart;Landkreis Ludwigsburg;Löchgau;20
60e62b91-b3af-4daf-b280-3784f0803201;Baden-Württemberg;74372;DIMB IG Stuttgart;Landkreis Ludwigsburg;Sersheim;20
74bac30b-8f5c-4df5-a8aa-4f6c5cb64aab;Baden-Württemberg;74374;DIMB IG Stuttgart;Landkreis Heilbronn;Zaberfeld;20
6170b031-04ab-46d3-a628-056f4ab3cf63;Baden-Württemberg;74376;DIMB IG Stuttgart;Landkreis Ludwigsburg;Gemmrigheim;20
eccc5bf8-3a04-44f4-bd2c-751dd8d7d80a;Baden-Württemberg;74379;DIMB IG Stuttgart;Landkreis Ludwigsburg;Ingersheim;20
ff536b8a-b9d2-4427-8e86-00c800d9c370;Baden-Württemberg;74382;DIMB IG Stuttgart;Landkreis Heilbronn;Neckarwestheim;20
b9bd7bf3-1366-4533-b8e3-ab49699e7f07;Baden-Württemberg;74385;DIMB IG Stuttgart;Landkreis Ludwigsburg;Pleidelsheim;20
cbc4bd9c-41f1-4cc3-a91d-39fe00b156c9;Baden-Württemberg;74388;DIMB IG Stuttgart;Landkreis Heilbronn;Talheim;20
c2369d06-45ab-40a8-94fd-01e05f08d8d1;Baden-Württemberg;74389;DIMB IG Stuttgart;Landkreis Heilbronn;Cleebronn;20
c8f9aef1-74da-4e58-b331-d413c1d95b78;Baden-Württemberg;74391;DIMB IG Stuttgart;Landkreis Ludwigsburg;Erligheim;20
474fb8c7-7123-43a2-84ef-2c1e2abf1c2e;Baden-Württemberg;74392;DIMB IG Stuttgart;Landkreis Ludwigsburg;Freudental;20
65ef5ebe-c4eb-4335-bc42-9cc63806369f;Baden-Württemberg;74394;DIMB IG Stuttgart;Landkreis Ludwigsburg;Hessigheim;20
4f4963b7-5576-445a-b59a-028e58274ac4;Baden-Württemberg;74395;DIMB IG Stuttgart;Landkreis Ludwigsburg;Mundelsheim;20
6db53cc1-34a6-4177-a265-5fc257e1b563;Baden-Württemberg;74397;DIMB IG Stuttgart;Landkreis Heilbronn;Pfaffenhofen;20
37306804-84b6-454c-9726-8fdd82e16c68;Baden-Württemberg;74399;DIMB IG Stuttgart;Landkreis Ludwigsburg;Walheim;20
a1a2b5df-cd7b-436f-bb56-2ec2749edeca;Baden-Württemberg;74405;DIMB IG Hohenlohe;Landkreis Schwäbisch Hall;Gaildorf;78
6a8bc568-78ce-4d49-b798-d0e6d89b4e76;Baden-Württemberg;74417;DIMB IG Stauferland;Ostalbkreis;Gschwend;19
0f10ed38-c4e1-4203-94d5-e544f7033403;Baden-Württemberg;74420;DIMB IG Hohenlohe;Landkreis Schwäbisch Hall;Oberrot;78
41a38ff2-e7c1-4096-a86e-a8142b22d3fb;Baden-Württemberg;74423;DIMB IG Hohenlohe;Landkreis Schwäbisch Hall;Obersontheim;78
2e0cbce4-10c2-49bd-bd82-e31d6aa72cf3;Baden-Württemberg;74424;DIMB IG Hohenlohe;Landkreis Schwäbisch Hall;Bühlertann;78
dc3e220c-fdec-4bbd-8fc7-478027a2d28c;Baden-Württemberg;74426;DIMB IG Hohenlohe;Landkreis Schwäbisch Hall;Bühlerzell;78
f1067b0c-05aa-46d6-9f1b-3a3ad06ba3c9;Baden-Württemberg;74427;DIMB IG Hohenlohe;Landkreis Schwäbisch Hall;Fichtenberg;78
ea8a65bd-cbab-488d-956b-b1464b9565a4;Baden-Württemberg;74429;DIMB IG Hohenlohe;Landkreis Schwäbisch Hall;Sulzbach-Laufen;78
d40606d1-0c39-40e4-97fc-5b33c0bdb7f8;Baden-Württemberg;74523;DIMB IG Hohenlohe;Landkreis Schwäbisch Hall;Schwäbisch Hall;78
5ec6d7b0-9723-4a9a-b133-50710adf8a2e;Baden-Württemberg;74532;DIMB IG Hohenlohe;Landkreis Schwäbisch Hall;Ilshofen;78
70971f3e-7f1f-41b7-b2ad-ab9f3d107cba;Baden-Württemberg;74535;DIMB IG Hohenlohe;Landkreis Schwäbisch Hall;Mainhardt;78
0d21e119-712b-446f-86e3-c6002fe29b94;Baden-Württemberg;74538;DIMB IG Hohenlohe;Landkreis Schwäbisch Hall;Rosengarten;78
376e49ac-eaf1-46ac-abed-769480af5dd4;Baden-Württemberg;74541;DIMB IG Hohenlohe;Landkreis Schwäbisch Hall;Vellberg;78
9ca9c6a1-e6a0-4256-96a1-9ad2dcf85218;Baden-Württemberg;74542;DIMB IG Hohenlohe;Landkreis Schwäbisch Hall;Braunsbach;78
987ca8da-9e82-47ec-9209-da27f9b46594;Baden-Württemberg;74544;DIMB IG Hohenlohe;Landkreis Schwäbisch Hall;Michelbach an der Bilz;78
86c4b527-b6fd-496d-9996-d9e579820773;Baden-Württemberg;74545;DIMB IG Hohenlohe;Landkreis Schwäbisch Hall;Michelfeld;78
b03261f3-ee94-41ea-a2dd-10af9c274723;Baden-Württemberg;74547;DIMB IG Hohenlohe;Landkreis Schwäbisch Hall;Untermünkheim;78
133fc8a1-3bc0-41b6-b167-8ee289496e44;Baden-Württemberg;74549;DIMB IG Hohenlohe;Landkreis Schwäbisch Hall;Wolpertshausen;78
4f35d233-d409-4a25-a62a-05ffd61cc204;Baden-Württemberg;74564;DIMB IG Hohenlohe;Landkreis Schwäbisch Hall;Crailsheim;78
900be1a8-486c-45d0-bf08-f4f30b25dd7f;Baden-Württemberg;74572;DIMB IG Hohenlohe;Landkreis Schwäbisch Hall;Blaufelden;78
64b176e8-38eb-4936-b2ac-c7604d253c2f;Baden-Württemberg;74575;DIMB IG Hohenlohe;Landkreis Schwäbisch Hall;Schrozberg;78
e90df889-1d76-4c00-ac65-dadb30b5bbe1;Baden-Württemberg;74579;DIMB IG Hohenlohe;Landkreis Schwäbisch Hall;Fichtenau;78
4c53c891-8e4b-47a6-9896-b228a3b821a3;Baden-Württemberg;74582;DIMB IG Hohenlohe;Landkreis Schwäbisch Hall;Gerabronn;78
0209011b-8ded-480a-ab6d-0e0ab1046413;Baden-Württemberg;74585;DIMB IG Hohenlohe;Landkreis Schwäbisch Hall;Rot am See;78
d778cd36-871e-4c20-8595-6ab537f747c8;Baden-Württemberg;74586;DIMB IG Hohenlohe;Landkreis Schwäbisch Hall;Frankenhardt;78
fd5965ed-5065-4d93-89e8-45eb48aa024e;Baden-Württemberg;74589;DIMB IG Hohenlohe;Landkreis Schwäbisch Hall;Satteldorf;78
67d784b6-39ef-4905-af72-ad46fe65e829;Baden-Württemberg;74592;DIMB IG Hohenlohe;Landkreis Schwäbisch Hall;Kirchberg an der Jagst;78
45bcc397-40f9-49d8-b0ad-d508c8d116e2;Baden-Württemberg;74594;DIMB IG Hohenlohe;Landkreis Schwäbisch Hall;Kreßberg;78
8a704d23-e13e-4149-89f9-e7e89f6e7818;Baden-Württemberg;74595;DIMB IG Hohenlohe;Landkreis Schwäbisch Hall;Langenburg;78
7d922c27-945c-4fc7-b3c6-eacee2aeb548;Baden-Württemberg;74597;DIMB IG Hohenlohe;Landkreis Schwäbisch Hall;Crailsheim, Stimpfach;78
167be207-83f7-4c03-92a0-19ae5d8dab87;Baden-Württemberg;74599;DIMB IG Hohenlohe;Landkreis Schwäbisch Hall;Wallhausen;78
d72abe17-745a-4451-850f-58dca91ea1c3;Baden-Württemberg;74613;DIMB IG Hohenlohe;Hohenlohekreis;Öhringen;78
2e5d670b-c0c6-4c26-976c-6c1446f59b48;Baden-Württemberg;74626;DIMB IG Hohenlohe;Hohenlohekreis;Bretzfeld;78
6e439233-ccc9-4737-85ea-56060922ce90;Baden-Württemberg;74629;DIMB IG Hohenlohe;Hohenlohekreis;Pfedelbach;78
30a80b36-ea25-4ed6-91ae-bf28eec6579f;Baden-Württemberg;74632;DIMB IG Hohenlohe;Hohenlohekreis;Neuenstein;78
72e6cdce-c9fb-4143-87d0-efb916fa69ed;Baden-Württemberg;74635;DIMB IG Hohenlohe;Hohenlohekreis;Kupferzell;78
7edb48df-bafd-4f78-99b2-aaa71299ad72;Baden-Württemberg;74638;DIMB IG Hohenlohe;Hohenlohekreis;Waldenburg;78
dd5ea3ce-a396-4969-8d1a-49ef666b22bf;Baden-Württemberg;74639;DIMB IG Hohenlohe;Hohenlohekreis;Zweiflingen;78
a9221118-b0d9-4c67-975a-1808649eb91c;Baden-Württemberg;74653;DIMB IG Hohenlohe;Hohenlohekreis;Ingelfingen, Künzelsau;78
c431d854-8d90-4f2d-9f51-c14fe1da7a1e;Baden-Württemberg;74670;DIMB IG Hohenlohe;Hohenlohekreis;Forchtenberg;78
4d7e3cdd-fd0b-4486-afbd-91e8c1fee0b3;Baden-Württemberg;74673;DIMB IG Hohenlohe;Hohenlohekreis;Mulfingen;78
dd1f6506-43e9-4a70-b8c2-f37515b99d12;Baden-Württemberg;74676;DIMB IG Hohenlohe;Hohenlohekreis;Niedernhall;78
d8b3a47f-7030-4a2f-b347-613675f833d7;Baden-Württemberg;74677;DIMB IG Hohenlohe;Hohenlohekreis;Dörzbach;78
9515f44c-0a52-414d-bca4-6dd222ad0700;Baden-Württemberg;74679;DIMB IG Hohenlohe;Hohenlohekreis;Weißbach;78
6ca22657-eea9-4646-bdc2-c0b9594db21a;Baden-Württemberg;74706;DIMB IG Odenwald;Neckar-Odenwald-Kreis;Osterburken;11
2eaa83c8-c7cd-4a7c-a398-7e5623c759ee;Baden-Württemberg;74722;DIMB IG Odenwald;Neckar-Odenwald-Kreis;Buchen (Odenwald);11
f92b0592-91e2-4d61-94d2-f823502a6c34;Baden-Württemberg;74731;DIMB IG Odenwald;Neckar-Odenwald-Kreis;Walldürn;11
29153835-ae48-45d1-b64e-5f31125034e7;Baden-Württemberg;74736;DIMB IG Odenwald;Neckar-Odenwald-Kreis;Hardheim;11
7ae62360-db56-4e9b-b8c0-82955416b1b0;Baden-Württemberg;74740;DIMB IG Odenwald;Neckar-Odenwald-Kreis;Adelsheim;11
e405dab0-a60b-4f79-b4cb-4db2203df314;Baden-Württemberg;74743;DIMB IG Odenwald;Neckar-Odenwald-Kreis;Seckach;11
5e9e7ebb-01fe-4d67-9bde-df56ea8ff1f3;Baden-Württemberg;74746;DIMB IG Odenwald;Neckar-Odenwald-Kreis;Höpfingen;11
524e5ff8-180a-42d3-b526-49eec707e904;Baden-Württemberg;74747;DIMB IG Odenwald;Neckar-Odenwald-Kreis;Ravenstein;11
bf91ad96-69af-4006-9a12-fbccdef4fcb5;Baden-Württemberg;74749;DIMB IG Odenwald;Neckar-Odenwald-Kreis;Rosenberg;11
cd7a11d1-a8f9-46a9-8d49-6fe02edeb1aa;Baden-Württemberg;74821;DIMB IG Odenwald;Neckar-Odenwald-Kreis;Mosbach;11
5145f1eb-2e83-422f-9f78-a92b1fb63627;Baden-Württemberg;74834;DIMB IG Odenwald;Neckar-Odenwald-Kreis;Elztal;11
8ac4766f-ee9c-4000-8070-2ab50facbf5b;Baden-Württemberg;74838;DIMB IG Odenwald;Neckar-Odenwald-Kreis;Limbach;11
cae59003-5fa7-4e40-a5b3-115a217444ad;Baden-Württemberg;74842;DIMB IG Odenwald;Neckar-Odenwald-Kreis;Billigheim;11
371519ca-c1fc-4f20-920f-9fbd300e616e;Baden-Württemberg;74847;DIMB IG Odenwald;Neckar-Odenwald-Kreis;Obrigheim;11
44baf1c2-99c6-4ca4-aa91-96b42d1d9507;Baden-Württemberg;74850;DIMB IG Odenwald;Neckar-Odenwald-Kreis;Schefflenz;11
7c7e137d-54be-4dd2-976e-63735b3bc9af;Baden-Württemberg;74855;DIMB IG Odenwald;Neckar-Odenwald-Kreis;Haßmersheim;11
5ae22c3e-a551-4960-bbf0-0394418af090;Baden-Württemberg;74858;DIMB IG Odenwald;Neckar-Odenwald-Kreis;Aglasterhausen;11
9c1e3b73-51e4-4034-946e-eaff44db312d;Baden-Württemberg;74862;DIMB IG Odenwald;Neckar-Odenwald-Kreis;Binau;11
aa442f89-1d4b-46e7-b1d4-e6768b2b5e72;Baden-Württemberg;74864;DIMB IG Odenwald;Neckar-Odenwald-Kreis;Fahrenbach;11
4ff20b13-3958-45f1-b90c-376bde708ee6;Baden-Württemberg;74865;DIMB IG Odenwald;Neckar-Odenwald-Kreis;Neckarzimmern;11
be506112-cbe1-4631-9e94-c48e55ea400d;Baden-Württemberg;74867;DIMB IG Odenwald;Neckar-Odenwald-Kreis;Neunkirchen;11
f2c39765-dc5d-46a1-a53e-80854be7d210;Baden-Württemberg;74869;DIMB IG Odenwald;Neckar-Odenwald-Kreis;Schwarzach;11
b8b643d8-28bc-43a4-97a1-e80de2bef785;Baden-Württemberg;74889;DIMB IG Odenwald;Rhein-Neckar-Kreis;Sinsheim;11
12921804-2ba8-421a-ad78-e2647af20f48;Baden-Württemberg;74909;DIMB IG Odenwald;Rhein-Neckar-Kreis;Meckesheim;11
fae7d4cc-8366-476f-a9c2-ba353b693b38;Baden-Württemberg;74915;DIMB IG Odenwald;Rhein-Neckar-Kreis;Waibstadt;11
5f1d319a-0751-4f3d-9699-15f7cfa5c877;Baden-Württemberg;74918;DIMB IG Odenwald;Rhein-Neckar-Kreis;Angelbachtal;11
584791c8-d534-4805-9a4c-a3596cf03a6e;Baden-Württemberg;74921;DIMB IG Odenwald;Rhein-Neckar-Kreis;Helmstadt-Bargen;11
85e3d1d9-6bab-46de-a81b-a15d58a666d1;Baden-Württemberg;74924;DIMB IG Odenwald;Rhein-Neckar-Kreis;Neckarbischofsheim;11
5d5d4451-b39c-4301-9bff-6325de146a94;Baden-Württemberg;74925;DIMB IG Odenwald;Rhein-Neckar-Kreis;Epfenbach;11
19e5aa7c-bde8-4ac5-8d58-b76393d0c578;Baden-Württemberg;74927;DIMB IG Odenwald;Rhein-Neckar-Kreis;Eschelbronn;11
468d6043-b465-4d4a-8b80-8d3fa09479fd;Baden-Württemberg;74928;DIMB IG Odenwald;Neckar-Odenwald-Kreis;Hüffenhardt;11
9efc0486-6f7e-4ebd-8336-fa3c25ce2443;Baden-Württemberg;74931;DIMB IG Odenwald;Rhein-Neckar-Kreis;Lobbach;11
4508d6f7-8b82-429d-92a5-72d78dae00c1;Baden-Württemberg;74933;DIMB IG Odenwald;Rhein-Neckar-Kreis;Neidenstein;11
97ac4269-c5f8-4c59-9b2c-6598f1114b6a;Baden-Württemberg;74934;DIMB IG Odenwald;Rhein-Neckar-Kreis;Reichartshausen;11
41c1588c-4a32-48d3-8538-538aaec4e141;Baden-Württemberg;74937;DIMB IG Odenwald;Rhein-Neckar-Kreis;Spechbach;11
46b6a884-9442-4c84-81b5-0c6e8c15710d;Baden-Württemberg;74939;DIMB IG Odenwald;Rhein-Neckar-Kreis;Zuzenhausen;11
407ee545-12fc-4b60-9379-b9c834eb4bd9;Baden-Württemberg;75015;DIMB IG Nordschwarzwald;Landkreis Karlsruhe;Bretten;9
ec653240-c59d-4e7e-8b6e-3eb6674844c5;Baden-Württemberg;75031;DIMB IG Nordschwarzwald;Landkreis Heilbronn;Eppingen;9
4ce642d7-ead5-4403-ae35-602e7d9de9d5;Baden-Württemberg;75038;DIMB IG Nordschwarzwald;Landkreis Karlsruhe;Oberderdingen;9
1bc18c6e-16ac-4ed3-90b4-fa0c76d63507;Baden-Württemberg;75045;DIMB IG Nordschwarzwald;Landkreis Karlsruhe;Walzbachtal;9
f8997028-4761-4051-a5cc-9bf69a365f5c;Baden-Württemberg;75050;DIMB IG Nordschwarzwald;Landkreis Heilbronn;Gemmingen;9
049f4afb-e94f-4d71-9947-4fa878f9c397;Baden-Württemberg;75053;DIMB IG Nordschwarzwald;Landkreis Karlsruhe;Gondelsheim;9
15cb83d6-d7b6-4e5f-a08f-eccea608ad37;Baden-Württemberg;75056;DIMB IG Nordschwarzwald;Landkreis Karlsruhe;Sulzfeld;9
15614223-bda8-47fb-947e-5c28a03501c0;Baden-Württemberg;75057;DIMB IG Nordschwarzwald;Landkreis Karlsruhe;Kürnbach;9
ce23ad83-1aa7-4a1e-a6ee-2f9d86560244;Baden-Württemberg;75059;DIMB IG Nordschwarzwald;Landkreis Karlsruhe;Zaisenhausen;9
289cefa6-fc0c-4302-9ea9-6a512f2f5739;Baden-Württemberg;75172;DIMB IG Nordschwarzwald;Pforzheim;Pforzheim;9
ace5baee-4b6f-4439-be49-cdbc35a40eb6;Baden-Württemberg;75173;DIMB IG Nordschwarzwald;Pforzheim;Pforzheim;9
05da4f63-e3be-49a4-90eb-bb8524673bd3;Baden-Württemberg;75175;DIMB IG Nordschwarzwald;Pforzheim;Pforzheim;9
837c9f3f-fe0a-4033-9065-a17504d2320c;Baden-Württemberg;75177;DIMB IG Nordschwarzwald;Pforzheim;Pforzheim;9
160a6330-3d19-4dfd-86a1-7bf0fcb379b4;Baden-Württemberg;75179;DIMB IG Nordschwarzwald;Pforzheim;Pforzheim;9
1efadd66-7bcb-40a0-b7d8-709cd8d7f05b;Baden-Württemberg;75180;DIMB IG Nordschwarzwald;Pforzheim;Pforzheim;9
56a74dba-fd25-4800-8722-e72696074ba3;Baden-Württemberg;75181;DIMB IG Nordschwarzwald;Pforzheim;Pforzheim;9
1d7603a8-13d4-4c36-89d7-f60b6b179e18;Baden-Württemberg;75196;DIMB IG Nordschwarzwald;Enzkreis;Remchingen;9
c8dbb493-a37f-499c-822a-e8c7baebeb63;Baden-Württemberg;75203;DIMB IG Nordschwarzwald;Enzkreis;Königsbach-Stein;9
ca927718-ed28-4e6b-ae03-d16b8d5cd0ff;Baden-Württemberg;75210;DIMB IG Nordschwarzwald;Enzkreis;Keltern;9
3eeafe4b-30cb-4f12-a043-c74a9aff4646;Baden-Württemberg;75217;DIMB IG Nordschwarzwald;Enzkreis;Birkenfeld;9
355bb39c-fcc0-43c0-9cee-8bc73a91aa85;Baden-Württemberg;75223;DIMB IG Nordschwarzwald;Enzkreis;Niefern-Öschelbronn;9
531b1b14-1b5a-4a09-a90f-726c004363e3;Baden-Württemberg;75228;DIMB IG Nordschwarzwald;Enzkreis;Ispringen;9
57f86ec4-aaf2-4152-b9a1-f94041d79bce;Baden-Württemberg;75233;DIMB IG Nordschwarzwald;Enzkreis;Tiefenbronn;9
d654ca9f-0f52-40cc-81b0-cd8d2a3124b4;Baden-Württemberg;75236;DIMB IG Nordschwarzwald;Enzkreis;Kämpfelbach;9
ed7ed7a5-7231-4fca-bf8b-32bf597740fa;Baden-Württemberg;75239;DIMB IG Nordschwarzwald;Enzkreis;Eisingen;9
3378e91f-2dc7-45f4-b6aa-ff0abe5d8ef1;Baden-Württemberg;75242;DIMB IG Nordschwarzwald;Enzkreis;Neuhausen;9
1e623c00-d8a0-42b0-9075-b9a45a9dacb6;Baden-Württemberg;75245;DIMB IG Nordschwarzwald;Enzkreis;Neulingen;9
43df3fbd-d78f-47fd-9617-7b7b35a2e4ec;Baden-Württemberg;75248;DIMB IG Nordschwarzwald;Enzkreis;Ölbronn-Dürrn;9
61e38a47-be17-417b-8378-78b0d9560b41;Baden-Württemberg;75249;DIMB IG Nordschwarzwald;Enzkreis;Kieselbronn;9
41ae6260-a58a-4689-8932-99038235883f;Baden-Württemberg;75305;DIMB IG Nordschwarzwald;Enzkreis;Neuenbürg;9
6150e438-3ae6-4623-a1be-eb3742d97717;Baden-Württemberg;75323;DIMB IG Nordschwarzwald;Landkreis Calw;Bad Wildbad;9
60d6341a-d51a-4627-a430-0e822187f5f1;Baden-Württemberg;75328;DIMB IG Nordschwarzwald;Landkreis Calw;Schömberg;9
b06d396d-a4fd-408c-9627-8084d5b0175c;Baden-Württemberg;75331;DIMB IG Nordschwarzwald;Enzkreis;Engelsbrand;9
64bb9fbe-1f42-4dd6-98d7-7a20f19cf20f;Baden-Württemberg;75334;DIMB IG Nordschwarzwald;Enzkreis;Straubenhardt;9
6cf59e4e-d802-4967-8ec1-7d21384c04cb;Baden-Württemberg;75335;DIMB IG Nordschwarzwald;Landkreis Calw;Dobel;9
8b6e4650-7ff1-475a-b01b-7620a3f8b939;Baden-Württemberg;75337;DIMB IG Nordschwarzwald;Landkreis Calw;Enzklösterle;9
3458cf84-e121-447b-ae54-1bda1b370e85;Baden-Württemberg;75339;DIMB IG Nordschwarzwald;Landkreis Calw;Höfen an der Enz;9
c11b2ce4-28b0-4e4a-a006-da352054dd7c;Baden-Württemberg;75365;DIMB IG Nordschwarzwald;Landkreis Calw;Calw;9
670f5b10-d8ee-4a34-bd73-4cc0bb75ab52;Baden-Württemberg;75378;DIMB IG Nordschwarzwald;Landkreis Calw;Bad Liebenzell;9
df43ecfb-1c55-4f8d-977f-31159ddf076a;Baden-Württemberg;75382;DIMB IG Nordschwarzwald;Landkreis Calw;Althengstett;9
784f98b7-d5ba-4384-a767-0d5fa2c047b4;Baden-Württemberg;75385;DIMB IG Nordschwarzwald;Landkreis Calw;Bad Teinach-Zavelstein, Neubulach;9
b8353c7c-f2c3-4e24-8acc-45d7df3e1a94;Baden-Württemberg;75387;DIMB IG Nordschwarzwald;Landkreis Calw;Neubulach;9
6ef474c2-f4a2-4bb6-92ae-07aa6251c21c;Baden-Württemberg;75389;DIMB IG Nordschwarzwald;Landkreis Calw;Neuweiler;9
a5c7e6d2-f1a4-40ba-a00a-cc43efbfc54a;Baden-Württemberg;75391;DIMB IG Nordschwarzwald;Landkreis Calw;Gechingen;9
00b49f2c-ce2d-4691-a32f-4ef3b75265bd;Baden-Württemberg;75392;DIMB IG Schwarzwald Mitte;Landkreis Böblingen;Deckenpfronn;58
9437e7aa-b551-4d2a-8584-358b037261ed;Baden-Württemberg;75394;DIMB IG Nordschwarzwald;Landkreis Calw;Oberreichenbach;9
dec84079-afdb-4325-a29b-7e85c083c3fe;Baden-Württemberg;75395;DIMB IG Nordschwarzwald;Landkreis Calw;Ostelsheim;9
00d597f8-aded-49fe-9eae-2f90e3ba5885;Baden-Württemberg;75397;DIMB IG Nordschwarzwald;Landkreis Calw;Simmozheim;9
5c66fc2c-85a9-4bf2-b9de-fe08ae0d2dc7;Baden-Württemberg;75399;DIMB IG Nordschwarzwald;Landkreis Calw;Unterreichenbach;9
b58fa59a-2565-47a0-9ab3-f767188872dd;Baden-Württemberg;75417;DIMB IG Nordschwarzwald;Enzkreis;Mühlacker;9
7511ac19-fdcd-4a4c-8bb0-629c75e92f7b;Baden-Württemberg;75428;DIMB IG Nordschwarzwald;Enzkreis;Illingen;9
017f6c48-f647-4db2-95b4-713460958c5b;Baden-Württemberg;75433;DIMB IG Nordschwarzwald;Enzkreis;Maulbronn;9
87ed8d71-eec1-460d-ae23-7130523a3234;Baden-Württemberg;75438;DIMB IG Nordschwarzwald;Enzkreis;Knittlingen;9
bed78bfd-449c-48ec-bb8f-93d4bba319ec;Baden-Württemberg;75443;DIMB IG Nordschwarzwald;Enzkreis;Ötisheim;9
34188a12-9db6-49ac-a826-2516fc3ee882;Baden-Württemberg;75446;DIMB IG Nordschwarzwald;Enzkreis;Wiernsheim;9
6d85626d-b0d8-4289-965e-dcb38d4cdb0f;Baden-Württemberg;75447;DIMB IG Nordschwarzwald;Enzkreis;Sternenfels;9
54668b72-3b16-4dda-b826-60ec02f84f3e;Baden-Württemberg;75449;DIMB IG Nordschwarzwald;Enzkreis;Wurmberg;9
a0dd39f3-512f-48c3-93de-413d7a0c8ad1;Baden-Württemberg;76275;DIMB IG Nordschwarzwald;Landkreis Karlsruhe;Ettlingen;9
924168ec-edae-45cc-a795-bf1d3313d810;Baden-Württemberg;76287;DIMB IG Nordschwarzwald;Landkreis Karlsruhe;Rheinstetten;9
3c304c02-3f5c-44c1-9020-79f9ffb9e5bb;Baden-Württemberg;76307;DIMB IG Nordschwarzwald;Landkreis Karlsruhe;Karlsbad;9
6ae1311b-6e2d-4f9b-b6b5-c6a5afc17369;Baden-Württemberg;76316;DIMB IG Nordschwarzwald;Landkreis Karlsruhe;Malsch;9
a884d5b1-c03b-4b9d-8f43-092e7c6756ef;Baden-Württemberg;76327;DIMB IG Nordschwarzwald;Landkreis Karlsruhe;Pfinztal;9
4378d0e8-05b0-46ae-b901-8205f4fc2dda;Baden-Württemberg;76332;DIMB IG Nordschwarzwald;Landkreis Calw;Bad Herrenalb;9
147eaf10-8123-4eed-8741-c4d5a8cc0978;Baden-Württemberg;76337;DIMB IG Nordschwarzwald;Landkreis Karlsruhe;Waldbronn;9
589d2c9a-f2d3-4f7a-98cf-c0cc275165ad;Baden-Württemberg;76356;DIMB IG Nordschwarzwald;Landkreis Karlsruhe;Weingarten;9
3045797a-086d-4149-aca2-67bd603ad8ae;Baden-Württemberg;76359;DIMB IG Nordschwarzwald;Landkreis Karlsruhe;Marxzell;9
9fe8d6c8-4de3-4c81-bcfb-8e320c8d6ac4;Baden-Württemberg;76437;DIMB IG Nordschwarzwald;Landkreis Rastatt;Rastatt;9
e5e7d925-515b-4977-8049-32bd1a034773;Baden-Württemberg;76448;DIMB IG Nordschwarzwald;Landkreis Rastatt;Durmersheim;9
b3a26924-dbb7-4c35-9828-295cdf5cb365;Baden-Württemberg;76456;DIMB IG Nordschwarzwald;Landkreis Rastatt;Kuppenheim;9
47fcb7a5-dcfe-4e88-974f-0ab28cff3306;Baden-Württemberg;76461;DIMB IG Nordschwarzwald;Landkreis Rastatt;Muggensturm;9
13121a84-202f-4e3a-8d69-fb4485854389;Baden-Württemberg;76467;DIMB IG Nordschwarzwald;Landkreis Rastatt;Bietigheim;9
33e1b466-fdcd-4235-9b80-f83335e90f94;Baden-Württemberg;76470;DIMB IG Nordschwarzwald;Landkreis Rastatt;Ötigheim;9
0ba6fb2e-b659-4422-9eb0-61049ffc56ad;Baden-Württemberg;76473;DIMB IG Nordschwarzwald;Landkreis Rastatt;Iffezheim;9
411cf57d-af33-493a-87f3-3b9015efdcf3;Baden-Württemberg;76474;DIMB IG Nordschwarzwald;Landkreis Rastatt;Au am Rhein;9
727c6b77-416c-4c91-8abd-0633d2903d37;Baden-Württemberg;76476;DIMB IG Nordschwarzwald;Landkreis Rastatt;Bischweier;9
034575a9-ecad-43dc-875a-a15afa2cff0d;Baden-Württemberg;76477;DIMB IG Nordschwarzwald;Landkreis Rastatt;Elchesheim-Illingen;9
9d15330e-86f7-4da1-9640-aee28ff68179;Baden-Württemberg;76479;DIMB IG Nordschwarzwald;Landkreis Rastatt;Steinmauern;9
37d20afc-676e-41e8-8a15-fda7dc030b81;Baden-Württemberg;76530;DIMB IG Nordschwarzwald;Baden-Baden;Baden-Baden;9
8c1226ee-1828-4610-96a0-27858e3111bf;Baden-Württemberg;76532;DIMB IG Nordschwarzwald;Baden-Baden;Baden-Baden;9
92689408-aab3-439b-8f36-6b087cc6971b;Baden-Württemberg;76534;DIMB IG Nordschwarzwald;Baden-Baden;Baden-Baden;9
b8d7885d-0930-430e-b478-488430ae4834;Baden-Württemberg;76547;DIMB IG Nordschwarzwald;Landkreis Rastatt;Sinzheim;9
41eddfc2-e817-44a6-9ac5-de3502b9d175;Baden-Württemberg;76549;DIMB IG Nordschwarzwald;Landkreis Rastatt;Hügelsheim;9
03411575-741d-4f45-b314-440a675b28d1;Baden-Württemberg;76571;DIMB IG Nordschwarzwald;Landkreis Rastatt;Gaggenau;9
1d28a3c7-25dc-464b-a2ac-bc022bf2e323;Baden-Württemberg;76593;DIMB IG Nordschwarzwald;Landkreis Rastatt;Gernsbach;9
f2a802f0-6f27-482d-afa3-416996c504c7;Baden-Württemberg;76596;DIMB IG Nordschwarzwald;Landkreis Rastatt;Forbach;9
522a69f6-d184-41f8-ac8d-be339b4d8c4d;Baden-Württemberg;76597;DIMB IG Nordschwarzwald;Landkreis Rastatt;Loffenau;9
d8935a9f-3bb7-42da-95b7-950583a77952;Baden-Württemberg;76599;DIMB IG Nordschwarzwald;Landkreis Rastatt;Weisenbach;9
89d18726-414b-4c4b-b8da-3d14502bf3a8;Rheinland-Pfalz;76726;DIMB IG Pfalz;Landkreis Germersheim;Germersheim;13
b38c1ae6-af96-4b03-81d9-c1b04f1d1909;Rheinland-Pfalz;76744;DIMB IG Pfalz;Landkreis Germersheim;Vollmersweiler, Wörth am Rhein;13
e7bd21e6-005d-4c59-8680-0371e4a86aae;Rheinland-Pfalz;76751;DIMB IG Pfalz;Landkreis Germersheim;Jockgrim;13
96465740-6db6-4cf6-8129-35819653ca53;Rheinland-Pfalz;76756;DIMB IG Pfalz;Landkreis Germersheim;Bellheim;13
9a7f3c5b-61bb-4321-a93e-becfb528ee56;Rheinland-Pfalz;76761;DIMB IG Pfalz;Landkreis Germersheim;Rülzheim;13
635ef12b-10ff-4912-9412-15bc5414fbd0;Rheinland-Pfalz;76764;DIMB IG Pfalz;Landkreis Germersheim;Rheinzabern;13
ee92a9b6-2b1d-43ce-850c-8a4d2a7e8c87;Rheinland-Pfalz;76767;DIMB IG Pfalz;Landkreis Germersheim;Hagenbach;13
b982fcb3-02ac-4ac2-a697-e454fe14a0fe;Rheinland-Pfalz;76768;DIMB IG Pfalz;Landkreis Germersheim;Berg (Pfalz);13
6f406024-ebfd-456e-8428-9ba66b65bcca;Rheinland-Pfalz;76770;DIMB IG Pfalz;Landkreis Germersheim;Hatzenbühl;13
c79c41c7-61fe-45d2-96bc-45a67deee090;Rheinland-Pfalz;76771;DIMB IG Pfalz;Landkreis Germersheim;Hördt;13
1936ff7e-344a-464d-9e82-d84b6c10febf;Rheinland-Pfalz;76773;DIMB IG Pfalz;Landkreis Germersheim;Kuhardt;13
12926caf-f8c2-4f32-a629-80a4b1230f61;Rheinland-Pfalz;76774;DIMB IG Pfalz;Landkreis Germersheim;Leimersheim;13
80b24174-cc74-4c04-811c-ad29e929b68f;Rheinland-Pfalz;76776;DIMB IG Pfalz;Landkreis Germersheim;Neuburg am Rhein;13
93f0d1db-cfed-421a-8bfc-e761620187c2;Rheinland-Pfalz;76777;DIMB IG Pfalz;Landkreis Germersheim;Neupotz;13
d5eade4a-e203-4df3-ba9a-3fa6316e14b6;Rheinland-Pfalz;76779;DIMB IG Pfalz;Landkreis Germersheim;Scheibenhardt;13
7bba193d-523d-4389-bf11-7083ca7606cb;Rheinland-Pfalz;76829;DIMB IG Pfalz;Landkreis Südliche Weinstraße;Leinsweiler, Ramberg, Ranschbach;13
e90eae63-a6cc-4fba-860c-7569856bbfef;Rheinland-Pfalz;76829;DIMB IG Pfalz;Landau in der Pfalz;Landau in der Pfalz;13
00233e58-70ab-4eed-90fd-d83a93f2f792;Rheinland-Pfalz;76831;DIMB IG Pfalz;Landkreis Südliche Weinstraße;Billigheim-Ingenheim, Birkweiler, Eschbach, Göcklingen, Heuchelheim-Klingen, Ilbesheim bei Landau in der Pfalz, Impflingen;13
24a90715-47b5-46d3-9f6f-c0712dc4dc74;Rheinland-Pfalz;76833;DIMB IG Pfalz;Landkreis Südliche Weinstraße;Böchingen, Frankweiler, Knöringen, Siebeldingen, Walsheim;13
c4c58884-b91d-4787-9847-e5e541b0d18a;Rheinland-Pfalz;76835;DIMB IG Pfalz;Landkreis Südliche Weinstraße;Burrweiler, Flemlingen, Gleisweiler, Hainfeld, Rhodt unter Rietburg, Roschbach, Weyher in der Pfalz;13
480a59db-8180-41d1-a95f-2f38f1b48ee7;Rheinland-Pfalz;76846;DIMB IG Pfalz;Landkreis Südwestpfalz;Hauenstein;13
ff562051-c72a-4766-8089-bd383d85d053;Rheinland-Pfalz;76848;DIMB IG Pfalz;Landkreis Südwestpfalz;Darstein, Dimbach, Lug, Schwanheim, Spirkelbach, Wilgartswiesen;13
99e2dd62-970c-4ad2-8e2d-c4572b14a80f;Rheinland-Pfalz;76855;DIMB IG Pfalz;Landkreis Südliche Weinstraße;Annweiler am Trifels;13
ab68288c-0361-4406-b620-5f5aec440750;Rheinland-Pfalz;76857;DIMB IG Pfalz;Landkreis Südliche Weinstraße;Albersweiler, Dernbach, Eußerthal, Gossersweiler-Stein, Münchweiler am Klingbach, Ramberg, Rinnthal, Silz, Völkersweiler, Waldhambach, Waldrohrbach, Wernersberg;13
268400df-4cb5-4d96-8cf7-3c4a1ac7377a;Rheinland-Pfalz;76863;DIMB IG Pfalz;Landkreis Südliche Weinstraße;Herxheim, Herxheimweyher;13
c438d343-9094-41e0-b262-4b552424a2e0;Rheinland-Pfalz;76865;DIMB IG Pfalz;Landkreis Südliche Weinstraße;Insheim, Rohrbach;13
eedfa04a-94a9-418c-8375-826b4dc996d8;Rheinland-Pfalz;76870;DIMB IG Pfalz;Landkreis Germersheim;Kandel;13
ceaa129a-3a29-47f5-884b-542d7142482f;Rheinland-Pfalz;76872;DIMB IG Pfalz;Landkreis Südliche Weinstraße;Hergersweiler;13
edb061be-66b1-4ce5-94fa-b02bfbf2e938;Rheinland-Pfalz;76872;DIMB IG Pfalz;Landkreis Germersheim;Erlenbach bei Kandel, Freckenfeld, Minfeld, Steinweiler, Winden;13
eb65fdfa-d0df-49e6-8ab4-f956f62cc9eb;Rheinland-Pfalz;76877;DIMB IG Pfalz;Landkreis Südliche Weinstraße;Offenbach an der Queich;13
a3290a18-4ae1-4164-ad19-fb75df2810b7;Rheinland-Pfalz;76879;DIMB IG Pfalz;Landkreis Südliche Weinstraße;Bornheim, Essingen, Hochstadt (Pfalz);13
e1df7228-2906-4308-9739-1667e6ceecdb;Rheinland-Pfalz;76879;DIMB IG Pfalz;Landkreis Germersheim;Knittelsheim, Ottersheim bei Landau;13
6a36c929-7de9-49e8-b55a-d92cb57bb389;Rheinland-Pfalz;76887;DIMB IG Pfalz;Landkreis Südliche Weinstraße;Bad Bergzabern, Böllenborn, Oberhausen;13
a45a9219-8fbd-4cb5-b940-6271edec1d4b;Rheinland-Pfalz;76889;DIMB IG Pfalz;Landkreis Südliche Weinstraße;Barbelroth, Birkenhördt, Dierbach, Dörrenbach, Gleiszellen-Gleishorbach, Kapellen-Drusweiler, Kapsweyer, Klingenmünster, Niederhorbach, Niederotterbach, Oberotterbach, Oberschlettenbach, Pleisweiler-Oberhofen, Schweigen-Rechtenbach, Schweighofen, Steinfeld, Vorderweidenthal;13
4c0c9ce3-f2c4-4e4f-97ee-9b7f158e4395;Rheinland-Pfalz;76891;DIMB IG Pfalz;Landkreis Südwestpfalz;Bobenthal, Bruchweiler-Bärenbach, Bundenthal, Busenberg, Erlenbach bei Dahn, Niederschlettenbach, Nothweiler,Rumbach;13
0b089c46-f37e-483c-a4c4-7b5999f6b945;Baden-Württemberg;77652;DIMB IG Südschwarzwald;Ortenaukreis;Offenburg;17
ea895ee0-4099-494b-8f19-b6163942a615;Baden-Württemberg;77654;DIMB IG Südschwarzwald;Ortenaukreis;Offenburg;17
1f654e9e-6869-475d-8f1a-da96631c85d0;Baden-Württemberg;77656;DIMB IG Südschwarzwald;Ortenaukreis;Offenburg;17
3904d446-2195-48fc-b21d-6166f782dc8b;Baden-Württemberg;77694;DIMB IG Südschwarzwald;Ortenaukreis;Kehl;17
073d72a6-d0ab-45b0-9da6-b2ec9a558358;Baden-Württemberg;77704;DIMB IG Südschwarzwald;Ortenaukreis;Oberkirch;17
de012590-fe51-41d4-9794-391bac652a32;Baden-Württemberg;77709;DIMB IG Südschwarzwald;Ortenaukreis;Oberwolfach, Wolfach;17
a841adaa-f8d7-433c-8575-8838754eabba;Baden-Württemberg;77716;DIMB IG Südschwarzwald;Ortenaukreis;Fischerbach, Haslach im Kinzigtal, Hofstetten;17
b6f3a27d-672e-49f7-ba92-680d9cc55270;Baden-Württemberg;77723;DIMB IG Südschwarzwald;Ortenaukreis;Gengenbach;17
6dfb7fbb-344c-4f3e-ac0a-7a9fceee7800;Baden-Württemberg;77728;DIMB IG Südschwarzwald;Ortenaukreis;Oppenau;17
b8b8089b-311a-4c7d-84c1-b814eaa4561b;Baden-Württemberg;77731;DIMB IG Südschwarzwald;Ortenaukreis;Willstätt;17
144a7196-11c2-43c3-bf1b-e7834e5d70ce;Baden-Württemberg;77736;DIMB IG Südschwarzwald;Ortenaukreis;Zell am Harmersbach;17
5a6b8adf-a632-4fae-bde2-b200e5553ec3;Baden-Württemberg;77740;DIMB IG Südschwarzwald;Ortenaukreis;Bad Peterstal-Griesbach;17
e9037cbc-7263-44b0-9178-43f8ba1a1594;Baden-Württemberg;77743;DIMB IG Südschwarzwald;Ortenaukreis;Neuried;17
42b74f34-c120-480e-b389-41c50c5b7ee0;Baden-Württemberg;77746;DIMB IG Südschwarzwald;Ortenaukreis;Schutterwald;17
1a9aa7ad-72ab-4343-991d-33bd9ec4e34a;Baden-Württemberg;77749;DIMB IG Südschwarzwald;Ortenaukreis;Hohberg;17
a250d2a2-81f8-4c78-bae7-aaf79c81f0d2;Baden-Württemberg;77756;DIMB IG Südschwarzwald;Ortenaukreis;Hausach;17
916f26f2-5450-4494-b58d-4b4227b222c8;Baden-Württemberg;77761;DIMB IG Südschwarzwald;Landkreis Rottweil;Schiltach;17
cee178ec-5b97-485f-854e-3cda960b2633;Baden-Württemberg;77767;DIMB IG Südschwarzwald;Ortenaukreis;Appenweier;17
711bb0d6-386d-46f4-9ed6-2c9705fb3bc9;Baden-Württemberg;77770;DIMB IG Südschwarzwald;Ortenaukreis;Durbach;17
e7e3d8a8-f5d1-49bd-8ea1-49307de1439c;Baden-Württemberg;77773;DIMB IG Südschwarzwald;Landkreis Rottweil;Schenkenzell;17
ad6e41d8-d2c2-448a-b50d-38df3487ab55;Baden-Württemberg;77776;DIMB IG Südschwarzwald;Landkreis Freudenstadt;Bad Rippoldsau-Schapbach;17
f1ec4623-5683-4a81-8b65-e43949a1ee8c;Baden-Württemberg;77781;DIMB IG Südschwarzwald;Ortenaukreis;Biberach;17
932b6eef-8583-4c8e-867e-6103615abf2c;Baden-Württemberg;77784;DIMB IG Südschwarzwald;Ortenaukreis;Oberharmersbach;17
5845e967-fd2b-4763-9aad-0ca729485371;Baden-Württemberg;77787;DIMB IG Südschwarzwald;Ortenaukreis;Nordrach;17
1817f741-b9ba-41ca-b39d-7220310f85c3;Baden-Württemberg;77790;DIMB IG Südschwarzwald;Ortenaukreis;Steinach;17
21b6bf5a-9b10-4fdb-a05c-64947f4d4b9e;Baden-Württemberg;77791;DIMB IG Südschwarzwald;Ortenaukreis;Berghaupten;17
bb549a44-20ba-4354-a0c8-bdeade497a24;Baden-Württemberg;77793;DIMB IG Südschwarzwald;Ortenaukreis;Gutach (Schwarzwaldbahn);17
d48ac8ba-af78-4fed-9b4c-ba4f8c81f34e;Baden-Württemberg;77794;DIMB IG Südschwarzwald;Ortenaukreis;Lautenbach;17
b45a10c4-2775-489d-ab20-6b552c121a75;Baden-Württemberg;77796;DIMB IG Südschwarzwald;Ortenaukreis;Mühlenbach;17
7112451a-e824-4a2f-8651-5f4c6748dbd3;Baden-Württemberg;77797;DIMB IG Südschwarzwald;Ortenaukreis;Ohlsbach;17
a0393289-65b4-4439-9095-750c646b7b97;Baden-Württemberg;77799;DIMB IG Südschwarzwald;Ortenaukreis;Ortenberg;17
0fb16cb0-ae7f-456c-a165-171272e40155;Baden-Württemberg;77815;DIMB IG Nordschwarzwald;Landkreis Rastatt;Bühl;9
bf0dfbb2-3aa9-44e4-8857-889de24f7e7e;Baden-Württemberg;77830;DIMB IG Nordschwarzwald;Landkreis Rastatt;Bühlertal;9
02dd2d84-adda-4eac-9ec0-7d4a3eb103bc;Baden-Württemberg;77833;DIMB IG Nordschwarzwald;Landkreis Rastatt;Ottersweier;9
15c272de-5a82-4f99-a6d3-4631b38e6c4e;Baden-Württemberg;77836;DIMB IG Nordschwarzwald;Landkreis Rastatt;Rheinmünster;9
43146fb5-ce19-4873-80e3-3cd4cddbd1d6;Baden-Württemberg;77839;DIMB IG Nordschwarzwald;Landkreis Rastatt;Lichtenau;9
193f9658-a880-4dd8-a66a-861f81262a32;Baden-Württemberg;77855;DIMB IG Nordschwarzwald;Ortenaukreis;Achern;9
255feffd-013b-420f-9017-c328b92165f8;Baden-Württemberg;77866;DIMB IG Nordschwarzwald;Ortenaukreis;Rheinau;9
8a73c2ef-4973-4b34-8178-089ae15074d5;Baden-Württemberg;77871;DIMB IG Nordschwarzwald;Ortenaukreis;Renchen;9
43a9a0e9-1825-44c5-84bb-91c039a75d90;Baden-Württemberg;77876;DIMB IG Nordschwarzwald;Ortenaukreis;Kappelrodeck;9
b745e33b-0c16-4157-af2a-fdf7188bbed9;Baden-Württemberg;77880;DIMB IG Nordschwarzwald;Ortenaukreis;Sasbach;9
f754077c-47ce-4797-96a0-6b8a1b8cdea1;Baden-Württemberg;77883;DIMB IG Nordschwarzwald;Ortenaukreis;Ottenhöfen im Schwarzwald;9
c3e9ab66-5e52-41cb-addb-910dfdba4182;Baden-Württemberg;77886;DIMB IG Nordschwarzwald;Ortenaukreis;Lauf;9
6dfa9f44-4d45-4149-91f5-22603df056bd;Baden-Württemberg;77887;DIMB IG Nordschwarzwald;Ortenaukreis;Sasbachwalden;9
c66e3e02-4699-4b04-9a39-16c75e2ebb7e;Baden-Württemberg;77889;DIMB IG Nordschwarzwald;Ortenaukreis;Seebach;9
0376be9e-eac0-47ac-ac8e-2d79db102630;Baden-Württemberg;77933;DIMB IG Südschwarzwald;Ortenaukreis;Lahr/Schwarzwald;17
1f02bd43-f04f-4296-bb89-6eb9dc7f6cee;Baden-Württemberg;77948;DIMB IG Südschwarzwald;Ortenaukreis;Friesenheim;17
0d1b480c-4a1d-4f1b-8296-f828501d7f36;Baden-Württemberg;77955;DIMB IG Südschwarzwald;Ortenaukreis;Ettenheim;17
2bfed372-5fbb-4fc5-a240-90b4d1098acf;Baden-Württemberg;77960;DIMB IG Südschwarzwald;Ortenaukreis;Seelbach;17
a59fb2df-9b81-418f-bff2-a31e669f6722;Baden-Württemberg;77963;DIMB IG Südschwarzwald;Ortenaukreis;Schwanau;17
a800aa69-61d1-458a-8f4b-1aab6a4d6b99;Baden-Württemberg;77966;DIMB IG Südschwarzwald;Ortenaukreis;Kappel-Grafenhausen;17
3f051dc2-8b24-4518-b5ab-0c4445905d54;Baden-Württemberg;77971;DIMB IG Südschwarzwald;Ortenaukreis;Kippenheim;17
e63cfc5b-90a3-4e49-a628-a96f0205be31;Baden-Württemberg;77972;DIMB IG Südschwarzwald;Ortenaukreis;Mahlberg;17
48c7e03d-06b3-4b4e-9620-df8c1c455b59;Baden-Württemberg;77974;DIMB IG Südschwarzwald;Ortenaukreis;Meißenheim;17
819f90d5-64ca-40b9-b16a-90450bad72c0;Baden-Württemberg;77975;DIMB IG Südschwarzwald;Ortenaukreis;Ringsheim;17
27607115-c999-4253-ac78-b0068826d918;Baden-Württemberg;77977;DIMB IG Südschwarzwald;Ortenaukreis;Rust;17
063512ad-c6a1-4d86-a8e0-5c3878cc1b2c;Baden-Württemberg;77978;DIMB IG Südschwarzwald;Ortenaukreis;Schuttertal;17
a71e9400-aa7e-457f-ae81-4c6da220ece5;Baden-Württemberg;78048;DIMB IG Südschwarzwald;Schwarzwald-Baar-Kreis;Villingen-Schwenningen;17
e9546346-59b4-431f-b362-5a4f3f1547e1;Baden-Württemberg;78050;DIMB IG Südschwarzwald;Schwarzwald-Baar-Kreis;Villingen-Schwenningen;17
35229959-c7d7-4ec8-81e0-db02ea43d0a9;Baden-Württemberg;78052;DIMB IG Südschwarzwald;Schwarzwald-Baar-Kreis;Villingen-Schwenningen;17
df54550d-1daa-427d-8b15-497a1b49aff3;Baden-Württemberg;78054;DIMB IG Südschwarzwald;Schwarzwald-Baar-Kreis;Villingen-Schwenningen;17
f8d45931-a6e6-4735-a240-508b682ddacb;Baden-Württemberg;78056;DIMB IG Südschwarzwald;Schwarzwald-Baar-Kreis;Villingen-Schwenningen;17
eab86bd6-c774-439f-9dfd-db0b1b83bff8;Baden-Württemberg;78073;DIMB IG Südschwarzwald;Schwarzwald-Baar-Kreis;Bad Dürrheim;17
47f5c8da-55df-4059-b5e3-4e9b2ffa17a0;Baden-Württemberg;78078;DIMB IG Südschwarzwald;Schwarzwald-Baar-Kreis;Niedereschach;17
73a76248-0337-47fb-be2c-0f19b16231f7;Baden-Württemberg;78083;DIMB IG Südschwarzwald;Schwarzwald-Baar-Kreis;Dauchingen;17
e0bd9fa0-c21d-467a-a710-76b47c0f442d;Baden-Württemberg;78086;DIMB IG Südschwarzwald;Schwarzwald-Baar-Kreis;Brigachtal;17
abbca48c-2783-4846-9843-acc49de5a93e;Baden-Württemberg;78087;DIMB IG Südschwarzwald;Schwarzwald-Baar-Kreis;Mönchweiler;17
53bc523b-fa85-40f1-9892-14f787c2aaf6;Baden-Württemberg;78089;DIMB IG Südschwarzwald;Schwarzwald-Baar-Kreis;Unterkirnach;17
ff6c9e5e-f99b-4a9e-8b57-a29b2d070513;Baden-Württemberg;78098;DIMB IG Südschwarzwald;Schwarzwald-Baar-Kreis;Triberg im Schwarzwald;17
dc95ff1c-44c9-4805-a58e-821e47c31899;Baden-Württemberg;78112;DIMB IG Südschwarzwald;Schwarzwald-Baar-Kreis;St. Georgen im Schwarzwald;17
b3010364-97a6-4397-9631-b72a60ce545d;Baden-Württemberg;78120;DIMB IG Südschwarzwald;Schwarzwald-Baar-Kreis;Furtwangen im Schwarzwald;17
771a1fff-8db6-4f5d-8fa6-240b07c193cf;Baden-Württemberg;78126;DIMB IG Südschwarzwald;Schwarzwald-Baar-Kreis;Königsfeld im Schwarzwald;17
f903637e-bdb0-4509-a7ca-fa89234782cd;Baden-Württemberg;78132;DIMB IG Südschwarzwald;Ortenaukreis;Hornberg;17
4ebc2a3d-eec4-418a-b013-b8c427ed1263;Baden-Württemberg;78136;DIMB IG Südschwarzwald;Schwarzwald-Baar-Kreis;Schonach im Schwarzwald;17
b83ca4d1-9635-4830-8a6d-f2b07cad1d14;Baden-Württemberg;78141;DIMB IG Südschwarzwald;Schwarzwald-Baar-Kreis;Schönwald im Schwarzwald;17
9bf3fab0-b38c-4623-bc28-fa6fd07bca5c;Baden-Württemberg;78144;DIMB IG Südschwarzwald;Landkreis Rottweil;Schramberg;17
c23501e8-3157-44d7-9970-5a5ae5f075ba;Baden-Württemberg;78147;DIMB IG Südschwarzwald;Schwarzwald-Baar-Kreis;Vöhrenbach;17
6df2e9b0-ce7a-4ef3-a099-e47bdd93690e;Baden-Württemberg;78148;DIMB IG Südschwarzwald;Schwarzwald-Baar-Kreis;Gütenbach;17
8469cfef-3cbd-4bd0-9b83-1a7ade2c9b97;Baden-Württemberg;78166;DIMB IG Südschwarzwald;Schwarzwald-Baar-Kreis;Donaueschingen;17
1f8cbd97-fc80-49cf-a6a2-0681dd3adb77;Baden-Württemberg;78176;DIMB IG Südschwarzwald;Schwarzwald-Baar-Kreis;Blumberg;17
77f71e65-f629-46d3-82df-455383943c07;Baden-Württemberg;78183;DIMB IG Südschwarzwald;Schwarzwald-Baar-Kreis;Hüfingen;17
d80ea3ff-5821-4b38-8f62-532c073a7eff;Baden-Württemberg;78187;DIMB IG Südschwarzwald;Landkreis Tuttlingen;Geisingen;17
33950596-71df-4ae5-90cc-622a235de8d0;Baden-Württemberg;78194;DIMB IG Südschwarzwald;Landkreis Tuttlingen;Immendingen;17
5d09d296-7d89-41a9-b94a-32f04c968691;Baden-Württemberg;78199;DIMB IG Südschwarzwald;Schwarzwald-Baar-Kreis;Bräunlingen;17
3e92c852-31c4-41ab-aaba-9304a67f4ed8;Baden-Württemberg;78224;DIMB IG Bodensee;Landkreis Konstanz;Singen (Hohentwiel);32
ef72f728-eb92-4ebe-aec2-6673eb83723f;Baden-Württemberg;78234;DIMB IG Bodensee;Landkreis Konstanz;Engen;32
e6f84879-45f6-44e4-beca-01e040149621;Baden-Württemberg;78239;DIMB IG Bodensee;Landkreis Konstanz;Rielasingen-Worblingen;32
d959dcf4-7298-4b44-90cf-8299e4e44b72;Baden-Württemberg;78244;DIMB IG Bodensee;Landkreis Konstanz;Gottmadingen;32
921409f8-7fd8-4c46-bf93-8727ed4e2b2f;Baden-Württemberg;78247;DIMB IG Bodensee;Landkreis Konstanz;Hilzingen;32
fd46c2df-0d37-443d-8bdd-4f935684ba53;Baden-Württemberg;78250;DIMB IG Bodensee;Landkreis Konstanz;Tengen;32
484e1d7e-ed3a-4667-b241-ffba1b2d4beb;Baden-Württemberg;78253;DIMB IG Bodensee;Landkreis Konstanz;Eigeltingen;32
a2892201-8f85-4e9c-af89-6e7f7c89cc69;Baden-Württemberg;78256;DIMB IG Bodensee;Landkreis Konstanz;Steißlingen;32
2860b27e-c884-4f82-988c-cac49df8c53f;Baden-Württemberg;78259;DIMB IG Bodensee;Landkreis Konstanz;Mühlhausen-Ehingen;32
3c0161fc-49ff-4a30-9ec1-374d38b51be6;Baden-Württemberg;78262;DIMB IG Bodensee;Landkreis Konstanz;Gailingen am Hochrhein;32
5a71b71f-b1df-4782-86ca-1ac4fdedb466;Baden-Württemberg;78266;DIMB IG Bodensee;Landkreis Konstanz;Büsingen am Hochrhein;32
73180ae9-e656-4ca5-a749-a2c55cfabf99;Baden-Württemberg;78267;DIMB IG Bodensee;Landkreis Konstanz;Aach;32
b11478fe-8b99-4bc7-8ee9-f8d9c48ee40b;Baden-Württemberg;78269;DIMB IG Bodensee;Landkreis Konstanz;Volkertshausen;32
31fe4d55-bbb5-49ce-bb5c-a4c7d5df41c0;Baden-Württemberg;78315;DIMB IG Bodensee;Landkreis Konstanz;Radolfzell;32
545e0830-d3dc-4435-82d3-026f0380eb1f;Baden-Württemberg;78333;DIMB IG Bodensee;Landkreis Konstanz;Stockach;32
555b5147-8ebc-4bbb-a986-5c474928b499;Baden-Württemberg;78337;DIMB IG Bodensee;Landkreis Konstanz;Öhningen;32
df1792dd-2559-427a-b2f0-9dfcb395f4a3;Baden-Württemberg;78343;DIMB IG Bodensee;Landkreis Konstanz;Gaienhofen;32
06451b6d-dc3f-4208-986d-c24904ea4fce;Baden-Württemberg;78345;DIMB IG Bodensee;Landkreis Konstanz;Moos;32
503fa98a-e30a-4d49-894a-108fb0c9a901;Baden-Württemberg;78351;DIMB IG Bodensee;Landkreis Konstanz;Bodman-Ludwigshafen;32
86c0b9de-89ce-40f1-b02d-d5e9ee731cad;Baden-Württemberg;78354;DIMB IG Bodensee;Bodenseekreis;Sipplingen;32
33421e0b-c6cc-4605-a2c9-4f2de87b8a9a;Baden-Württemberg;78355;DIMB IG Bodensee;Landkreis Konstanz;Hohenfels;32
69f9fa98-6c55-4554-9047-8a0d6320e88f;Baden-Württemberg;78357;DIMB IG Bodensee;Landkreis Konstanz;Mühlingen;32
f48d5ce8-fd3c-4295-95e5-93d0aa8dd5ac;Baden-Württemberg;78359;DIMB IG Bodensee;Landkreis Konstanz;Orsingen-Nenzingen;32
46a30843-532e-4c85-9644-69157a240733;Baden-Württemberg;78462;DIMB IG Bodensee;Landkreis Konstanz;Konstanz;32
b6d66827-16f5-43df-8307-6ca695da3d75;Baden-Württemberg;78464;DIMB IG Bodensee;Landkreis Konstanz;Konstanz;32
6872942c-be7e-45c1-94d4-5535af2378c1;Baden-Württemberg;78465;DIMB IG Bodensee;Landkreis Konstanz;Konstanz;32
7d6efa51-cce1-46ba-926a-a95804b6d85d;Baden-Württemberg;78467;DIMB IG Bodensee;Landkreis Konstanz;Konstanz;32
c020a436-6b8a-4a9d-9569-8be6e39b0c4b;Baden-Württemberg;78476;DIMB IG Bodensee;Landkreis Konstanz;Allensbach;32
799630ab-fe37-4919-83b7-09bf373fb9c6;Baden-Württemberg;78479;DIMB IG Bodensee;Landkreis Konstanz;Reichenau;32
f102bcf7-0f67-4d6e-84a9-f3cdfc0d0d75;Baden-Württemberg;78532;DIMB IG Alb-Donau-Neckar;Landkreis Tuttlingen;Tuttlingen;105
093abef7-acb2-4f2b-8e2b-44635b11c2bd;Baden-Württemberg;78549;DIMB IG Alb-Donau-Neckar;Landkreis Tuttlingen;Spaichingen;105
30c91606-b85b-452c-9394-5300ff60cdb8;Baden-Württemberg;78554;DIMB IG Alb-Donau-Neckar;Landkreis Tuttlingen;Aldingen, Denkingen;105
b955fd7c-7254-4750-854e-1cef25c9c481;Baden-Württemberg;78559;DIMB IG Alb-Donau-Neckar;Landkreis Tuttlingen;Gosheim;105
5a6cc974-5142-45ed-aa14-8227cad21d0d;Baden-Württemberg;78564;DIMB IG Alb-Donau-Neckar;Landkreis Tuttlingen;Reichenbach am Heuberg, Wehingen;105
953ddf51-df54-4323-8923-3481f5f0e8a2;Baden-Württemberg;78567;DIMB IG Alb-Donau-Neckar;Landkreis Tuttlingen;Buchheim, Fridingen an der Donau;105
89a688e8-e704-46b6-bdac-b56820ef7a25;Baden-Württemberg;78570;DIMB IG Alb-Donau-Neckar;Landkreis Tuttlingen;Mühlheim an der Donau;105
c7e99009-b456-4256-b183-b154a01b335d;Baden-Württemberg;78573;DIMB IG Alb-Donau-Neckar;Landkreis Tuttlingen;Wurmlingen;105
b31ff736-5d07-4e02-8ccd-9954d9440f35;Baden-Württemberg;78576;DIMB IG Alb-Donau-Neckar;Landkreis Tuttlingen;Emmingen-Liptingen;105
c44a5388-a2f9-49e3-a9c8-e01c4b405207;Baden-Württemberg;78579;DIMB IG Alb-Donau-Neckar;Landkreis Tuttlingen;Neuhausen ob Eck;105
979cab45-f229-4bf9-9fec-35fa65165952;Baden-Württemberg;78580;DIMB IG Alb-Donau-Neckar;Landkreis Tuttlingen;Bärenthal;105
7ab2a1f1-ad8e-4b41-9d20-e84d9cf4d62d;Baden-Württemberg;78582;DIMB IG Alb-Donau-Neckar;Landkreis Tuttlingen;Balgheim;105
c3faedd1-8130-4071-8e1a-24c308f704e1;Baden-Württemberg;78583;DIMB IG Alb-Donau-Neckar;Landkreis Tuttlingen;Böttingen;105
3e9bdb2d-a737-45ef-bf04-bc8844edb3d0;Baden-Württemberg;78585;DIMB IG Alb-Donau-Neckar;Landkreis Tuttlingen;Bubsheim;105
76238978-9b22-4891-9bd6-ba3bf95a82b9;Baden-Württemberg;78586;DIMB IG Alb-Donau-Neckar;Landkreis Tuttlingen;Deilingen;105
05591aa8-cb27-4919-8307-53519190db8d;Baden-Württemberg;78588;DIMB IG Alb-Donau-Neckar;Landkreis Tuttlingen;Denkingen;105
fbbd31ea-6cd4-4fcf-93d3-25a7a2cb4e1a;Baden-Württemberg;78589;DIMB IG Alb-Donau-Neckar;Landkreis Tuttlingen;Dürbheim;105
fb6cc277-27b5-4e3b-a91b-cf6856449b4e;Baden-Württemberg;78591;DIMB IG Alb-Donau-Neckar;Landkreis Tuttlingen;Durchhausen;105
ca359ea2-d1c8-43b4-bbaf-346350e3db5f;Baden-Württemberg;78592;DIMB IG Alb-Donau-Neckar;Landkreis Tuttlingen;Egesheim;105
7fdc2b32-2651-46e6-b7dc-aa02e2e422e0;Baden-Württemberg;78594;DIMB IG Alb-Donau-Neckar;Landkreis Tuttlingen;Gunningen;105
78f84a84-f7c2-4cdf-ac46-5a9b986ac270;Baden-Württemberg;78595;DIMB IG Alb-Donau-Neckar;Landkreis Tuttlingen;Hausen ob Verena;105
7577cc2e-b379-46b2-9c26-1557ba06498b;Baden-Württemberg;78597;DIMB IG Alb-Donau-Neckar;Landkreis Tuttlingen;Irndorf;105
2d43dd75-ebd2-41c3-a85b-42697038fa1f;Baden-Württemberg;78598;DIMB IG Alb-Donau-Neckar;Landkreis Tuttlingen;Königsheim;105
934eb6af-20dd-4ff1-a82e-e8bd61ddb218;Baden-Württemberg;78600;DIMB IG Alb-Donau-Neckar;Landkreis Tuttlingen;Kolbingen;105
89a4ca3d-4720-4d7e-bed3-923c7b569307;Baden-Württemberg;78601;DIMB IG Alb-Donau-Neckar;Landkreis Tuttlingen;Mahlstetten;105
e387cb5b-8a6b-4dff-bf99-6746ddc014a9;Baden-Württemberg;78603;DIMB IG Alb-Donau-Neckar;Landkreis Tuttlingen;Renquishausen;105
31fc5724-df02-4253-a4a1-4b379d67b964;Baden-Württemberg;78604;DIMB IG Alb-Donau-Neckar;Landkreis Tuttlingen;Rietheim-Weilheim;105
0006110f-c3dc-4ff3-bc63-893a71c1adde;Baden-Württemberg;78606;DIMB IG Alb-Donau-Neckar;Landkreis Tuttlingen;Seitingen-Oberflacht;105
d741d320-d14f-435f-8ee9-ff78111e73f3;Baden-Württemberg;78607;DIMB IG Südschwarzwald;Landkreis Tuttlingen;Talheim;17
497a146c-23fd-4ad8-97ec-20caa93ccd6e;Baden-Württemberg;78609;DIMB IG Südschwarzwald;Schwarzwald-Baar-Kreis;Tuningen;17
8d91f570-27da-48d2-80b0-bc148644b882;Baden-Württemberg;78628;DIMB IG Südschwarzwald;Landkreis Rottweil;Rottweil;17
62e585a1-1f82-416e-846c-35dd9dafef42;Baden-Württemberg;78647;DIMB IG Südschwarzwald;Landkreis Tuttlingen;Trossingen;17
7800ecf9-e7b1-45cd-9ed2-501e67209fec;Baden-Württemberg;78652;DIMB IG Südschwarzwald;Landkreis Rottweil;Deißlingen, Zimmern ob Rottweil;17
11c55070-49ae-4f2c-834a-c7ce9f962659;Baden-Württemberg;78655;DIMB IG Südschwarzwald;Landkreis Rottweil;Dunningen;17
59809783-8a8d-4c67-91e9-1e31933df50b;Baden-Württemberg;78658;DIMB IG Südschwarzwald;Landkreis Rottweil;Zimmern ob Rottweil;17
c12975cd-9c35-4c87-b9a7-9fd32339d95d;Baden-Württemberg;78661;DIMB IG Südschwarzwald;Landkreis Rottweil;Dietingen;17
cad7d44a-9f2d-4df6-a311-f577d7f4caac;Baden-Württemberg;78662;DIMB IG Südschwarzwald;Landkreis Rottweil;Bösingen;17
9e7e2cf4-ffe0-43b6-90e4-abc497ccaf45;Baden-Württemberg;78664;DIMB IG Südschwarzwald;Landkreis Rottweil;Eschbronn;17
ae8119e4-ac0c-4c83-8dd7-9c1ce470ab6b;Baden-Württemberg;78665;DIMB IG Südschwarzwald;Landkreis Tuttlingen;Frittlingen;17
7be4ddca-36d8-4a48-bdb6-090fddc3b72f;Baden-Württemberg;78667;DIMB IG Südschwarzwald;Landkreis Rottweil;Villingendorf;17
ee24eee6-1451-4ce6-9649-bf2e62a194b4;Baden-Württemberg;78669;DIMB IG Südschwarzwald;Landkreis Rottweil;Wellendingen;17
b1048e1a-e073-47c2-8524-4366161e9c3e;Baden-Württemberg;78713;DIMB IG Südschwarzwald;Landkreis Rottweil;Dunningen, Schramberg;17
bc718e9d-854f-4138-88b8-e84cbceb4763;Baden-Württemberg;78727;DIMB IG Südschwarzwald;Landkreis Rottweil;Oberndorf am Neckar;17
483c6c03-bdab-40f1-8c46-fdfa3f7e1183;Baden-Württemberg;78730;DIMB IG Südschwarzwald;Landkreis Rottweil;Lauterbach;17
83cb37ff-add8-4b70-b645-4c0d7c6c9152;Baden-Württemberg;78733;DIMB IG Südschwarzwald;Landkreis Rottweil;Aichhalden;17
74d7ead9-a513-4d3d-9b52-cce80cc662a5;Baden-Württemberg;78736;DIMB IG Südschwarzwald;Landkreis Rottweil;Epfendorf;17
71b7f290-b94a-4413-bc86-155e69284e9a;Baden-Württemberg;78737;DIMB IG Südschwarzwald;Landkreis Rottweil;Fluorn-Winzeln;17
a9c9a181-4a64-4322-8033-c86085f1b41f;Baden-Württemberg;78739;DIMB IG Südschwarzwald;Landkreis Rottweil;Hardt;17
3a1952b6-7446-4d0f-b2d3-a593ff559796;Baden-Württemberg;79098;DIMB IG Südschwarzwald;Freiburg im Breisgau;Freiburg im Breisgau;17
9fb286dd-73ee-4b5d-a79e-ac9b1cfecb8e;Baden-Württemberg;79100;DIMB IG Südschwarzwald;Freiburg im Breisgau;Freiburg im Breisgau;17
821cc7a1-6ff7-4de2-83e2-80dd84b2de98;Baden-Württemberg;79102;DIMB IG Südschwarzwald;Freiburg im Breisgau;Freiburg im Breisgau;17
cfadc67f-8d09-446c-b472-1fc803ed3557;Baden-Württemberg;79104;DIMB IG Südschwarzwald;Freiburg im Breisgau;Freiburg im Breisgau;17
87d049de-0e50-4ecb-aff0-d40de0b3ed31;Baden-Württemberg;79106;DIMB IG Südschwarzwald;Freiburg im Breisgau;Freiburg im Breisgau;17
9075bda7-fbd8-41b5-a351-71f2e3767890;Baden-Württemberg;79108;DIMB IG Südschwarzwald;Freiburg im Breisgau;Freiburg im Breisgau;17
0c430c12-833a-455d-9d68-6d0a38c0219f;Baden-Württemberg;79110;DIMB IG Südschwarzwald;Freiburg im Breisgau;Freiburg im Breisgau;17
23a429d0-c029-4289-a68c-a0aa95d41279;Baden-Württemberg;79111;DIMB IG Südschwarzwald;Freiburg im Breisgau;Freiburg im Breisgau;17
6f0e7a74-27e1-4cd8-a735-309bcfce3ce8;Baden-Württemberg;79112;DIMB IG Südschwarzwald;Freiburg im Breisgau;Freiburg im Breisgau;17
f9c7983e-09bc-4eef-b090-b38fb8725df5;Baden-Württemberg;79114;DIMB IG Südschwarzwald;Freiburg im Breisgau;Freiburg im Breisgau;17
aeaad91c-f2cb-4a3c-a24f-88021261636b;Baden-Württemberg;79115;DIMB IG Südschwarzwald;Freiburg im Breisgau;Freiburg im Breisgau;17
2b305fa1-8630-4847-ac27-f8164498a947;Baden-Württemberg;79117;DIMB IG Südschwarzwald;Freiburg im Breisgau;Freiburg im Breisgau;17
a061180b-1705-4201-8678-8a6e071a7214;Baden-Württemberg;79183;DIMB IG Südschwarzwald;Landkreis Emmendingen;Waldkirch;17
7a99fda4-a164-4ad1-8e75-49b4989eb780;Baden-Württemberg;79189;DIMB IG Südschwarzwald;Landkreis Breisgau-Hochschwarzwald;Bad Krozingen;17
b4c03a4f-7e17-4b56-89fd-c46e88c7be61;Baden-Württemberg;79194;DIMB IG Südschwarzwald;Landkreis Breisgau-Hochschwarzwald;Gundelfingen, Heuweiler;17
308f6e80-a672-4b6f-aba7-375ac4620895;Baden-Württemberg;79199;DIMB IG Südschwarzwald;Landkreis Breisgau-Hochschwarzwald;Kirchzarten;17
aa49022e-3cb6-45e3-9abb-1a1f04bea19f;Baden-Württemberg;79206;DIMB IG Südschwarzwald;Landkreis Breisgau-Hochschwarzwald;Breisach am Rhein;17
1024a537-d64c-4447-941d-8c6ce937c222;Baden-Württemberg;79211;DIMB IG Südschwarzwald;Landkreis Emmendingen;Denzlingen;17
d342c4b8-1ab0-4ffc-87de-d7a94f38eb9f;Baden-Württemberg;79215;DIMB IG Südschwarzwald;Landkreis Emmendingen;Biederbach, Elzach;17
c453bd3d-ce7f-40eb-ab15-1ab3f17fe6c6;Baden-Württemberg;79219;DIMB IG Südschwarzwald;Landkreis Breisgau-Hochschwarzwald;Staufen im Breisgau;17
cca7ca57-5307-43c1-bbf1-6a1a36e8933c;Baden-Württemberg;79224;DIMB IG Südschwarzwald;Landkreis Breisgau-Hochschwarzwald;Umkirch;17
4b630681-0a09-479f-bfe4-3904c7deb57d;Baden-Württemberg;79227;DIMB IG Südschwarzwald;Landkreis Breisgau-Hochschwarzwald;Schallstadt;17
3bfa530d-ff3e-4952-9d4c-af8a209b5a09;Baden-Württemberg;79232;DIMB IG Südschwarzwald;Landkreis Breisgau-Hochschwarzwald;March;17
231cba80-ed73-44bb-ba44-64922717e35e;Baden-Württemberg;79235;DIMB IG Südschwarzwald;Landkreis Breisgau-Hochschwarzwald;Vogtsburg im Kaiserstuhl;17
0bed1e80-e364-4e27-b3a1-1c525ab88a6a;Baden-Württemberg;79238;DIMB IG Südschwarzwald;Landkreis Breisgau-Hochschwarzwald;Ehrenkirchen;17
e9d31ff5-fdb9-4795-b270-2a08ddf41bc8;Baden-Württemberg;79241;DIMB IG Südschwarzwald;Landkreis Breisgau-Hochschwarzwald;Ihringen;17
a98b0dfc-6683-4659-8de2-6bc1ba842156;Baden-Württemberg;79244;DIMB IG Südschwarzwald;Landkreis Breisgau-Hochschwarzwald;Münstertal/Schwarzwald;17
c21058d3-80e1-4bcb-a8b1-ac2d62ffbbe3;Baden-Württemberg;79249;DIMB IG Südschwarzwald;Landkreis Breisgau-Hochschwarzwald;Merzhausen;17
ff92832b-be4d-4165-88e4-77003312b977;Baden-Württemberg;79252;DIMB IG Südschwarzwald;Landkreis Breisgau-Hochschwarzwald;Stegen;17
ec9c529e-c7be-45b7-93cb-c46133df94a4;Baden-Württemberg;79254;DIMB IG Südschwarzwald;Landkreis Breisgau-Hochschwarzwald;Oberried;17
db13a1bd-e0ab-4366-916c-13bf7a590239;Baden-Württemberg;79256;DIMB IG Südschwarzwald;Landkreis Breisgau-Hochschwarzwald;Buchenbach;17
baf00616-5bff-47a9-92dc-0c2c3fd4c91b;Baden-Württemberg;79258;DIMB IG Südschwarzwald;Landkreis Breisgau-Hochschwarzwald;Hartheim am Rhein;17
dc227939-af35-4d43-9e8c-c330590d1746;Baden-Württemberg;79261;DIMB IG Südschwarzwald;Landkreis Emmendingen;Gutach im Breisgau;17
574aa6d9-8ba2-4123-a707-1d8b3d8f53eb;Baden-Württemberg;79263;DIMB IG Südschwarzwald;Landkreis Emmendingen;Simonswald;17
b67ec8d2-cb32-405f-9d99-c9f94630eefc;Baden-Württemberg;79268;DIMB IG Südschwarzwald;Landkreis Breisgau-Hochschwarzwald;Bötzingen;17
ff38cee1-270d-460b-90ce-cf658c037f79;Baden-Württemberg;79271;DIMB IG Südschwarzwald;Landkreis Breisgau-Hochschwarzwald;Sankt Peter, Simonswald;17
b2d5a823-12f2-41bd-a497-4cd27eb04305;Baden-Württemberg;79274;DIMB IG Südschwarzwald;Landkreis Breisgau-Hochschwarzwald;St. Märgen;17
15c76210-a83f-4394-80f0-f8c7efd29859;Baden-Württemberg;79276;DIMB IG Südschwarzwald;Landkreis Emmendingen;Reute;17
cbb71a38-76c9-46a6-8abe-e3ce46c09df0;Baden-Württemberg;79279;DIMB IG Südschwarzwald;Landkreis Emmendingen;Vörstetten;17
849753c2-6961-4620-80f6-304e37e2dcde;Baden-Württemberg;79280;DIMB IG Südschwarzwald;Landkreis Breisgau-Hochschwarzwald;Au;17
7ffe1b63-a293-4b67-9252-562078a572a4;Baden-Württemberg;79282;DIMB IG Südschwarzwald;Landkreis Breisgau-Hochschwarzwald;Ballrechten-Dottingen;17
51863d1c-4131-493f-816b-8dd06dcd59bb;Baden-Württemberg;79283;DIMB IG Südschwarzwald;Landkreis Breisgau-Hochschwarzwald;Bollschweil;17
364e4895-a3bf-4f26-ab4e-225789c3df60;Baden-Württemberg;79285;DIMB IG Südschwarzwald;Landkreis Breisgau-Hochschwarzwald;Ebringen;17
c49327da-452e-4312-9a95-5446a5113ebf;Baden-Württemberg;79286;DIMB IG Südschwarzwald;Landkreis Breisgau-Hochschwarzwald;Glottertal;17
192af6e3-8c58-47f7-a5ae-1ca068275a26;Baden-Württemberg;79288;DIMB IG Südschwarzwald;Landkreis Breisgau-Hochschwarzwald;Gottenheim;17
14ed896b-95cc-4b58-9a15-9307bf871d62;Baden-Württemberg;79289;DIMB IG Südschwarzwald;Landkreis Breisgau-Hochschwarzwald;Horben;17
e4ec2240-eace-490a-b71f-340552bf4d5a;Baden-Württemberg;79291;DIMB IG Südschwarzwald;Landkreis Breisgau-Hochschwarzwald;Merdingen;17
7fe17132-f500-4134-a4aa-36d5c6358fe4;Baden-Württemberg;79292;DIMB IG Südschwarzwald;Landkreis Breisgau-Hochschwarzwald;Pfaffenweiler;17
55f3e9e3-3322-49ad-bdd9-265d8249f218;Baden-Württemberg;79294;DIMB IG Südschwarzwald;Landkreis Breisgau-Hochschwarzwald;Sölden;17
9f32441d-a802-4e70-ac1c-ce3c7ae13748;Baden-Württemberg;79295;DIMB IG Südschwarzwald;Landkreis Breisgau-Hochschwarzwald;Sulzburg;17
ca2d39f3-28c0-4c51-8439-388004f78c1d;Baden-Württemberg;79297;DIMB IG Südschwarzwald;Landkreis Emmendingen;Winden im Elztal;17
f65031c1-8f98-4d78-bfc0-32726721cf0d;Baden-Württemberg;79299;DIMB IG Südschwarzwald;Landkreis Breisgau-Hochschwarzwald;Wittnau;17
6ccded0f-c19a-4e87-ba30-e7adc7c6933b;Baden-Württemberg;79312;DIMB IG Südschwarzwald;Landkreis Emmendingen;Emmendingen, Teningen;17
b77d1994-649f-491d-876d-6dc336d2dc54;Baden-Württemberg;79331;DIMB IG Südschwarzwald;Landkreis Emmendingen;Teningen;17
a02f35c1-a742-43ca-91b8-252542d32600;Baden-Württemberg;79336;DIMB IG Südschwarzwald;Landkreis Emmendingen;Herbolzheim;17
20db6086-db7e-41c2-8780-609c72691b53;Baden-Württemberg;79341;DIMB IG Südschwarzwald;Landkreis Emmendingen;Kenzingen;17
1c41eabe-8321-4a74-b1b4-f7a52f1c3842;Baden-Württemberg;79346;DIMB IG Südschwarzwald;Landkreis Emmendingen;Endingen;17
e1932a0d-4bd3-417e-8217-210af4d6d588;Baden-Württemberg;79348;DIMB IG Südschwarzwald;Landkreis Emmendingen;Freiamt;17
73e96a24-d8f4-4ef0-ac2e-9f51a5a55222;Baden-Württemberg;79350;DIMB IG Südschwarzwald;Landkreis Emmendingen;Sexau;17
f62eff3b-dfc3-49c2-861f-03c318366128;Baden-Württemberg;79353;DIMB IG Südschwarzwald;Landkreis Emmendingen;Bahlingen;17
d1590e3c-6b95-4152-b456-0ac89b36dd69;Baden-Württemberg;79356;DIMB IG Südschwarzwald;Landkreis Breisgau-Hochschwarzwald;Eichstetten;17
eb0b60d0-8b46-4dfc-8329-afd1ab6f898d;Baden-Württemberg;79359;DIMB IG Südschwarzwald;Landkreis Emmendingen;Riegel;17
6fec40f2-109b-48a6-87b1-24df0d60a480;Baden-Württemberg;79361;DIMB IG Südschwarzwald;Landkreis Emmendingen;Sasbach am Kaiserstuhl;17
3495584c-42f8-4f01-b9c1-c1ff182b3c82;Baden-Württemberg;79362;DIMB IG Südschwarzwald;Landkreis Emmendingen;Forchheim;17
e85cfdfc-e489-437b-a915-b808e62c1bc1;Baden-Württemberg;79364;DIMB IG Südschwarzwald;Landkreis Emmendingen;Malterdingen;17
507d002d-7fee-41ba-b008-c1baa2ae1c99;Baden-Württemberg;79365;DIMB IG Südschwarzwald;Landkreis Emmendingen;Rheinhausen;17
a85f3304-93e0-4b9d-ac14-137f65d04616;Baden-Württemberg;79367;DIMB IG Südschwarzwald;Landkreis Emmendingen;Weisweil;17
f48f9cf4-a735-4f4e-9194-44a52ca40d90;Baden-Württemberg;79369;DIMB IG Südschwarzwald;Landkreis Emmendingen;Wyhl;17
3b27e033-7197-4b32-9117-508b73fc67c0;Baden-Württemberg;79379;DIMB IG Südschwarzwald;Landkreis Breisgau-Hochschwarzwald;Müllheim;17
52592333-ee05-45cf-9b81-9aa9f0c8ff37;Baden-Württemberg;79395;DIMB IG Südschwarzwald;Landkreis Breisgau-Hochschwarzwald;Neuenburg am Rhein;17
20e60838-5953-40a2-b3e6-c6e69cc2e53c;Baden-Württemberg;79400;DIMB IG Südschwarzwald;Landkreis Lörrach;Kandern;17
9bb0df73-4377-49aa-ad6c-6011f4e60092;Baden-Württemberg;79410;DIMB IG Südschwarzwald;Landkreis Breisgau-Hochschwarzwald;Badenweiler;17
bae262ff-155a-4fbc-a103-415b64bc4288;Baden-Württemberg;79415;DIMB IG Südschwarzwald;Landkreis Lörrach;Bad Bellingen;17
d795a71a-36ac-48a6-931e-675ec33e953b;Baden-Württemberg;79418;DIMB IG Südschwarzwald;Landkreis Lörrach;Schliengen;17
487dd7b2-f01d-4654-8dd0-b0a6432aaa30;Baden-Württemberg;79423;DIMB IG Südschwarzwald;Landkreis Breisgau-Hochschwarzwald;Heitersheim;17
2504a81f-22a4-41ce-ab29-408061c6d1c0;Baden-Württemberg;79424;DIMB IG Südschwarzwald;Landkreis Breisgau-Hochschwarzwald;Auggen;17
b457cf63-5ae3-4b43-a859-adcc4724e2df;Baden-Württemberg;79426;DIMB IG Südschwarzwald;Landkreis Breisgau-Hochschwarzwald;Buggingen;17
aae90a18-e6e5-42c6-ac05-02ea92bc0863;Baden-Württemberg;79427;DIMB IG Südschwarzwald;Landkreis Breisgau-Hochschwarzwald;Eschbach;17
511f278f-12a6-4b71-9aa0-f649bf7972bd;Baden-Württemberg;79429;DIMB IG Südschwarzwald;Landkreis Lörrach;Malsburg-Marzell;17
6d5ce645-c044-4820-a3e3-4215326b9e38;Baden-Württemberg;79539;DIMB IG Südschwarzwald;Landkreis Lörrach;Lörrach;17
85c5880f-999b-4f8f-b551-ffd90b85b392;Baden-Württemberg;79540;DIMB IG Südschwarzwald;Landkreis Lörrach;Lörrach;17
753ea628-6164-466e-890f-fb9a7f23717a;Baden-Württemberg;79541;DIMB IG Südschwarzwald;Landkreis Lörrach;Lörrach;17
999de90c-f0af-4d08-bc15-4959e77e3c7c;Baden-Württemberg;79576;DIMB IG Südschwarzwald;Landkreis Lörrach;Weil am Rhein;17
e4eda04b-4d2f-4579-9d63-42f1daf1a0a0;Baden-Württemberg;79585;DIMB IG Südschwarzwald;Landkreis Lörrach;Steinen;17
59dc7ab9-afb4-4f55-a8d8-534c01cb3b55;Baden-Württemberg;79588;DIMB IG Südschwarzwald;Landkreis Lörrach;Efringen-Kirchen;17
91d5ad04-025f-45bd-a557-4e94f353267c;Baden-Württemberg;79589;DIMB IG Südschwarzwald;Landkreis Lörrach;Binzen;17
2132d7c3-e5b6-422b-aa5c-29edc6efe0c3;Baden-Württemberg;79591;DIMB IG Südschwarzwald;Landkreis Lörrach;Eimeldingen;17
73648f51-d1e8-4ba9-8aa1-0a0eb7646f38;Baden-Württemberg;79592;DIMB IG Südschwarzwald;Landkreis Lörrach;Fischingen;17
3cd1684d-1f92-455d-a982-39851af8f946;Baden-Württemberg;79594;DIMB IG Südschwarzwald;Landkreis Lörrach;Inzlingen;17
3bf75e96-da03-45cb-b9b6-682c5ae6152c;Baden-Württemberg;79595;DIMB IG Südschwarzwald;Landkreis Lörrach;Rümmingen;17
df91c398-ff86-4ad9-bad0-15b76782eeef;Baden-Württemberg;79597;DIMB IG Südschwarzwald;Landkreis Lörrach;Schallbach;17
40ad1487-b1e4-426d-b9b4-d44ad05b82e3;Baden-Württemberg;79599;DIMB IG Südschwarzwald;Landkreis Lörrach;Wittlingen;17
7add908f-5d47-4fc3-a011-454824b08a0b;Baden-Württemberg;79618;DIMB IG Südschwarzwald;Landkreis Lörrach;Rheinfelden (Baden);17
5c32bb53-57a8-4411-a2f4-c72a683c9d82;Baden-Württemberg;79639;DIMB IG Südschwarzwald;Landkreis Lörrach;Grenzach-Wyhlen;17
779e750f-686c-4d56-b93d-eb49c235021f;Baden-Württemberg;79650;DIMB IG Südschwarzwald;Landkreis Lörrach;Schopfheim;17
743cc5da-fdc7-4313-83a9-e231c5feea26;Baden-Württemberg;79664;DIMB IG Südschwarzwald;Landkreis Waldshut;Wehr;17
922abb1a-c921-4cfa-84e7-62e8c84e04d3;Baden-Württemberg;79669;DIMB IG Südschwarzwald;Landkreis Lörrach;Zell im Wiesental;17
c50fb6f5-89fa-41dc-a275-c22b94d7e2a2;Baden-Württemberg;79674;DIMB IG Südschwarzwald;Landkreis Lörrach;Todtnau;17
edb7b70b-d7a4-4b36-aef3-5f12cf9e6a14;Baden-Württemberg;79677;DIMB IG Südschwarzwald;Landkreis Lörrach;Aitern, Böllen, Fröhnd, Schönau im Schwarzwald, Schönenberg, Tunau, Wembach;17
01731f0a-47b3-47ae-9375-5bd87014ffad;Baden-Württemberg;79682;DIMB IG Südschwarzwald;Landkreis Waldshut;Todtmoos;17
573cdb3b-8799-4eca-80d3-c3d656a2bbdd;Baden-Württemberg;79685;DIMB IG Südschwarzwald;Landkreis Lörrach;Häg-Ehrsberg;17
2c618dd8-735d-4e75-9f48-0f735fea13c7;Baden-Württemberg;79686;DIMB IG Südschwarzwald;Landkreis Lörrach;Hasel;17
a6d27211-b47a-46c2-b7f1-ef1d688ba752;Baden-Württemberg;79688;DIMB IG Südschwarzwald;Landkreis Lörrach;Hausen im Wiesental;17
e403cfde-18f7-4109-b5d3-63440fba9206;Baden-Württemberg;79689;DIMB IG Südschwarzwald;Landkreis Lörrach;Maulburg;17
52e6d171-af08-4e34-8940-214c51d57c79;Baden-Württemberg;79692;DIMB IG Südschwarzwald;Landkreis Lörrach;Kleines Wiesental;17
756d98aa-4c5a-496c-ad81-b64372c1032a;Baden-Württemberg;79694;DIMB IG Südschwarzwald;Landkreis Lörrach;Utzenfeld;17
ffb28c5b-e235-44b7-8e98-ff8754ea8402;Baden-Württemberg;79695;DIMB IG Südschwarzwald;Landkreis Lörrach;Wieden;17
aa079482-ea50-41c9-9564-8ce78c8f63d1;Baden-Württemberg;79713;DIMB IG Südschwarzwald;Landkreis Waldshut;Bad Säckingen;17
0dbdf863-87cf-402f-96ec-5f076cbbc71b;Baden-Württemberg;79725;DIMB IG Südschwarzwald;Landkreis Waldshut;Laufenburg (Baden);17
1b993dd2-46f8-4b08-8356-a1f2caaab2b1;Baden-Württemberg;79730;DIMB IG Südschwarzwald;Landkreis Waldshut;Murg;17
bc66f4b7-5268-42e1-8fa6-383c2c7681ce;Baden-Württemberg;79733;DIMB IG Südschwarzwald;Landkreis Waldshut;Görwihl;17
55b13c8a-cea6-4027-86ed-8cb5a618650e;Baden-Württemberg;79736;DIMB IG Südschwarzwald;Landkreis Waldshut;Rickenbach;17
857f61e2-039e-43b6-8926-4fe44389b178;Baden-Württemberg;79737;DIMB IG Südschwarzwald;Landkreis Waldshut;Herrischried;17
21c7234a-4dea-4a26-9616-46ddb0cfcaaa;Baden-Württemberg;79739;DIMB IG Südschwarzwald;Landkreis Lörrach;Schwörstadt;17
ac8d06c0-e291-48f4-a9c8-8c26e55d750f;Baden-Württemberg;79761;DIMB IG Südschwarzwald;Landkreis Waldshut;Waldshut-Tiengen;17
20dd1c9a-ca12-43a4-9219-d50da63b065a;Baden-Württemberg;79771;DIMB IG Südschwarzwald;Landkreis Waldshut;Klettgau;17
20438b4b-75dc-468a-86fa-3d31a62be7de;Baden-Württemberg;79774;DIMB IG Südschwarzwald;Landkreis Waldshut;Albbruck;17
1ae86300-15ae-427e-8238-34dd31859c13;Baden-Württemberg;79777;DIMB IG Südschwarzwald;Landkreis Waldshut;Ühlingen-Birkendorf;17
9679340f-145e-4ce7-b253-e31c2b79938d;Baden-Württemberg;79780;DIMB IG Südschwarzwald;Landkreis Waldshut;Stühlingen;17
32dca4c2-027e-4b35-9cc5-a351b9f59e6b;Baden-Württemberg;79787;DIMB IG Südschwarzwald;Landkreis Waldshut;Lauchringen;17
287c045f-513c-4af2-a76e-4279fdb0d358;Baden-Württemberg;79790;DIMB IG Südschwarzwald;Landkreis Waldshut;Küssaberg;17
52d01254-af88-4eed-b00f-ce61061c9908;Baden-Württemberg;79793;DIMB IG Südschwarzwald;Landkreis Waldshut;Wutöschingen;17
9eed5b8a-ae7f-4e79-97b6-fc03d105b765;Baden-Württemberg;79798;DIMB IG Südschwarzwald;Landkreis Waldshut;Jestetten;17
48b6ef47-d968-4aea-a23a-51acd47ea0d0;Baden-Württemberg;79801;DIMB IG Südschwarzwald;Landkreis Waldshut;Hohentengen am Hochrhein;17
43c6e085-5013-46a9-a837-20a03acaec97;Baden-Württemberg;79802;DIMB IG Südschwarzwald;Landkreis Waldshut;Dettighofen;17
ad6e8d52-b620-412d-8687-49999d8f4241;Baden-Württemberg;79804;DIMB IG Südschwarzwald;Landkreis Waldshut;Dogern;17
32e5fee9-66b8-4ae0-9f3f-97c12b0ba518;Baden-Württemberg;79805;DIMB IG Südschwarzwald;Landkreis Waldshut;Eggingen;17
ee44b0e0-08a6-4856-8668-bad0a52b7ca1;Baden-Württemberg;79807;DIMB IG Südschwarzwald;Landkreis Waldshut;Lottstetten;17
efea7230-b504-4ba8-85d5-9970ead9d379;Baden-Württemberg;79809;DIMB IG Südschwarzwald;Landkreis Waldshut;Weilheim;17
dc5650d8-d9d2-441d-9c59-cb8b14e3b251;Baden-Württemberg;79822;DIMB IG Südschwarzwald;Landkreis Breisgau-Hochschwarzwald;Titisee-Neustadt;17
f1c85795-56a1-4f34-a264-65b518ba57d9;Baden-Württemberg;79837;DIMB IG Südschwarzwald;Landkreis Waldshut;Dachsberg (Südschwarzwald), Häusern, Ibach, St. Blasien;17
3606ccf3-a35b-40e8-84f0-3f3d9ccc4fce;Baden-Württemberg;79843;DIMB IG Südschwarzwald;Landkreis Breisgau-Hochschwarzwald;Löffingen;17
dc76d797-8e30-46b1-860c-be93377ae5e2;Baden-Württemberg;79848;DIMB IG Südschwarzwald;Landkreis Waldshut;Bonndorf im Schwarzwald;17
46150218-e396-4552-85bf-36f7de6456f6;Baden-Württemberg;79853;DIMB IG Südschwarzwald;Landkreis Breisgau-Hochschwarzwald;Lenzkirch;17
4f97d0de-8355-4951-ba03-fead4a5c91e8;Baden-Württemberg;79856;DIMB IG Südschwarzwald;Landkreis Breisgau-Hochschwarzwald;Hinterzarten;17
857500e9-a378-4cdf-9f85-d880b0e868b1;Baden-Württemberg;79859;DIMB IG Südschwarzwald;Landkreis Breisgau-Hochschwarzwald;Schluchsee;17
a4037772-d869-49a6-a8dc-68044d1fdd0a;Baden-Württemberg;79862;DIMB IG Südschwarzwald;Landkreis Waldshut;Höchenschwand;17
c68d628b-9c85-408e-9e7b-43c013a0411b;Baden-Württemberg;79865;DIMB IG Südschwarzwald;Landkreis Waldshut;Grafenhausen;17
b9f6d6b6-ce37-492e-8d61-18e015eba10d;Baden-Württemberg;79868;DIMB IG Südschwarzwald;Landkreis Breisgau-Hochschwarzwald;Feldberg;17
7717c1f2-5347-4d6a-b592-20983cb96921;Baden-Württemberg;79871;DIMB IG Südschwarzwald;Landkreis Breisgau-Hochschwarzwald;Eisenbach;17
31ae66e4-aea7-4e8c-ae53-278f450de13b;Baden-Württemberg;79872;DIMB IG Südschwarzwald;Landkreis Waldshut;Bernau im Schwarzwald;17
17d09ce3-f00f-4894-ba43-8fa0bdf33f20;Baden-Württemberg;79874;DIMB IG Südschwarzwald;Landkreis Breisgau-Hochschwarzwald;Breitnau;17
8c1197d0-8079-4a31-a261-9e399d7c879e;Baden-Württemberg;79875;DIMB IG Südschwarzwald;Landkreis Waldshut;Dachsberg (Südschwarzwald);17
0ae58843-79f0-454d-9ff3-0e6ddf2c12cd;Baden-Württemberg;79877;DIMB IG Südschwarzwald;Landkreis Breisgau-Hochschwarzwald;Friedenweiler;17
2b472220-6f31-4758-97d8-07f041621581;Baden-Württemberg;79879;DIMB IG Südschwarzwald;Landkreis Waldshut;Wutach;17
70802462-60b7-48c0-aabe-521cf3641d47;Bayern;80331;DIMB IG München und Umland;Stadt München;München;7
fc3906cb-24d5-48e9-851e-2447769334b2;Bayern;80333;DIMB IG München und Umland;Stadt München;München;7
cfb2deb0-b5cf-4e04-92af-b1fa62d99ee0;Bayern;80335;DIMB IG München und Umland;Stadt München;München;7
307cd761-70cd-401d-ada5-f44a56155415;Bayern;80336;DIMB IG München und Umland;Stadt München;München;7
3b081f42-e7cc-4632-8651-60f4c3927a6e;Bayern;80337;DIMB IG München und Umland;Stadt München;München;7
79002eb4-43c6-4f8a-94d9-ca5fe61d555a;Bayern;80339;DIMB IG München und Umland;Stadt München;München;7
c78e9db0-43cc-46ee-a248-16863d749054;Bayern;80469;DIMB IG München und Umland;Stadt München;München;7
764f7124-3830-4338-9df3-ada22de0f514;Bayern;80538;DIMB IG München und Umland;Stadt München;München;7
48123bb9-b83a-475b-830d-163af07d1d6e;Bayern;80539;DIMB IG München und Umland;Stadt München;München;7
02231d5d-74ac-4e12-a511-4c731bd2f64e;Bayern;80634;DIMB IG München und Umland;Stadt München;München;7
da95e574-2a37-47c6-abf2-0a5ddf607dbe;Bayern;80636;DIMB IG München und Umland;Stadt München;München;7
5f6e3327-a36e-4a21-81e3-970765812b8b;Bayern;80637;DIMB IG München und Umland;Stadt München;München;7
8a7fb591-0d38-4ae4-b329-7be2bfb59215;Bayern;80638;DIMB IG München und Umland;Stadt München;München;7
6cc8b66e-8d9e-4bd3-bd5b-8c55a0394f91;Bayern;80639;DIMB IG München und Umland;Stadt München;München;7
14090626-b058-43a0-a798-a4b69ca25ce1;Bayern;80686;DIMB IG München und Umland;Stadt München;München;7
f948e0ff-029c-45b1-af68-c486946c92db;Bayern;80687;DIMB IG München und Umland;Stadt München;München;7
7cd53d68-45cc-47e2-adf7-1a872adb6d40;Bayern;80689;DIMB IG München und Umland;Stadt München;München;7
88cef2ed-be23-4c0f-9736-ed1f2e8c2ab2;Bayern;80796;DIMB IG München und Umland;Stadt München;München;7
feef7586-7442-4e90-bead-4f46de220009;Bayern;80797;DIMB IG München und Umland;Stadt München;München;7
e7684183-9b93-42f6-8594-f533ba6dc48a;Bayern;80798;DIMB IG München und Umland;Stadt München;München;7
5d9b763c-78d1-414b-887f-26bf10586b6e;Bayern;80799;DIMB IG München und Umland;Stadt München;München;7
45abb3b2-4196-4e1d-a780-9dc55f2645f3;Bayern;80801;DIMB IG München und Umland;Stadt München;München;7
3baf47a7-b6a3-4ba6-87ac-9d14acb9189d;Bayern;80802;DIMB IG München und Umland;Stadt München;München;7
049a75f5-1d61-46e1-9ee7-c399e241edb8;Bayern;80803;DIMB IG München und Umland;Stadt München;München;7
fbb48554-b09d-431a-8515-f78fc3de8812;Bayern;80804;DIMB IG München und Umland;Stadt München;München;7
12af2252-e5f8-4cc2-9fb7-97ef13a6fbcc;Bayern;80805;DIMB IG München und Umland;Stadt München;München;7
a8c2d8e6-e6fd-426b-ad99-4f416c9ceb16;Bayern;80807;DIMB IG München und Umland;Stadt München;München;7
60d7c356-ba8b-4326-ace8-63460f05222f;Bayern;80809;DIMB IG München und Umland;Stadt München;München;7
f2645a4b-6299-4776-aca8-ff6ddc46b9ac;Bayern;80933;DIMB IG München und Umland;Stadt München;München;7
8a90c994-0341-4b8e-8cd0-fbf90d3b9ff2;Bayern;80935;DIMB IG München und Umland;Stadt München;München;7
4ea1d9b0-f202-4198-a695-25ed12105a35;Bayern;80937;DIMB IG München und Umland;Stadt München;München;7
787f2d1d-3bd9-4240-96cb-1e26a34fabc3;Bayern;80939;DIMB IG München und Umland;Stadt München;München;7
8f6dcc1b-d399-4d16-84a3-65a9f4e64fc8;Bayern;80992;DIMB IG München und Umland;Stadt München;München;7
491130eb-6103-4694-af9d-ccaeccdfcc21;Bayern;80993;DIMB IG München und Umland;Stadt München;München;7
6cbdff65-383b-4a3d-a92f-a7cfac01b971;Bayern;80995;DIMB IG München und Umland;Stadt München;München;7
14b01ae7-2734-4093-80b0-ee4f118f82f5;Bayern;80997;DIMB IG München und Umland;Stadt München;München;7
3f1f8c77-9af3-4b00-a0f8-dedf8f036d86;Bayern;80999;DIMB IG München und Umland;Stadt München;München;7
a020b8a0-8557-4dc8-8f90-c9166e27d053;Bayern;81241;DIMB IG München und Umland;Stadt München;München;7
d7231db2-0452-4580-a3c2-d98da82fdef4;Bayern;81243;DIMB IG München und Umland;Stadt München;München;7
8c4f1863-48c9-46f6-bc23-ee09d86be329;Bayern;81245;DIMB IG München und Umland;Stadt München;München;7
e16232ee-33b0-4a47-bb7f-b52a5df2413b;Bayern;81247;DIMB IG München und Umland;Stadt München;München;7
ecd2bf84-06f2-4409-8eb4-211d09731101;Bayern;81249;DIMB IG München und Umland;Stadt München;München;7
1bb7a4a9-b5b1-4b14-927d-930395223ed8;Bayern;81369;DIMB IG München und Umland;Stadt München;München;7
2c5bde6e-fe11-4060-8e66-3d6256ff55ed;Bayern;81371;DIMB IG München und Umland;Stadt München;München;7
18396585-8793-4807-8775-5f4cbdb3c4d4;Bayern;81373;DIMB IG München und Umland;Stadt München;München;7
a5bc366c-d936-4930-86ab-faf1aadb75ee;Bayern;81375;DIMB IG München und Umland;Stadt München;München;7
93cbdd8d-de7f-4adc-a44f-0df6d5924cc4;Bayern;81377;DIMB IG München und Umland;Stadt München;München;7
28eb76a7-f3d8-446f-bd90-b1f3b6adbe34;Bayern;81379;DIMB IG München und Umland;Stadt München;München;7
b28b63c2-f45c-4329-8b0d-e02b7585116e;Bayern;81475;DIMB IG München und Umland;Stadt München;München;7
f2804aac-ef7c-4aab-a81a-1171d9ef38cb;Bayern;81476;DIMB IG München und Umland;Stadt München;München;7
2ab79992-870b-40af-887e-895390a6ce7e;Bayern;81477;DIMB IG München und Umland;Stadt München;München;7
71351b3b-5163-4c67-b476-5b5f6110548a;Bayern;81479;DIMB IG München und Umland;Stadt München;München;7
43bdd64d-4ad4-410f-b51f-bc71d5369e8e;Bayern;81539;DIMB IG München und Umland;Stadt München;München;7
d0db3b54-071f-45ff-861a-1a30fe5faf5d;Bayern;81541;DIMB IG München und Umland;Stadt München;München;7
e42ab056-0d61-422f-a0a6-4e86b305a7d4;Bayern;81543;DIMB IG München und Umland;Stadt München;München;7
2ec0a493-0931-43f4-8a63-de98c5662050;Bayern;81545;DIMB IG München und Umland;Stadt München;München;7
bf8756a8-4c67-4618-843b-7c2851da32d3;Bayern;81547;DIMB IG München und Umland;Stadt München;München;7
fcb95a55-eb58-45ad-a72b-73fe556bc5b3;Bayern;81549;DIMB IG München und Umland;Stadt München;München;7
6b633a2b-2419-47fc-80c0-d17a4862b530;Bayern;81667;DIMB IG München und Umland;Stadt München;München;7
8cc35583-34db-4e94-b67e-475cd239c8ba;Bayern;81669;DIMB IG München und Umland;Stadt München;München;7
c942e7d1-5853-4971-b368-10de9c5fd42f;Bayern;81671;DIMB IG München und Umland;Stadt München;München;7
7d2c15cb-c52a-48fb-938c-d39aae4211b5;Bayern;81673;DIMB IG München und Umland;Stadt München;München;7
28577f32-da6c-48d1-932a-107a213436a8;Bayern;81675;DIMB IG München und Umland;Stadt München;München;7
660f58e7-fec8-433b-b90b-d041fd00667c;Bayern;81677;DIMB IG München und Umland;Stadt München;München;7
29b801d5-24c9-4689-a608-055d29242707;Bayern;81679;DIMB IG München und Umland;Stadt München;München;7
2c7a346b-1885-4c61-8bfd-ed9b7a54a310;Bayern;81735;DIMB IG München und Umland;Stadt München;München;7
a2553630-2756-44cb-aeef-28e45fe1ac49;Bayern;81737;DIMB IG München und Umland;Stadt München;München;7
a9cb0e2e-8d7f-4982-881e-95f9a11e1177;Bayern;81739;DIMB IG München und Umland;Stadt München;München;7
468a1dd1-5cde-48b4-a72d-37459bd1f0a3;Bayern;81825;DIMB IG München und Umland;Stadt München;München;7
bfa8da56-b7ba-44c8-b813-f93e597e0568;Bayern;81827;DIMB IG München und Umland;Stadt München;München;7
0ff1d83e-3274-4571-b412-3537460bb96a;Bayern;81829;DIMB IG München und Umland;Stadt München;München;7
fa74c161-8b5a-42e9-b584-deb655b68f47;Bayern;81925;DIMB IG München und Umland;Stadt München;München;7
f6bbadd6-d366-4fe9-aab5-127a669c661f;Bayern;81927;DIMB IG München und Umland;Stadt München;München;7
2062c800-1fb1-440f-b7f1-6cce2c539e74;Bayern;81929;DIMB IG München und Umland;Stadt München;München;7
1fb6a120-cbab-47d1-84b5-bd919eca6ab4;Bayern;82008;DIMB IG München und Umland;Landkreis München;Unterhaching;7
37d5eaeb-0397-4682-b8de-ed829faee829;Bayern;82024;DIMB IG München und Umland;Landkreis München;Taufkirchen;7
a01f7161-8f9d-4cab-8839-bdaf1ac5395f;Bayern;82031;DIMB IG München und Umland;Landkreis München;Grünwald;7
bef84d40-df5e-49b0-b6e9-9ed65373ba65;Bayern;82041;DIMB IG München und Umland;Landkreis München;Oberhaching;7
894d2a79-8dd9-44e6-8b8c-7000feba33c3;Bayern;82049;DIMB IG München und Umland;Landkreis München;Pullach im Isartal;7
efae8093-409f-45d8-9907-2ba5953800bc;Bayern;82054;DIMB IG München und Umland;Landkreis München;Sauerlach;7
0b598f1d-3960-4041-abf4-6f8930c56483;Bayern;82057;DIMB IG Bayerische Voralpen;Landkreis Bad Tölz-Wolfratshausen;Icking;27
b0db9dd4-da8f-4d22-bd9e-477f0cfb5e3e;Bayern;82061;DIMB IG München und Umland;Landkreis München;Neuried;7
72e32f7f-98b8-4a4c-800d-e8e2ff5e7b97;Bayern;82064;DIMB IG München und Umland;Landkreis München;Grünwald, Oberhaching,  Straßlach-Dingharting;7
2ba52151-7e4b-4fce-b42b-6c53553d6643;Bayern;82065;DIMB IG München und Umland;Landkreis München;Baierbrunn;7
2282588e-7e47-4135-9209-70a4df87831d;Bayern;82067;DIMB IG München und Umland;Landkreis München;Schäftlarn;7
5e9ffc00-c839-4412-8ce7-e7aa4e0fc8c0;Bayern;82069;DIMB IG München und Umland;Landkreis München;Schäftlarn;7
1425190f-051b-4952-a923-939dddf3c56c;Bayern;82110;DIMB IG Fünf-Seen-Land;Landkreis Fürstenfeldbruck;Germering;2
62af1815-a568-47ae-810f-a2e153002a67;Bayern;82131;DIMB IG Fünf-Seen-Land;Landkreis Starnberg;Gauting, Neuried;2
4dc5449f-7444-484f-af4e-bc565501e325;Bayern;82140;DIMB IG Fünf-Seen-Land;Landkreis Fürstenfeldbruck;Olching;2
ba6c6f5d-cbdd-4c86-a6c2-96f7ef1f30f4;Bayern;82152;DIMB IG Fünf-Seen-Land;Landkreis Starnberg;Krailling, Planegg;2
195d5be3-7381-4d64-b813-8fee06827ade;Bayern;82166;DIMB IG München und Umland;Landkreis München;Gräfelfing;7
9412f5dd-3452-4e48-b77c-9c2c1eae6863;Bayern;82178;DIMB IG Fünf-Seen-Land;Landkreis Fürstenfeldbruck;Puchheim;2
96c69b57-ce90-4db8-84ae-8c9582705196;Bayern;82194;DIMB IG Fünf-Seen-Land;Landkreis Fürstenfeldbruck;Gröbenzell;2
17c3059a-1ae4-4cd1-b721-d8262a01ee2e;Bayern;82205;DIMB IG Fünf-Seen-Land;Landkreis Starnberg;Gilching;2
534c0ca4-f82f-4d45-97f2-ab4fb245e046;Bayern;82211;DIMB IG Fünf-Seen-Land;Landkreis Starnberg;Herrsching am Ammersee;2
4f3e9c7e-77e7-4a0e-92f1-a6b69c4265f0;Bayern;82216;DIMB IG Fünf-Seen-Land;Landkreis Fürstenfeldbruck;Maisach;2
1fb4c70c-fadc-4d0d-8bc8-a32d017dd83a;Bayern;82223;DIMB IG Fünf-Seen-Land;Landkreis Fürstenfeldbruck;Eichenau;2
3370dfd1-2afa-40d7-a670-bfcdc80f82b9;Bayern;82229;DIMB IG Fünf-Seen-Land;Landkreis Starnberg;Seefeld;2
ec02a2d2-7fb6-4f83-8ee2-681b7feb1cbf;Bayern;82234;DIMB IG Fünf-Seen-Land;Landkreis Starnberg;Weßling;2
9b7d448e-f056-41a3-b97b-98af3429b335;Bayern;82237;DIMB IG Fünf-Seen-Land;Landkreis Starnberg;Wörthsee;2
b0e66494-f5de-41ba-ad65-9a12f84b1f20;Bayern;82239;DIMB IG Fünf-Seen-Land;Landkreis Fürstenfeldbruck;Alling;2
909fd084-c41e-42f5-b199-57b3d64a2752;Bayern;82256;DIMB IG Fünf-Seen-Land;Landkreis Fürstenfeldbruck;Fürstenfeldbruck;2
17c42856-465a-44a9-a7dc-068e9fb225c1;Bayern;82266;DIMB IG Fünf-Seen-Land;Landkreis Starnberg;Inning am Ammersee;2
d39c60e3-11ad-4210-a30f-5481449f935a;Bayern;82269;DIMB IG Fünf-Seen-Land;Landkreis Landsberg am Lech;Geltendorf;2
0d146b22-b14d-48c8-a455-69e1f1e2dd10;Bayern;82272;DIMB IG Fünf-Seen-Land;Landkreis Fürstenfeldbruck;Moorenweis;2
7f06ee38-0c83-4130-8045-5237d54325f9;Bayern;82275;DIMB IG Fünf-Seen-Land;Landkreis Fürstenfeldbruck;Emmering;2
85b136cb-d553-4cc0-8043-cf83a8e24368;Bayern;82276;DIMB IG Fünf-Seen-Land;Landkreis Fürstenfeldbruck;Adelshofen;2
a12a4f53-22ae-46b9-a676-148cc040a5ad;Bayern;82278;DIMB IG Fünf-Seen-Land;Landkreis Fürstenfeldbruck;Althegnenberg;2
b165b5f9-acb0-423a-9809-fccddeefe958;Bayern;82279;DIMB IG Fünf-Seen-Land;Landkreis Landsberg am Lech;Eching am Ammersee;2
5bb50f45-914d-4a3a-8146-b96a58f54b81;Bayern;82281;DIMB IG Fünf-Seen-Land;Landkreis Fürstenfeldbruck;Egenhofen;2
61891e7f-7f7d-4be9-a336-81318553b8bc;Bayern;82284;DIMB IG Fünf-Seen-Land;Landkreis Fürstenfeldbruck;Grafrath;2
8b1d693e-f7cf-4e59-90f6-86cf98d43317;Bayern;82285;DIMB IG Fünf-Seen-Land;Landkreis Fürstenfeldbruck;Hattenhofen;2
7f0cb018-41a2-4e56-9c22-444c4fc30f77;Bayern;82287;DIMB IG Fünf-Seen-Land;Landkreis Fürstenfeldbruck;Jesenwang;2
a013d425-e96d-430c-8ce2-4fb15e1d67e0;Bayern;82288;DIMB IG Fünf-Seen-Land;Landkreis Fürstenfeldbruck;Kottgeisering;2
2440d623-e695-4b2a-a13e-b632eb78ed04;Bayern;82290;DIMB IG Fünf-Seen-Land;Landkreis Fürstenfeldbruck;Landsberied;2
aa889505-6507-4b2a-858e-bee7764ff576;Bayern;82291;DIMB IG Fünf-Seen-Land;Landkreis Fürstenfeldbruck;Mammendorf;2
b164c27c-f4ff-4521-8657-0d7d5f93b14d;Bayern;82293;DIMB IG Fünf-Seen-Land;Landkreis Fürstenfeldbruck;Mittelstetten;2
56d2d648-f331-4af2-82d1-49fb902c1b49;Bayern;82294;DIMB IG Fünf-Seen-Land;Landkreis Fürstenfeldbruck;Oberschweinbach;2
53f6dfe7-0371-487a-8a92-463407d7dcbc;Bayern;82296;DIMB IG Fünf-Seen-Land;Landkreis Fürstenfeldbruck;Schöngeising;2
9ce34483-a0e2-476a-8351-09373ae1b90e;Bayern;82297;DIMB IG Fünf-Seen-Land;Landkreis Aichach-Friedberg;Steindorf;2
8dc494c8-18a3-4385-b109-7148d7b83ee4;Bayern;82299;DIMB IG Fünf-Seen-Land;Landkreis Fürstenfeldbruck;Türkenfeld;2
c1d1a815-1c1f-48cc-872a-df2de9b9ccb7;Bayern;82319;DIMB IG Fünf-Seen-Land;Landkreis Starnberg;Starnberg;2
679677c5-f4fc-4262-a38d-b49d63a6e147;Bayern;82327;DIMB IG Fünf-Seen-Land;Landkreis Starnberg;Tutzing;2
8f12f254-1960-42be-8c55-5168263c46a0;Bayern;82335;DIMB IG Fünf-Seen-Land;Landkreis Starnberg;Berg;2
6d06b8dc-7a07-49d1-a52a-0ae387419416;Bayern;82340;DIMB IG Fünf-Seen-Land;Landkreis Starnberg;Feldafing;2
609ae98e-bfb4-4104-9be6-ab02cfdeb3ff;Bayern;82343;DIMB IG Fünf-Seen-Land;Landkreis Starnberg;Pöcking;2
5b0a1a8d-d574-4213-9d68-050224cef3e3;Bayern;82346;DIMB IG Fünf-Seen-Land;Landkreis Starnberg;Andechs;2
84d5edd8-9924-439b-951a-231e2ba10bed;Bayern;82347;DIMB IG Zugspitz-Pfaffenwinkl;Landkreis Weilheim-Schongau;Bernried am Starnberger See;83
934bb301-8187-4481-ae07-7b829466317e;Bayern;82349;DIMB IG Fünf-Seen-Land;Landkreis Starnberg;Krailling;2
51591835-f7b5-4b6e-9de0-9e8166a97cc8;Bayern;82362;DIMB IG Zugspitz-Pfaffenwinkl;Landkreis Weilheim-Schongau;Weilheim in Oberbayern;83
816dca7a-26db-41c2-9d59-81336434382e;Bayern;82377;DIMB IG Zugspitz-Pfaffenwinkl;Landkreis Weilheim-Schongau;Penzberg;83
fef4d1d1-ab3d-472b-96c8-e06dea518ea1;Bayern;82380;DIMB IG Zugspitz-Pfaffenwinkl;Landkreis Weilheim-Schongau;Peißenberg;83
c5ec0ce9-9e40-42e9-ad98-5f5682105da6;Bayern;82383;DIMB IG Zugspitz-Pfaffenwinkl;Landkreis Weilheim-Schongau;Hohenpeißenberg;83
f91a1007-4839-4880-9e5e-09ff2c6c1f89;Bayern;82386;DIMB IG Zugspitz-Pfaffenwinkl;Landkreis Weilheim-Schongau;Huglfing, Oberhausen;83
1091383e-e83c-434b-9d55-d151d66b8b62;Bayern;82387;DIMB IG Zugspitz-Pfaffenwinkl;Landkreis Weilheim-Schongau;Antdorf;83
addc43bc-7f37-4d83-b66e-221321fa84e5;Bayern;82389;DIMB IG Zugspitz-Pfaffenwinkl;Landkreis Weilheim-Schongau;Böbing;83
fb1c9538-ca52-47fe-9773-aaaa5acb1b90;Bayern;82390;DIMB IG Zugspitz-Pfaffenwinkl;Landkreis Weilheim-Schongau;Eberfing;83
da103221-e329-467d-a7ee-3801670d96b8;Bayern;82392;DIMB IG Zugspitz-Pfaffenwinkl;Landkreis Weilheim-Schongau;Habach;83
770983d5-03bf-47a9-a1d6-4fe6b8197a80;Bayern;82393;DIMB IG Zugspitz-Pfaffenwinkl;Landkreis Weilheim-Schongau;Iffeldorf;83
00d2dd10-c410-4192-a378-c8e798111a8d;Bayern;82395;DIMB IG Zugspitz-Pfaffenwinkl;Landkreis Weilheim-Schongau;Obersöchering;83
35daf866-f125-4596-9973-ad1ac11fdaa1;Bayern;82396;DIMB IG Zugspitz-Pfaffenwinkl;Landkreis Weilheim-Schongau;Pähl;83
9d0b9fc0-4c77-4d04-9ac5-2ea992a0ec18;Bayern;82398;DIMB IG Zugspitz-Pfaffenwinkl;Landkreis Weilheim-Schongau;Polling;83
51485136-9fed-45f8-888b-a5bfc27d18b0;Bayern;82399;DIMB IG Zugspitz-Pfaffenwinkl;Landkreis Weilheim-Schongau;Raisting;83
df54e6c5-8318-4393-8f84-48a3ba619242;Bayern;82401;DIMB IG Zugspitz-Pfaffenwinkl;Landkreis Weilheim-Schongau;Rottenbuch;83
99bd904a-5ea0-43eb-a363-af77e9efeb4c;Bayern;82402;DIMB IG Zugspitz-Pfaffenwinkl;Landkreis Weilheim-Schongau;Seeshaupt;83
e4a14296-96b2-43f1-b45a-2ec9a205e324;Bayern;82404;DIMB IG Zugspitz-Pfaffenwinkl;Landkreis Weilheim-Schongau;Sindelsdorf;83
18de9520-7264-4f53-b03f-cbcb45dfff55;Bayern;82405;DIMB IG Zugspitz-Pfaffenwinkl;Landkreis Weilheim-Schongau;Wessobrunn;83
1c61754f-40c8-4f15-a5e2-817da13860c4;Bayern;82407;DIMB IG Zugspitz-Pfaffenwinkl;Landkreis Weilheim-Schongau;Wielenbach;83
d6f661a6-db9a-4f96-ae43-d183369dc3b0;Bayern;82409;DIMB IG Zugspitz-Pfaffenwinkl;Landkreis Weilheim-Schongau;Wildsteig;83
6308bc09-fd29-4570-872e-37368f2f76c6;Bayern;82418;DIMB IG Zugspitz-Pfaffenwinkl;Landkreis Garmisch-Partenkirchen;Murnau am Staffelsee, Riegsee, Seehausen am Staffelsee, Spatzenhausen;83
48d6c743-d512-4646-8a74-9b2f83c0c2bf;Bayern;82431;DIMB IG Bayerische Voralpen;Landkreis Bad Tölz-Wolfratshausen;Kochel am See;27
091db114-3ebf-4f3a-8318-ccf4d7cabc86;Bayern;82432;DIMB IG Bayerische Voralpen;Landkreis Bad Tölz-Wolfratshausen;Kochel am See;27
e3be1a65-499f-4102-bc7b-6fc0e43ea9db;Bayern;82433;DIMB IG Zugspitz-Pfaffenwinkl;Landkreis Garmisch-Partenkirchen;Bad Kohlgrub;83
27dd00f2-cd45-4dee-ba96-215bab50bb2b;Bayern;82435;DIMB IG Zugspitz-Pfaffenwinkl;Landkreis Garmisch-Partenkirchen;Bad Bayersoien;83
aeeac0c5-728d-4375-8020-f3a233685502;Bayern;82436;DIMB IG Zugspitz-Pfaffenwinkl;Landkreis Weilheim-Schongau;Eglfing;83
17a9d984-ef55-4d95-9c69-3ec95cc458a6;Bayern;82438;DIMB IG Zugspitz-Pfaffenwinkl;Landkreis Garmisch-Partenkirchen;Eschenlohe;83
7fcddbd8-71b9-4eec-aa45-708b5d319a29;Bayern;82439;DIMB IG Bayerische Voralpen;Landkreis Bad Tölz-Wolfratshausen;Großweil, Schlehdorf;27
d0a8315a-6891-4fe3-b7d4-af8045221f0b;Bayern;82441;DIMB IG Zugspitz-Pfaffenwinkl;Landkreis Garmisch-Partenkirchen;Ohlstadt;83
b4e73cf2-a4e8-47ae-b48a-2f0fa819eded;Bayern;82442;DIMB IG Zugspitz-Pfaffenwinkl;Landkreis Garmisch-Partenkirchen;Saulgrub;83
9bcf4ef5-d873-43e4-833f-50d5fe233554;Bayern;82444;DIMB IG Bayerische Voralpen;Landkreis Bad Tölz-Wolfratshausen;Schlehdorf;27
714aa70b-0974-4871-935b-59f49db5b410;Bayern;82445;DIMB IG Zugspitz-Pfaffenwinkl;Landkreis Garmisch-Partenkirchen;Schwaigen;83
f74606e4-e885-42cd-accf-192fde507abf;Bayern;82447;DIMB IG Zugspitz-Pfaffenwinkl;Landkreis Garmisch-Partenkirchen;Spatzenhausen;83
1024fb26-77d2-4f59-8a43-bce1cf0fd838;Bayern;82449;DIMB IG Zugspitz-Pfaffenwinkl;Landkreis Garmisch-Partenkirchen;Uffing am Staffelsee;83
6f4d7282-50e6-48d4-b194-48c843228b52;Bayern;82467;DIMB IG Zugspitz-Pfaffenwinkl;Landkreis Garmisch-Partenkirchen;Garmisch-Partenkirchen, Krün;83
6cbdbef8-20ce-4839-89b5-6f09b499da1d;Bayern;82475;DIMB IG Zugspitz-Pfaffenwinkl;Landkreis Garmisch-Partenkirchen;Garmisch-Partenkirchen;83
4b344274-1d9f-44e4-a3ef-7a0068cf3258;Bayern;82481;DIMB IG Zugspitz-Pfaffenwinkl;Landkreis Garmisch-Partenkirchen;Mittenwald;83
5c48007e-8209-4955-b1b2-947485b9718e;Bayern;82487;DIMB IG Zugspitz-Pfaffenwinkl;Landkreis Garmisch-Partenkirchen;Oberammergau;83
aaf01cc8-36a2-4614-976f-666dd62c77eb;Bayern;82488;DIMB IG Zugspitz-Pfaffenwinkl;Landkreis Garmisch-Partenkirchen;Ettal;83
880165ff-e1d3-4ac5-8f59-7fb1f7b715ae;Bayern;82490;DIMB IG Zugspitz-Pfaffenwinkl;Landkreis Garmisch-Partenkirchen;Farchant;83
9996513b-c783-4fd0-9991-462f678d760b;Bayern;82491;DIMB IG Zugspitz-Pfaffenwinkl;Landkreis Garmisch-Partenkirchen;Grainau;83
779cd89c-ee1b-474b-ae00-4097fd7d1e55;Bayern;82493;DIMB IG Zugspitz-Pfaffenwinkl;Landkreis Garmisch-Partenkirchen;Krün;83
657080c2-9278-473c-8770-21c0e347ea20;Bayern;82494;DIMB IG Zugspitz-Pfaffenwinkl;Landkreis Garmisch-Partenkirchen;Krün;83
d6b024a1-78a3-4bb9-b95d-0618e4248b7a;Bayern;82496;DIMB IG Zugspitz-Pfaffenwinkl;Landkreis Garmisch-Partenkirchen;Oberau;83
29bc5836-5f96-426a-9fe2-39af3cbe362e;Bayern;82497;DIMB IG Zugspitz-Pfaffenwinkl;Landkreis Garmisch-Partenkirchen;Unterammergau;83
3022d2b9-bf1a-4870-99b6-bd13b6732e92;Bayern;82499;DIMB IG Zugspitz-Pfaffenwinkl;Landkreis Garmisch-Partenkirchen;Wallgau;83
6403a1de-d649-40a0-90ba-8ff5286f6d88;Bayern;82515;DIMB IG Bayerische Voralpen;Landkreis Bad Tölz-Wolfratshausen;Wolfratshausen;27
d8b36ef3-0969-43fa-98de-9f0bd5f796f1;Bayern;82538;DIMB IG Bayerische Voralpen;Landkreis Bad Tölz-Wolfratshausen;Geretsried;27
448fc674-5e9e-44ae-8865-c6f164771da8;Bayern;82541;DIMB IG Fünf-Seen-Land;Landkreis Bad Tölz-Wolfratshausen;Münsing;2
8e01d60a-5664-4515-ad36-9b7e85dac3bb;Bayern;82544;DIMB IG Bayerische Voralpen;Landkreis Bad Tölz-Wolfratshausen;Egling;27
bdb21dde-aa0d-4272-9c9a-c9282653171a;Bayern;82547;DIMB IG Fünf-Seen-Land;Landkreis Bad Tölz-Wolfratshausen;Eurasburg;2
2479e33a-2e56-4c95-a900-af3ded62e0e0;Bayern;82549;DIMB IG Bayerische Voralpen;Landkreis Bad Tölz-Wolfratshausen;Königsdorf;27
7c229bef-df73-494c-9bd1-0646636fcb72;Bayern;83022;DIMB IG Chiemgau u BGL;Stadt Rosenheim;Rosenheim;28
16ff98d3-5988-476a-aa43-17136180d1ec;Bayern;83024;DIMB IG Chiemgau u BGL;Stadt Rosenheim;Rosenheim;28
df347d8c-1f27-40d0-999b-6bd7f3356951;Bayern;83026;DIMB IG Chiemgau u BGL;Stadt Rosenheim;Rosenheim;28
c661dbaf-f72c-43a7-860f-0314cb0d30f8;Bayern;83043;DIMB IG Chiemgau u BGL;Landkreis Rosenheim;Bad Aibling;28
b8115aac-2d54-4fca-ad87-a452506ff4f9;Bayern;83052;DIMB IG Chiemgau u BGL;Landkreis Rosenheim;Bruckmühl;28
e49713b9-5d8e-4574-95a2-958a9368ff2f;Bayern;83059;DIMB IG Chiemgau u BGL;Landkreis Rosenheim;Kolbermoor;28
5ed452ee-4a73-4366-af06-5dd2fea0157a;Bayern;83064;DIMB IG Chiemgau u BGL;Landkreis Rosenheim;Raubling;28
b40fd4cb-cd57-4213-ba8c-53ed1eb687af;Bayern;83071;DIMB IG Chiemgau u BGL;Landkreis Rosenheim;Stephanskirchen;28
250ca280-503f-454a-9e8a-d5e08339b93b;Bayern;83075;DIMB IG Chiemgau u BGL;Landkreis Rosenheim;Bad Feilnbach;28
4ab28b4b-9893-4d78-af29-c84f74f79a54;Bayern;83080;DIMB IG Chiemgau u BGL;Landkreis Rosenheim;Oberaudorf;28
c3299218-47a3-4204-93b8-89395f49907d;Bayern;83083;DIMB IG Chiemgau u BGL;Landkreis Rosenheim;Riedering;28
70b08570-ea42-44c3-b914-37a64a315614;Bayern;83088;DIMB IG Chiemgau u BGL;Landkreis Rosenheim;Kiefersfelden;28
e481e2d5-7c30-4ed3-90f1-ad5b088d4483;Bayern;83093;DIMB IG Chiemgau u BGL;Landkreis Rosenheim;Bad Endorf;28
e98f0fbb-46cc-43e8-85d3-ab59677f9de9;Bayern;83098;DIMB IG Chiemgau u BGL;Landkreis Rosenheim;Brannenburg;28
66f38796-0899-4fc5-9a2f-1709e86df2b3;Bayern;83101;DIMB IG Chiemgau u BGL;Landkreis Rosenheim;Rohrdorf;28
52e820c4-cd20-4c33-a390-8adda1723de8;Bayern;83104;DIMB IG Chiemgau u BGL;Landkreis Rosenheim;Tuntenhausen;28
ca14c97c-4808-4684-b7d6-9e2e83ea0680;Bayern;83109;DIMB IG Chiemgau u BGL;Landkreis Rosenheim;Großkarolinenfeld;28
31cad1d5-ae01-48df-8193-b506f3cc35ad;Bayern;83112;DIMB IG Chiemgau u BGL;Landkreis Rosenheim;Frasdorf;28
d87c4f9b-7f64-444a-ad84-2aa53654a762;Bayern;83115;DIMB IG Chiemgau u BGL;Landkreis Rosenheim;Neubeuern;28
9355ea3f-f1e9-4305-bdc5-b89e0ca18154;Bayern;83119;DIMB IG Chiemgau u BGL;Landkreis Traunstein;Obing;28
176076e0-55bd-463b-b63e-4ebc25c8b522;Bayern;83122;DIMB IG Chiemgau u BGL;Landkreis Rosenheim;Samerberg;28
b81a8e52-a2f4-4618-bf58-138699360ab4;Bayern;83123;DIMB IG Chiemgau u BGL;Landkreis Rosenheim;Amerang;28
fbf9ffb2-7169-49ec-b9bd-e6cc4a704b57;Bayern;83125;DIMB IG Chiemgau u BGL;Landkreis Rosenheim;Eggstätt;28
952fad52-107a-4eb6-97b2-d970bf66c380;Bayern;83126;DIMB IG Chiemgau u BGL;Landkreis Rosenheim;Flintsbach am Inn;28
23597561-b6ee-492c-bea0-d42af0f2f50e;Bayern;83128;DIMB IG Chiemgau u BGL;Landkreis Rosenheim;Halfing;28
e74aec79-d2ce-42a6-bd23-d6a0b2bd71f1;Bayern;83129;DIMB IG Chiemgau u BGL;Landkreis Rosenheim;Höslwang;28
e6f43fcd-9a0e-43d8-8fd6-d52807fff00f;Bayern;83131;DIMB IG Chiemgau u BGL;Landkreis Rosenheim;Nußdorf am Inn;28
eb88d507-7433-4691-a94c-5eff240d5d03;Bayern;83132;DIMB IG Chiemgau u BGL;Landkreis Traunstein;Pittenhart;28
590f9ede-b4f5-4f63-ba50-185cad650c64;Bayern;83134;DIMB IG Chiemgau u BGL;Landkreis Rosenheim;Prutting;28
91162e89-6b91-4f23-bd17-2e9448816241;Bayern;83135;DIMB IG Chiemgau u BGL;Landkreis Rosenheim;Schechen;28
2d44713e-6bb1-4b14-98e1-92f61176eb23;Bayern;83137;DIMB IG Chiemgau u BGL;Landkreis Rosenheim;Schonstett;28
55453386-731d-4de7-9379-0468b1743011;Bayern;83139;DIMB IG Chiemgau u BGL;Landkreis Rosenheim;Söchtenau;28
0c6bbbbc-5376-419e-adf3-c1862293f447;Bayern;83209;DIMB IG Chiemgau u BGL;Landkreis Rosenheim;Chiemsee, Prien am Chiemsee;28
f56b6ae5-be0d-47c7-ba62-1e267dbf9d27;Bayern;83224;DIMB IG Chiemgau u BGL;Landkreis Traunstein;Grassau, Staudach-Egerndach;28
021207d5-31a1-461f-be89-726d6372cb20;Bayern;83229;DIMB IG Chiemgau u BGL;Landkreis Rosenheim;Aschau im Chiemgau;28
84d96905-16f7-47d6-811a-e605a3ab39eb;Bayern;83233;DIMB IG Chiemgau u BGL;Landkreis Rosenheim;Bernau am Chiemsee;28
baa77f1a-13b3-44b1-a384-5ba4302938d0;Bayern;83236;DIMB IG Chiemgau u BGL;Landkreis Traunstein;Übersee;28
42adf215-9a62-4a94-8838-82719e1ae6e5;Bayern;83242;DIMB IG Chiemgau u BGL;Landkreis Traunstein;Reit im Winkl;28
8f2cae8c-4ead-4895-8f91-4d8090ae3da3;Bayern;83246;DIMB IG Chiemgau u BGL;Landkreis Traunstein;Unterwössen;28
ac160446-aa2a-4017-b66d-1f67a45b0a47;Bayern;83250;DIMB IG Chiemgau u BGL;Landkreis Traunstein;Marquartstein;28
6a59b79b-de13-489b-9946-bd997ce331b0;Bayern;83253;DIMB IG Chiemgau u BGL;Landkreis Rosenheim;Rimsting;28
df468cd9-38e2-4a7d-a469-bcd9be44f673;Bayern;83254;DIMB IG Chiemgau u BGL;Landkreis Rosenheim;Breitbrunn am Chiemsee;28
c54032d9-536a-4b85-942c-f117f745b3a8;Bayern;83256;DIMB IG Chiemgau u BGL;Landkreis Rosenheim;Chiemsee;28
d2db92c4-2a7f-4136-a484-1a5f72612e4d;Bayern;83257;DIMB IG Chiemgau u BGL;Landkreis Rosenheim;Gstadt am Chiemsee;28
59b82501-927c-44a2-b4f5-8a2216370f72;Bayern;83259;DIMB IG Chiemgau u BGL;Landkreis Traunstein;Schleching;28
6bc359d6-63c6-4be0-870f-4c155afccd55;Bayern;83278;DIMB IG Chiemgau u BGL;Landkreis Traunstein;Traunstein;28
c08c4491-3a38-4c50-8651-327abeed052a;Bayern;83301;DIMB IG Chiemgau u BGL;Landkreis Traunstein;Traunreut;28
23e88027-e32a-45a9-9d86-8ea157e74348;Bayern;83308;DIMB IG Chiemgau u BGL;Landkreis Traunstein;Trostberg;28
aadb6f77-298f-429e-9093-34d49839b553;Bayern;83313;DIMB IG Chiemgau u BGL;Landkreis Traunstein;Siegsdorf;28
5d7e8f9d-db96-425a-a13d-33357b0a8d4b;Bayern;83317;DIMB IG Chiemgau u BGL;Landkreis Berchtesgadener Land;Teisendorf;28
017145b6-1a5a-4267-9668-6df9325fe315;Bayern;83324;DIMB IG Chiemgau u BGL;Landkreis Traunstein;Ruhpolding;28
853e840e-3b49-4c12-86c8-7aa90e6ab1ad;Bayern;83329;DIMB IG Chiemgau u BGL;Landkreis Traunstein;Waging am See, Kirchanschöring;28
2670aed9-3357-4e67-ae6a-bd90f83553bb;Bayern;83334;DIMB IG Chiemgau u BGL;Landkreis Traunstein;Inzell;28
59fa56e2-c7c8-4444-89ac-85154aed7ed3;Bayern;83339;DIMB IG Chiemgau u BGL;Landkreis Traunstein;Chieming;28
48bbfba9-aa3e-4739-81c4-e9371e79fa3e;Bayern;83342;DIMB IG Chiemgau u BGL;Landkreis Traunstein;Tacherting;28
b97e5fc2-25ce-4f3f-bb0b-71e398a4bef7;Bayern;83346;DIMB IG Chiemgau u BGL;Landkreis Traunstein;Bergen;28
2b5d626d-4fdf-4e77-aab5-20f693851f42;Bayern;83349;DIMB IG Chiemgau u BGL;Landkreis Traunstein;Palling;28
5c426196-be8f-4e1d-8ce6-d05f2ca125cc;Bayern;83352;DIMB IG Chiemgau u BGL;Landkreis Traunstein;Altenmarkt an der Alz;28
c0bced4a-7add-46ea-8ada-c154d615ffc7;Bayern;83355;DIMB IG Chiemgau u BGL;Landkreis Traunstein;Grabenstätt;28
ae3fe704-532c-4920-b9f1-b0b76c177c63;Bayern;83358;DIMB IG Chiemgau u BGL;Landkreis Traunstein;Seeon-Seebruck;28
79df1174-f3c8-48ba-ad69-562b8ad9e620;Bayern;83361;DIMB IG Chiemgau u BGL;Landkreis Traunstein;Kienberg;28
f132f3ce-bdd8-4f89-a6ba-86a42592ede3;Bayern;83362;DIMB IG Chiemgau u BGL;Landkreis Traunstein;Surberg;28
54c86cdf-66ab-48b7-91f8-4a9e17fbb3c8;Bayern;83364;DIMB IG Chiemgau u BGL;Landkreis Berchtesgadener Land;Teisendorf;28
709a3ea3-a291-454d-a908-bd33ea52bded;Bayern;83365;DIMB IG Chiemgau u BGL;Landkreis Traunstein;Nußdorf;28
2f537f95-587c-4711-9288-f44f766ddd8f;Bayern;83367;DIMB IG Chiemgau u BGL;Landkreis Traunstein;Petting;28
317081b9-1e7d-4848-a262-c61abfd4e97d;Bayern;83368;DIMB IG Chiemgau u BGL;Landkreis Traunstein;Traunreut;28
516b2f6c-9c95-40e0-a711-beaeea4eb9c7;Bayern;83370;DIMB IG Chiemgau u BGL;Landkreis Traunstein;Seeon-Seebruck;28
e88cc610-74ab-469c-9497-1d62c3f609f5;Bayern;83371;DIMB IG Chiemgau u BGL;Landkreis Traunstein;Traunreut;28
d2aab071-4139-482d-8f42-52b88d88580e;Bayern;83373;DIMB IG Chiemgau u BGL;Landkreis Traunstein;Taching am See;28
a51c178e-5383-4cf1-8162-f8b768cf2bcf;Bayern;83374;DIMB IG Chiemgau u BGL;Landkreis Traunstein;Traunreut;28
e7898b66-18cc-4d0a-8d44-3406f5fb54c5;Bayern;83376;DIMB IG Chiemgau u BGL;Landkreis Traunstein;Seeon-Seebruck;28
42ee04fe-1dd5-41e9-86a1-21a091568c3b;Bayern;83377;DIMB IG Chiemgau u BGL;Landkreis Traunstein;Vachendorf;28
3e7df30a-6df9-4492-a1f3-6dec52f57700;Bayern;83379;DIMB IG Chiemgau u BGL;Landkreis Traunstein;Wonneberg;28
f76693da-06e8-4a8f-87ed-5d2c96aa24ee;Bayern;83395;DIMB IG Chiemgau u BGL;Landkreis Berchtesgadener Land;Freilassing;28
fa85f654-7939-4fd2-8aec-b5b7d76e735a;Bayern;83404;DIMB IG Chiemgau u BGL;Landkreis Berchtesgadener Land;Ainring;28
d6cf799f-60ea-43a1-8193-96301f3c1ba2;Bayern;83410;DIMB IG Chiemgau u BGL;Landkreis Berchtesgadener Land;Laufen;28
c1424e96-c9e0-4863-a116-f64b7f8314f5;Bayern;83413;DIMB IG Chiemgau u BGL;Landkreis Traunstein;Fridolfing;28
d5416c83-97cd-4b28-9a7f-aeb56f79fa5b;Bayern;83416;DIMB IG Chiemgau u BGL;Landkreis Berchtesgadener Land;Saaldorf-Surheim;28
ce7f3a8c-c2bc-42c1-abfb-83304c07b299;Bayern;83417;DIMB IG Chiemgau u BGL;Landkreis Traunstein;Kirchanschöring;28
39afd4b8-0166-492f-980b-20569fd0ad39;Bayern;83435;DIMB IG Chiemgau u BGL;Landkreis Berchtesgadener Land;Bad Reichenhall;28
e53bd9ad-2580-43d5-ac5a-4993c9a040ec;Bayern;83451;DIMB IG Chiemgau u BGL;Landkreis Berchtesgadener Land;Piding;28
f56c5bb1-dfef-4c99-b94c-53d12c4b30f9;Bayern;83454;DIMB IG Chiemgau u BGL;Landkreis Berchtesgadener Land;Anger;28
57fb26ec-4821-48c5-bac0-54402e6400b6;Bayern;83457;DIMB IG Chiemgau u BGL;Landkreis Berchtesgadener Land;Bayerisch Gmain;28
90a8f813-aa1e-49b1-a956-6ddec68fe250;Bayern;83458;DIMB IG Chiemgau u BGL;Landkreis Berchtesgadener Land;Schneizlreuth;28
05fb75cc-8b60-435e-acda-90734bec4194;Bayern;83471;DIMB IG Chiemgau u BGL;Landkreis Berchtesgadener Land;Berchtesgaden, Schönau am Königssee;28
b5fc4b08-ed53-4273-9917-d2cb89994e85;Bayern;83483;DIMB IG Chiemgau u BGL;Landkreis Berchtesgadener Land;Bischofswiesen;28
fffa0a7e-d43f-430c-b258-ad6f7133120c;Bayern;83486;DIMB IG Chiemgau u BGL;Landkreis Berchtesgadener Land;Ramsau bei Berchtesgaden;28
8237fe65-4bc3-41d4-95e4-71f0659c4e3b;Bayern;83487;DIMB IG Chiemgau u BGL;Landkreis Berchtesgadener Land;Marktschellenberg;28
364a3ed1-f7ad-405b-8e31-9295cd4af999;Bayern;83530;DIMB IG Chiemgau u BGL;Landkreis Traunstein;Schnaitsee;28
753ca126-c5ed-4556-b41b-81fdc00782f3;Bayern;83550;DIMB IG München und Umland;Landkreis Ebersberg;Emmering;7
92e4376f-7071-4fa5-915c-400af3b46e69;Bayern;83553;DIMB IG München und Umland;Landkreis Ebersberg;Frauenneuharting;7
edce4ae8-f6d1-4ae5-b2eb-576368923e13;Bayern;83569;DIMB IG Chiemgau u BGL;Landkreis Rosenheim;Vogtareuth;28
eb4d4eb0-0fa3-4d56-972c-9ee733bc54fb;Bayern;83607;DIMB IG Bayerische Voralpen;Landkreis Miesbach;Holzkirchen;27
1c17c0f1-e9b9-4ffa-9ac2-3dd838fd3e6a;Bayern;83620;DIMB IG Chiemgau u BGL;Landkreis Rosenheim;Feldkirchen-Westerham;28
81db3771-b3d5-431a-8877-9a1923537ef6;Bayern;83623;DIMB IG Bayerische Voralpen;Landkreis Bad Tölz-Wolfratshausen;Dietramszell;27
4cf1b431-934a-4492-bd69-44a0fbefd9ff;Bayern;83624;DIMB IG Bayerische Voralpen;Landkreis Miesbach;Otterfing;27
c7a5e6d5-6806-4b8f-9ef8-c8f319ae7c19;Bayern;83626;DIMB IG Bayerische Voralpen;Landkreis Miesbach;Valley;27
145da607-5aa0-49d1-8b35-6a93bdcf9d65;Bayern;83627;DIMB IG Bayerische Voralpen;Landkreis Miesbach;Warngau;27
1f06abe6-8f38-400b-a1d5-7b51f8539357;Bayern;83629;DIMB IG Bayerische Voralpen;Landkreis Miesbach;Weyarn;27
c96cd416-ea9e-42ad-9aa7-de4316d2e555;Bayern;83646;DIMB IG Bayerische Voralpen;Landkreis Bad Tölz-Wolfratshausen;Bad Tölz, Wackersberg;27
d20811b7-3c03-4e5f-9304-2bd01ea5c2c8;Bayern;83661;DIMB IG Bayerische Voralpen;Landkreis Bad Tölz-Wolfratshausen;Lenggries;27
772d8f13-c4a5-418d-8026-761fcc92156a;Bayern;83666;DIMB IG Bayerische Voralpen;Landkreis Miesbach;Waakirchen;27
2465c988-f011-4851-be96-9850e2306525;Bayern;83670;DIMB IG Bayerische Voralpen;Landkreis Bad Tölz-Wolfratshausen;Bad Heilbrunn;27
9669529f-d80f-4396-afbf-cc9c385d20b6;Bayern;83671;DIMB IG Bayerische Voralpen;Landkreis Bad Tölz-Wolfratshausen;Benediktbeuern;27
d314358f-692b-4591-8bec-824d1f434996;Bayern;83673;DIMB IG Bayerische Voralpen;Landkreis Bad Tölz-Wolfratshausen;Bichl;27
3a01db69-8d8b-4084-9a30-b65a0648e2a6;Bayern;83674;DIMB IG Bayerische Voralpen;Landkreis Bad Tölz-Wolfratshausen;Gaißach;27
0a1379ec-504b-4300-ad68-939b8f9df8dc;Bayern;83676;DIMB IG Bayerische Voralpen;Landkreis Bad Tölz-Wolfratshausen;Jachenau;27
60f2f8af-dd65-4828-8874-5e7bc54cf4df;Bayern;83677;DIMB IG Bayerische Voralpen;Landkreis Bad Tölz-Wolfratshausen;Greiling, Reichersbeuern;27
86e52a0e-485e-4366-95df-4be6ccb0001f;Bayern;83679;DIMB IG Bayerische Voralpen;Landkreis Bad Tölz-Wolfratshausen;Sachsenkam;27
30125dc6-b770-4aba-9063-fcfb792a9268;Bayern;83684;DIMB IG Bayerische Voralpen;Landkreis Miesbach;Tegernsee;27
18522eac-98c0-4128-ac49-748f45f426a5;Bayern;83700;DIMB IG Bayerische Voralpen;Landkreis Miesbach;Rottach-Egern;27
c0124f91-564c-4290-9d7a-0ee3ded866ed;Bayern;83703;DIMB IG Bayerische Voralpen;Landkreis Miesbach;Gmund;27
3a279abc-bf7e-4934-958c-43113fca64b4;Bayern;83707;DIMB IG Bayerische Voralpen;Landkreis Miesbach;Bad Wiessee;27
2b38d32a-35f5-4335-a2eb-60dcf458eeec;Bayern;83708;DIMB IG Bayerische Voralpen;Landkreis Miesbach;Kreuth;27
e4d158b5-f0b9-402b-ad1e-dca4fc432fd5;Bayern;83714;DIMB IG Bayerische Voralpen;Landkreis Miesbach;Miesbach;27
0b6b89a1-a349-435e-90a4-00053e6ce400;Bayern;83727;DIMB IG Bayerische Voralpen;Landkreis Miesbach;Schliersee;27
281a3a35-1de4-4181-b0d2-e00c0e446a74;Bayern;83730;DIMB IG Bayerische Voralpen;Landkreis Miesbach;Fischbachau;27
6995f40a-b145-4150-8509-338868b73a70;Bayern;83734;DIMB IG Bayerische Voralpen;Landkreis Miesbach;Hausham;27
13c8e82c-2c0a-40a1-bafd-65539281b3d5;Bayern;83735;DIMB IG Bayerische Voralpen;Landkreis Miesbach;Bayrischzell;27
f6d76825-0ab8-4e71-8a61-f1f5b4720b6c;Bayern;83737;DIMB IG Bayerische Voralpen;Landkreis Miesbach;Irschenberg;27
6ddaa7cf-727c-485d-9b77-d95d792cae73;Bayern;84048;DIMB IG Kelheim;Landkreis Kelheim;Mainburg;99
89d59faa-5f6d-420c-a573-2438f25df24c;Bayern;84051;DIMB IG Altmühltal;Landkreis Landshut;Essenbach;30
1e2bfc22-5df0-48c3-9bd5-958892ac6f06;Bayern;84056;DIMB IG Altmühltal;Landkreis Landshut;Rottenburg a. d. Laaber;30
a8d42794-4c4c-4672-8348-1973c0aeb47f;Bayern;84061;DIMB IG Altmühltal;Landkreis Landshut;Ergoldsbach;30
7fc70f02-7244-45ea-9695-33f9c917561e;Bayern;84066;DIMB IG Bayerischer Wald;Landkreis Straubing-Bogen;Mallersdorf-Pfaffenberg;76
ada51870-1c2c-4555-a823-6f2bf8236cb2;Bayern;84069;DIMB IG Regensburg;Landkreis Regensburg;Schierling;47
e6dffdd9-88ce-4d2f-bef0-e7f7fe63e5ba;Bayern;84072;DIMB IG Altmühltal;Landkreis Freising;Au in der Hallertau;30
6b5c9be2-2eaf-4dd3-b4a2-3bf551a43ed9;Bayern;84076;DIMB IG Altmühltal;Landkreis Landshut;Pfeffenhausen;30
63f2fc17-4020-4a08-b62e-dc2737c72ea1;Bayern;84079;DIMB IG Altmühltal;Landkreis Landshut;Bruckberg;30
861fd1a5-ffcd-42ff-8d0e-8bf1f1d1a9fb;Bayern;84082;DIMB IG Bayerischer Wald;Landkreis Straubing-Bogen;Laberweinting;76
f2be9f81-e5c5-4906-9d4c-0e3a06c56608;Bayern;84085;DIMB IG Kelheim;Landkreis Kelheim;Langquaid;99
f9c72d75-d2b0-4054-a78a-3be3308d8f49;Bayern;84088;DIMB IG Altmühltal;Landkreis Landshut;Neufahrn in Niederbayern;30
2e6fc0ec-7736-4972-a461-c7241ecec310;Bayern;84089;DIMB IG Kelheim;Landkreis Kelheim;Aiglsbach;99
939fcaaf-1b4f-4905-b260-d59a1bf9efdc;Bayern;84091;DIMB IG Kelheim;Landkreis Kelheim;Attenhofen;99
efc79a15-eb17-4556-8e0f-09c05cf8cbd4;Bayern;84092;DIMB IG Altmühltal;Landkreis Landshut;Bayerbach b. Ergoldsbach;30
66908cc4-0626-44aa-97b1-a7f5aa6908f0;Bayern;84094;DIMB IG Kelheim;Landkreis Kelheim;Elsendorf;99
13374b68-5fd0-44fd-a8f0-f6f5275b676c;Bayern;84095;DIMB IG Altmühltal;Landkreis Landshut;Furth;30
637d9969-6988-487b-9f5b-2c75ebda29e6;Bayern;84097;DIMB IG Kelheim;Landkreis Kelheim;Herrngiersdorf;99
eb24fc73-9b9d-49d8-91b6-ad771c6e223c;Bayern;84098;DIMB IG Altmühltal;Landkreis Landshut;Hohenthann;30
325a2064-f692-4e81-ac8b-b2838b1f9530;Bayern;84100;DIMB IG Altmühltal;Landkreis Landshut;Niederaichbach;30
a6a765b0-01fb-4ca9-9033-48ef04bd3be5;Bayern;84101;DIMB IG Altmühltal;Landkreis Landshut;Obersüßbach;30
34617834-df8a-4c5d-96d2-376afd96dcbf;Bayern;84103;DIMB IG Altmühltal;Landkreis Landshut;Postau;30
de0ba35b-bf34-4351-bcb0-69ef7636614c;Bayern;84104;DIMB IG Altmühltal;Landkreis Freising;Rudelzhausen;30
cdb394d6-240b-4df5-826d-a08871642317;Bayern;84106;DIMB IG Kelheim;Landkreis Kelheim;Volkenschwand;99
3a285416-a660-4f60-a491-c2793d5c00af;Bayern;84107;DIMB IG Altmühltal;Landkreis Landshut;Weihmichl;30
f37d9224-8fcf-4d05-b5df-ddd014b10693;Bayern;84109;DIMB IG Altmühltal;Landkreis Landshut;Wörth a.d. Isar;30
9e303e18-8f96-4b42-9ffb-fe5292e3a7c0;Bayern;84529;DIMB IG Chiemgau u BGL;Landkreis Traunstein;Tittmoning;28
d66b3575-cf5f-4a15-add0-eb1173e4be31;Bayern;84549;DIMB IG Chiemgau u BGL;Landkreis Traunstein;Engelsberg;28
516846e9-c0ab-4414-8903-3a2881238f7f;Bayern;85049;DIMB IG Altmühltal;Stadt Ingolstadt;Ingolstadt;30
5a6a51a0-f012-4b8f-9290-3ded9fbea5a0;Bayern;85051;DIMB IG Altmühltal;Stadt Ingolstadt;Ingolstadt;30
83aed314-5976-4b5c-8b14-3195b56de7bd;Bayern;85053;DIMB IG Altmühltal;Stadt Ingolstadt;Ingolstadt;30
4f04fc67-dec3-4844-9630-bff6a9b4124d;Bayern;85055;DIMB IG Altmühltal;Stadt Ingolstadt;Ingolstadt;30
a1333233-61d1-4320-ab61-3321a3f54a9c;Bayern;85057;DIMB IG Altmühltal;Stadt Ingolstadt;Ingolstadt;30
106c6145-318a-4a9b-9d3f-bbd1d8656251;Bayern;85072;DIMB IG Altmühltal;Landkreis Eichstätt;Eichstätt;30
9d81b636-0374-4e00-94b5-8a3b30c9efaa;Bayern;85077;DIMB IG Altmühltal;Landkreis Pfaffenhofen an der Ilm;Manching;30
653be867-6942-4781-944e-21ccb1e9c504;Bayern;85080;DIMB IG Altmühltal;Landkreis Eichstätt;Gaimersheim;30
41508dc0-6547-4a42-8d7e-7bf0bf39becb;Bayern;85084;DIMB IG Altmühltal;Landkreis Pfaffenhofen an der Ilm;Reichertshofen;30
a71aac00-285e-4959-8a24-b062cfb09cf5;Bayern;85088;DIMB IG Altmühltal;Landkreis Pfaffenhofen an der Ilm;Vohburg a.d.Donau;30
6a205ab7-d47d-4ccb-a3df-8ac8fd549f2f;Bayern;85092;DIMB IG Altmühltal;Landkreis Eichstätt;Kösching, Stammham;30
f9b1cf82-b394-4587-a4b1-8d85ee190c82;Bayern;85095;DIMB IG Altmühltal;Landkreis Eichstätt;Denkendorf;30
9015c922-107f-4c7b-b311-a287d4286551;Bayern;85098;DIMB IG Altmühltal;Landkreis Eichstätt;Großmehring;30
e520ec42-99da-4758-83dd-5afb62f86d81;Bayern;85101;DIMB IG Altmühltal;Landkreis Eichstätt;Lenting;30
996e8e16-8d5b-48ba-9e64-3da2e0217b91;Bayern;85104;DIMB IG Altmühltal;Landkreis Eichstätt;Pförring;30
e6b45f84-ed0f-4693-a5bf-301f9a0b23eb;Bayern;85107;DIMB IG Altmühltal;Landkreis Pfaffenhofen an der Ilm;Baar-Ebenhausen;30
ad9f1e66-ac0f-44f5-bad7-799bea0daf0a;Bayern;85110;DIMB IG Altmühltal;Landkreis Eichstätt;Kipfenberg;30
52295c12-22e6-4add-b9c1-cae4f79306c8;Bayern;85111;DIMB IG Altmühltal;Landkreis Eichstätt;Adelschlag;30
18d19a0a-7162-4bb9-947f-628d803c87aa;Bayern;85113;DIMB IG Altmühltal;Landkreis Eichstätt;Böhmfeld;30
329ecc6e-1cca-48ee-b994-7c603c03ec62;Bayern;85114;DIMB IG Altmühltal;Landkreis Eichstätt;Buxheim;30
47aa09d4-415f-457d-b41e-5197982c1b8c;Bayern;85116;DIMB IG Altmühltal;Landkreis Eichstätt;Egweil;30
e36b1484-9321-4625-82f8-e48b4e005f7c;Bayern;85117;DIMB IG Altmühltal;Landkreis Eichstätt;Eitensheim;30
e61f70ea-75a0-433e-8c41-6124971821b2;Bayern;85119;DIMB IG Altmühltal;Landkreis Pfaffenhofen an der Ilm;Ernsgaden;30
797aa54b-6fb1-4016-b442-42f839260085;Bayern;85120;DIMB IG Altmühltal;Landkreis Eichstätt;Hepberg;30
46d60e9c-cbb7-409d-8f91-ca71de3819d3;Bayern;85122;DIMB IG Altmühltal;Landkreis Eichstätt;Hitzhofen;30
834b0c1a-da1a-40ce-b509-d7d6927a7163;Bayern;85123;DIMB IG Altmühltal;Landkreis Neuburg-Schrobenhausen;Karlskron;30
f2c278be-73a9-4596-81d7-d22a689aa37e;Bayern;85125;DIMB IG Altmühltal;Landkreis Eichstätt;Kinding;30
48953198-4a39-4241-8c7b-81547c84e39f;Bayern;85126;DIMB IG Altmühltal;Landkreis Pfaffenhofen an der Ilm;Münchsmünster;30
4efc66ca-7b1a-40af-953a-f46a211fc291;Bayern;85128;DIMB IG Altmühltal;Landkreis Eichstätt;Nassenfels;30
c5d20f3b-6dc1-4ffb-b91a-fe328490f9ad;Bayern;85129;DIMB IG Altmühltal;Landkreis Eichstätt;Oberdolling;30
be3bd063-65b0-4e42-956c-da3148b43f0d;Bayern;85131;DIMB IG Altmühltal;Landkreis Eichstätt;Pollenfeld;30
830ef6b5-0c7a-49a7-ab64-c404ada3646c;Bayern;85132;DIMB IG Altmühltal;Landkreis Eichstätt;Schernfeld;30
f5c6d67d-1335-401f-b504-1a36fe72d939;Bayern;85134;DIMB IG Altmühltal;Landkreis Eichstätt;Stammham;30
d185454a-a4d9-4bd0-a3d8-4b0463c13858;Bayern;85135;DIMB IG Altmühltal;Landkreis Eichstätt;Titting;30
ac4f3ece-bf89-46ae-b99b-2c4dbe045278;Bayern;85137;DIMB IG Altmühltal;Landkreis Eichstätt;Walting;30
5ccaef5a-06dc-421e-862e-8d921bffe49e;Bayern;85139;DIMB IG Altmühltal;Landkreis Eichstätt;Wettstetten;30
be15a65f-a4b4-4b5a-8e15-c8168fea20cb;Bayern;85250;DIMB IG Altmühltal;Landkreis Dachau;Altomünster;30
9ffd937c-8523-4c5c-a0a4-a17332c1d3e1;Bayern;85276;DIMB IG Altmühltal;Landkreis Pfaffenhofen an der Ilm;Pfaffenhofen an der Ilm, Hettenshausen;30
5ab6065a-3bd4-4cac-8f03-45dca9512bc4;Bayern;85283;DIMB IG Altmühltal;Landkreis Pfaffenhofen an der Ilm;Wolnzach;30
d08532d5-bd43-48bc-8d73-7c5780c9dfa6;Bayern;85290;DIMB IG Altmühltal;Landkreis Pfaffenhofen an der Ilm;Geisenfeld;30
c767d7a6-4d17-485b-87ff-11b72ff9a90d;Bayern;85293;DIMB IG Altmühltal;Landkreis Pfaffenhofen an der Ilm;Reichertshausen;30
ae632f6c-9d9e-454d-919f-7d0981015658;Bayern;85296;DIMB IG Altmühltal;Landkreis Pfaffenhofen an der Ilm;Rohrbach;30
51c5e056-c2a9-408e-b2b4-8a66cd8228f2;Bayern;85298;DIMB IG Altmühltal;Landkreis Pfaffenhofen an der Ilm;Scheyern;30
68663cb3-840b-462c-999a-e446d602b3a7;Bayern;85301;DIMB IG Altmühltal;Landkreis Pfaffenhofen an der Ilm;Schweitenkirchen;30
5df69643-53e8-429b-9f75-162f017d15dd;Bayern;85302;DIMB IG Altmühltal;Landkreis Pfaffenhofen an der Ilm;Gerolsbach;30
34774ff5-fa1e-4933-914a-915d84ab8a42;Bayern;85304;DIMB IG Altmühltal;Landkreis Pfaffenhofen an der Ilm;Hettenshausen, Ilmmünster;30
828600ee-d9fd-4e23-a0de-7576c5df04ca;Bayern;85305;DIMB IG Altmühltal;Landkreis Pfaffenhofen an der Ilm;Jetzendorf;30
49c674ae-9773-4ada-ad74-7f290cb37ac0;Bayern;85307;DIMB IG Altmühltal;Landkreis Pfaffenhofen an der Ilm;Hettenshausen;30
258bb874-6ff8-4166-b694-d41f685fa7b2;Bayern;85309;DIMB IG Altmühltal;Landkreis Pfaffenhofen an der Ilm;Pörnbach;30
2b6881c6-fb80-494b-b729-e7ea2e59cf00;Bayern;85408;DIMB IG Altmühltal;Landkreis Freising;Gammelsdorf;30
91e55595-240b-487f-abbc-95bbda7afb41;Bayern;85413;DIMB IG Altmühltal;Landkreis Freising;Hörgertshausen;30
0d1cb198-c0be-4990-945b-e2eb304b1693;Bayern;85419;DIMB IG Altmühltal;Landkreis Freising;Mauern;30
966719e5-910a-4dbb-831e-19df8f506740;Bayern;85521;DIMB IG München und Umland;Landkreis München;Hohenbrunn, Ottobrunn;7
79aa343d-9dfe-486c-8074-8a4dddb31e9a;Bayern;85540;DIMB IG München und Umland;Landkreis München;Haar;7
74d0c843-1e56-4bcb-8d8a-7409ad608310;Bayern;85551;DIMB IG München und Umland;Landkreis München;Kirchheim bei München;7
75fa1fda-3bef-4d93-b92a-63e32819c23e;Bayern;85560;DIMB IG München und Umland;Landkreis Ebersberg;Ebersberg;7
d3778903-b1d1-42c4-a6bd-38c7cfa39710;Bayern;85567;DIMB IG München und Umland;Landkreis Ebersberg;Grafing, Bruck;7
142ad9fe-0e1a-43bc-89b1-41bfbd6fde5a;Bayern;85570;DIMB IG München und Umland;Landkreis Ebersberg;Markt Schwaben;7
3c1dc078-88fa-4298-bdc3-72c4a1dc195e;Bayern;85579;DIMB IG München und Umland;Landkreis München;Neubiberg;7
fa73bc5a-5213-4d86-9b21-0442da8b03e8;Bayern;85586;DIMB IG München und Umland;Landkreis Ebersberg;Poing;7
ec3fd184-fe1e-4e10-af5a-190abb5781d0;Bayern;85591;DIMB IG München und Umland;Landkreis Ebersberg;Vaterstetten;7
0ab1fc23-f680-43fc-8c3d-3a837b9b1f9c;Bayern;85598;DIMB IG München und Umland;Landkreis Ebersberg;Vaterstetten;7
9ed2b088-4b56-452e-bf5e-01a97a475925;Bayern;85599;DIMB IG München und Umland;Landkreis Ebersberg;Vaterstetten;7
b8188e90-38f3-4760-b4d7-2f2e1cee8d1d;Bayern;85604;DIMB IG München und Umland;Landkreis Ebersberg;Zorneding;7
b361a73c-2929-4387-b669-2ee088b26c47;Bayern;85609;DIMB IG München und Umland;Landkreis München;Aschheim;7
0bece1c5-3e59-41e3-a781-8c181420d077;Bayern;85614;DIMB IG München und Umland;Landkreis Ebersberg;Kirchseeon;7
1dbaef6c-ff7a-48e6-b418-84d03827d206;Bayern;85617;DIMB IG München und Umland;Landkreis Ebersberg;Aßling;7
a9a30de5-80a0-4c1d-bc19-d4c0618fb29f;Bayern;85622;DIMB IG München und Umland;Landkreis München;Feldkirchen, Vaterstetten;7
c253f09a-4e3e-4e86-969b-894011f0e4df;Bayern;85625;DIMB IG München und Umland;Landkreis Ebersberg;Baiern, Glonn;7
396632d6-74d4-45b4-a05f-3637e5b11a90;Bayern;85630;DIMB IG München und Umland;Landkreis München;Grasbrunn;7
89cff526-eeaf-4eca-b26e-1884a4871b54;Bayern;85635;DIMB IG München und Umland;Landkreis München;Höhenkirchen-Siegertsbrunn;7
743f1ccc-8461-4e51-816b-b41c1c96aef5;Bayern;85640;DIMB IG München und Umland;Landkreis München;Putzbrunn;7
cca384db-5de8-4c34-80a8-748ad3ba44e1;Bayern;85643;DIMB IG München und Umland;Landkreis Ebersberg;Steinhöring;7
3c1d8f6a-43f3-4cee-be39-9d600f915761;Bayern;85646;DIMB IG München und Umland;Landkreis Ebersberg;Vaterstetten, Anzing;7
5766f80f-86c5-4f2e-9d27-282dbc806963;Bayern;85649;DIMB IG München und Umland;Landkreis München;Brunnthal;7
76ce0598-c69e-4e0a-99d0-5bd403059ffa;Bayern;85652;DIMB IG München und Umland;Landkreis Ebersberg;Pliening;7
18cbd753-eb4b-4cc2-8041-01dc6ca9ca27;Bayern;85653;DIMB IG München und Umland;Landkreis München;Aying;7
68302d82-33aa-434c-b25c-0d78367f7372;Bayern;85658;DIMB IG München und Umland;Landkreis Ebersberg;Egmating;7
cfcaefaa-4953-45fb-b066-ac9ea6ff5e40;Bayern;85661;DIMB IG München und Umland;Landkreis Ebersberg;Forstinning;7
9b5d3fd9-0368-410d-9775-14237d95d3fc;Bayern;85662;DIMB IG München und Umland;Landkreis München;Hohenbrunn;7
a613b69b-2334-4392-b3e7-20b29890015e;Bayern;85664;DIMB IG München und Umland;Landkreis Ebersberg;Hohenlinden;7
7d67e0ce-2f0d-4982-85c7-1351598bcde5;Bayern;85665;DIMB IG München und Umland;Landkreis Ebersberg;Moosach;7
be8e246a-4568-46fc-bbbf-6e7e89022bf6;Bayern;85667;DIMB IG München und Umland;Landkreis Ebersberg;Oberpframmern;7
866dbf4e-4f25-4ad7-be58-227ba157d1b5;Bayern;85716;DIMB IG München und Umland;Landkreis München;Unterschleißheim;7
392106a9-d7b8-4685-8f3d-4d169f34ad2c;Bayern;85737;DIMB IG München und Umland;Landkreis München;Ismaning;7
c96aa67e-ef95-4a27-b29f-2b446772d90f;Bayern;85748;DIMB IG München und Umland;Landkreis München;Garching bei München;7
741cd455-fad9-4620-9b30-ed96633540aa;Bayern;85764;DIMB IG München und Umland;Landkreis München;Oberschleißheim;7
13e03831-457a-4af6-b8d0-168550f86536;Bayern;85774;DIMB IG München und Umland;Landkreis München;Unterföhring;7
3418d687-0488-4235-bca1-d4f592f161b1;Bayern;86150;DIMB IG Fünf-Seen-Land;Stadt Augsburg;Augsburg;2
b40e63f2-cf37-4661-a07c-42753ce44fe6;Bayern;86152;DIMB IG Fünf-Seen-Land;Stadt Augsburg;Augsburg;2
d9cf55b3-0ea6-45ba-89fb-4fd271b96708;Bayern;86153;DIMB IG Fünf-Seen-Land;Stadt Augsburg;Augsburg;2
6b2c435e-a326-49b8-9805-dd46f992f594;Bayern;86154;DIMB IG Fünf-Seen-Land;Stadt Augsburg;Augsburg;2
6e40101b-f51c-41aa-ad66-7aa087782fe4;Bayern;86156;DIMB IG Fünf-Seen-Land;Stadt Augsburg;Augsburg;2
12cacae5-9e01-48cd-a819-59ca1f9c1b13;Bayern;86157;DIMB IG Fünf-Seen-Land;Stadt Augsburg;Augsburg;2
ffe0e5d5-152b-4048-b23b-c0d5790b1417;Bayern;86159;DIMB IG Fünf-Seen-Land;Stadt Augsburg;Augsburg;2
b755f589-97d5-4e6a-909f-79ecd2e504fe;Bayern;86161;DIMB IG Fünf-Seen-Land;Stadt Augsburg;Augsburg;2
98cd3559-9655-49fc-b459-7fc27bc34277;Bayern;86163;DIMB IG Fünf-Seen-Land;Stadt Augsburg;Augsburg;2
484c2741-1138-448d-ae77-4827d653e825;Bayern;86165;DIMB IG Fünf-Seen-Land;Stadt Augsburg;Augsburg;2
54cbd20c-8cd1-434a-a8b9-778f4c02e59c;Bayern;86167;DIMB IG Fünf-Seen-Land;Stadt Augsburg;Augsburg;2
55616285-e654-4705-852d-041662422cbc;Bayern;86169;DIMB IG Fünf-Seen-Land;Stadt Augsburg;Augsburg;2
3dac6bb7-4502-4769-8944-9409b620d464;Bayern;86179;DIMB IG Fünf-Seen-Land;Stadt Augsburg;Augsburg;2
4e81eb20-107f-4dee-9375-11331c1502ed;Bayern;86199;DIMB IG Fünf-Seen-Land;Stadt Augsburg;Augsburg;2
95118bc2-060d-4fb6-83c6-d0e0b94c5607;Bayern;86316;DIMB IG Fünf-Seen-Land;Landkreis Aichach-Friedberg;Friedberg;2
7215f561-cad5-48da-be82-4ebb0bfbad98;Bayern;86343;DIMB IG Fünf-Seen-Land;Landkreis Augsburg;Königsbrunn;2
678d74af-2f33-4deb-9169-85c8ae848064;Bayern;86356;DIMB IG Fünf-Seen-Land;Landkreis Augsburg;Neusäß;2
ee701d8a-3b95-4cf3-b8b3-f6353f36a3c0;Bayern;86368;DIMB IG Fünf-Seen-Land;Landkreis Augsburg;Gersthofen;2
87c16173-aa0c-428d-814f-2a939b3d6570;Bayern;86381;DIMB IG Fünf-Seen-Land;Landkreis Günzburg;Krumbach (Schwaben);2
2a0c7b16-d1f5-4f76-a8a5-6d2ec8e05fb5;Bayern;86391;DIMB IG Fünf-Seen-Land;Landkreis Augsburg;Stadtbergen;2
bada428c-4121-482d-addd-a92f38505abc;Bayern;86399;DIMB IG Fünf-Seen-Land;Landkreis Augsburg;Bobingen;2
9be7bbc4-827c-4602-9dc2-7b4e6f592273;Bayern;86405;DIMB IG Fünf-Seen-Land;Landkreis Augsburg;Meitingen;2
61fca4d4-bd4a-48f1-979c-b1686d85c348;Bayern;86415;DIMB IG Fünf-Seen-Land;Landkreis Aichach-Friedberg;Mering;2
6fe00447-4357-4304-ac05-7cf1cfc04d84;Bayern;86420;DIMB IG Fünf-Seen-Land;Landkreis Augsburg;Diedorf;2
12ff736f-21dc-4af3-a9f9-d6c953c9311f;Bayern;86424;DIMB IG Fünf-Seen-Land;Landkreis Augsburg;Dinkelscherben;2
78583ff8-8206-439a-b7fc-1e0f1cd635fd;Bayern;86438;DIMB IG Fünf-Seen-Land;Landkreis Aichach-Friedberg;Kissing;2
9405c559-1662-4bf8-8a30-ea8259ee7600;Bayern;86441;DIMB IG Fünf-Seen-Land;Landkreis Augsburg;Zusmarshausen;2
b8169e3e-fce6-4cb2-a499-09d10420db67;Bayern;86444;DIMB IG Fünf-Seen-Land;Landkreis Aichach-Friedberg;Affing;2
bdf6aec7-de87-4017-a1fa-5b7a5c9c9512;Bayern;86447;DIMB IG Fünf-Seen-Land;Landkreis Aichach-Friedberg;Aindling, Todtenweis;2
c7b88ad3-f013-45cf-a4ff-a8e1bf699d8a;Bayern;86450;DIMB IG Fünf-Seen-Land;Landkreis Augsburg;Altenmünster;2
e2234166-eb41-4352-8407-f80d38eb5adf;Bayern;86453;DIMB IG Fünf-Seen-Land;Landkreis Aichach-Friedberg;Dasing;2
2ccef44c-8b3e-4d54-803e-02084c947f74;Bayern;86456;DIMB IG Fünf-Seen-Land;Landkreis Augsburg;Gablingen;2
dc6822fa-94c8-41ee-9da6-c031b82be832;Bayern;86459;DIMB IG Fünf-Seen-Land;Landkreis Augsburg;Gessertshausen;2
9a8c542c-a8c9-408c-8716-edba3d9911bb;Bayern;86462;DIMB IG Fünf-Seen-Land;Landkreis Augsburg;Langweid am Lech;2
2ce037ff-4879-467d-96da-569042167dd5;Bayern;86465;DIMB IG Fünf-Seen-Land;Landkreis Augsburg;Heretsried, Welden;2
b662431a-d6e4-4f08-9478-0904269c56ea;Bayern;86470;DIMB IG Fünf-Seen-Land;Landkreis Günzburg;Thannhausen;2
3cc7f850-d03e-40d9-8d4c-8656ed34ea77;Bayern;86473;DIMB IG Fünf-Seen-Land;Landkreis Günzburg;Ziemetshausen;2
e063e27e-cf10-408e-a2a6-46a34655f502;Bayern;86476;DIMB IG Fünf-Seen-Land;Landkreis Günzburg;Neuburg a.d.Kammel;2
6dc35b70-f7c5-4148-aa1d-657d41e6bb2e;Bayern;86477;DIMB IG Fünf-Seen-Land;Landkreis Augsburg;Adelsried;2
df06f8fb-7526-44b6-a6ae-022a25c6b3e0;Bayern;86479;DIMB IG Fünf-Seen-Land;Landkreis Günzburg;Aichen;2
d696d362-dceb-4643-a7b2-7680d3117cce;Bayern;86480;DIMB IG Fünf-Seen-Land;Landkreis Günzburg;Aletshausen, Waltenhausen;2
1b223667-aac2-4c81-9969-5e4b72ffd1ba;Bayern;86482;DIMB IG Fünf-Seen-Land;Landkreis Augsburg;Aystetten;2
b726ed39-3ed3-4fac-9bbf-86e65ca67666;Bayern;86483;DIMB IG Fünf-Seen-Land;Landkreis Günzburg;Balzhausen;2
8505c504-34dc-4b96-94c8-e2fa209c0c92;Bayern;86485;DIMB IG Fünf-Seen-Land;Landkreis Augsburg;Biberbach;2
c4abacb7-220d-471e-8c41-d7cef82c6629;Bayern;86486;DIMB IG Fünf-Seen-Land;Landkreis Augsburg;Bonstetten;2
1565ca22-cac6-4134-a11d-635d8c7ebf44;Bayern;86488;DIMB IG Fünf-Seen-Land;Landkreis Günzburg;Breitenthal;2
b78a815f-0c28-4430-938c-50500d73d61f;Bayern;86489;DIMB IG Fünf-Seen-Land;Landkreis Günzburg;Deisenhausen;2
263454e9-7c51-4289-892d-b862282b4a81;Bayern;86491;DIMB IG Fünf-Seen-Land;Landkreis Günzburg;Ebershausen;2
36972069-2684-4a45-b522-20daeec607bc;Bayern;86492;DIMB IG Fünf-Seen-Land;Landkreis Landsberg am Lech;Egling an der Paar;2
f86d74e3-c502-41ec-9c56-96a7cf8049b4;Bayern;86494;DIMB IG Fünf-Seen-Land;Landkreis Augsburg;Emersacker;2
964e424f-d9b1-4509-86c1-7ac393e67a1d;Bayern;86495;DIMB IG Fünf-Seen-Land;Landkreis Aichach-Friedberg;Eurasburg;2
765ae398-0a17-4210-aa5d-a44648389af7;Bayern;86497;DIMB IG Fünf-Seen-Land;Landkreis Augsburg;Horgau;2
5f8c0452-0bce-433f-9cab-2f3d39d43407;Bayern;86498;DIMB IG Allgäu;Landkreis Unterallgäu;Kettershausen;44
5b294475-e1ad-40b3-a0fa-26ef80b4c57e;Bayern;86500;DIMB IG Fünf-Seen-Land;Landkreis Augsburg;Kutzenhausen;2
7708a45d-56ee-4945-8da2-bba193f2b9dd;Bayern;86502;DIMB IG Altmühltal;Landkreis Dillingen an der Donau;Laugna;30
eb8e4e48-597d-4573-bdcb-82cabc422597;Bayern;86504;DIMB IG Fünf-Seen-Land;Landkreis Aichach-Friedberg;Merching;2
7e212c0c-ba7f-466b-962c-e37f1d1871db;Bayern;86505;DIMB IG Fünf-Seen-Land;Landkreis Günzburg;Münsterhausen;2
f494959c-804c-43df-84e3-8021708292ab;Bayern;86507;DIMB IG Fünf-Seen-Land;Landkreis Augsburg;Kleinaitingen, Oberottmarshausen;2
4d3b3955-783b-40fc-a323-13fe3d9337c2;Bayern;86508;DIMB IG Fünf-Seen-Land;Landkreis Aichach-Friedberg;Rehling;2
c58793fa-4588-4cb4-b2a5-2d6a86b143f8;Bayern;86510;DIMB IG Fünf-Seen-Land;Landkreis Aichach-Friedberg;Ried;2
ba83afae-04ae-4aef-828d-b9f39cf751cf;Bayern;86511;DIMB IG Fünf-Seen-Land;Landkreis Aichach-Friedberg;Schmiechen;2
d319c8b9-d35a-4556-af68-4b6a2ac2f5e9;Bayern;86513;DIMB IG Fünf-Seen-Land;Landkreis Günzburg;Ursberg;2
6d6aac2c-e7a7-4fc5-8e55-a1ba263dc69e;Bayern;86514;DIMB IG Fünf-Seen-Land;Landkreis Augsburg;Ustersbach;2
7562ab9b-853c-4512-ae0b-3c7343851185;Bayern;86517;DIMB IG Fünf-Seen-Land;Landkreis Augsburg;Wehringen;2
ce7fa012-5b67-4c9f-b191-896b51b20f75;Bayern;86519;DIMB IG Fünf-Seen-Land;Landkreis Günzburg;Wiesenbach;2
c037b774-a9a7-4be9-a3dd-7b35fab6271d;Bayern;86529;DIMB IG Altmühltal;Landkreis Neuburg-Schrobenhausen;Schrobenhausen;30
0a1e616f-b8b6-4cd6-a3e9-43eb048a0fbf;Bayern;86551;DIMB IG Altmühltal;Landkreis Aichach-Friedberg;Aichach;30
31ab7c03-5f67-448b-910a-5c75a19505f9;Bayern;86554;DIMB IG Altmühltal;Landkreis Aichach-Friedberg;Pöttmes;30
18fff72e-3105-4353-aec5-5b6b023b35de;Bayern;86556;DIMB IG Altmühltal;Landkreis Aichach-Friedberg;Kühbach;30
4065911e-eff0-4006-a867-e8abe1f97f35;Bayern;86558;DIMB IG Altmühltal;Landkreis Pfaffenhofen an der Ilm;Hohenwart;30
c1754afd-cdb3-4c6f-82da-b770ee5b3b67;Bayern;86559;DIMB IG Altmühltal;Landkreis Aichach-Friedberg;Adelzhausen;30
35f9fe84-8272-4321-9b6c-144fa0ec3705;Bayern;86561;DIMB IG Altmühltal;Landkreis Neuburg-Schrobenhausen;Aresing;30
c47ce19f-3b84-473a-ae6b-7dd9dfaa3248;Bayern;86562;DIMB IG Altmühltal;Landkreis Neuburg-Schrobenhausen;Berg im Gau;30
9926e91c-068b-413e-ac71-1293a4681063;Bayern;86564;DIMB IG Altmühltal;Landkreis Neuburg-Schrobenhausen;Brunnen;30
265c28f4-094f-4231-ac30-f14211531246;Bayern;86565;DIMB IG Altmühltal;Landkreis Neuburg-Schrobenhausen;Gachenbach;30
1c778a73-f6ff-4f63-9770-7ed835ab73f3;Bayern;86567;DIMB IG Altmühltal;Landkreis Dachau;Hilgertshausen-Tandern;30
c2e06d51-f922-4d9e-b2af-c71a1a425a84;Bayern;86568;DIMB IG Altmühltal;Landkreis Aichach-Friedberg;Hollenbach;30
24bed866-d63e-4677-98c6-4dde9342d3e4;Bayern;86570;DIMB IG Altmühltal;Landkreis Aichach-Friedberg;Inchenhofen;30
173256c5-2033-4dde-9097-caa713935b8b;Bayern;86571;DIMB IG Altmühltal;Landkreis Neuburg-Schrobenhausen;Langenmosen;30
9085a502-565c-4986-851d-9d77e4d016d7;Bayern;86573;DIMB IG Altmühltal;Landkreis Aichach-Friedberg;Obergriesbach;30
38cf0c1f-cb4a-4bc0-b038-95bf42e07402;Bayern;86574;DIMB IG Altmühltal;Landkreis Aichach-Friedberg;Petersdorf;30
d93e59e3-0e07-4da1-8c58-2c403bea5671;Bayern;86576;DIMB IG Altmühltal;Landkreis Aichach-Friedberg;Schiltberg;30
dda7e1f3-8dab-461f-a236-a678f8be029b;Bayern;86577;DIMB IG Altmühltal;Landkreis Aichach-Friedberg;Sielenbach;30
1eaefcbc-d6a9-4bf7-81e8-ddd57fe6650b;Bayern;86579;DIMB IG Altmühltal;Landkreis Neuburg-Schrobenhausen;Waidhofen;30
c3646bfc-f0fd-4938-875c-3990fdf160cf;Bayern;86609;DIMB IG Altmühltal;Landkreis Donau-Ries;Donauwörth;30
ca8a9059-ca6e-4835-ad8e-2244a5d26819;Bayern;86633;DIMB IG Altmühltal;Landkreis Neuburg-Schrobenhausen;Neuburg an der Donau;30
1c879ca3-639b-4bfe-aa74-f9e7e6bd14d3;Bayern;86637;DIMB IG Altmühltal;Landkreis Dillingen an der Donau;Binswangen, Villenbach, Wertingen, Zusamaltheim;30
8c7862fb-0d95-4b09-87d5-1e778460a1f8;Bayern;86641;DIMB IG Altmühltal;Landkreis Donau-Ries;Rain;30
d4cce721-3f85-4453-bd2f-5e813355855c;Bayern;86643;DIMB IG Altmühltal;Landkreis Neuburg-Schrobenhausen;Rennertshofen;30
d0205e6c-3202-4e30-b1a0-f0d92597df69;Bayern;86647;DIMB IG Altmühltal;Landkreis Dillingen an der Donau;Buttenwiesen;30
b00ed89d-cd62-4001-a527-c833951ce13b;Bayern;86650;DIMB IG Altmühltal;Landkreis Donau-Ries;Wemding;30
e5178169-d8fe-4172-b6c2-89f18db86e00;Bayern;86653;DIMB IG Altmühltal;Landkreis Donau-Ries;Daiting, Monheim;30
f431b242-9348-40f9-8c9c-9bba68be6082;Bayern;86655;DIMB IG Altmühltal;Landkreis Donau-Ries;Harburg (Schwaben);30
5dcb9824-2c0b-442f-b64c-f13319c8f02d;Bayern;86657;DIMB IG Altmühltal;Landkreis Dillingen an der Donau;Bissingen;30
d5b53544-f5f1-4b10-b656-a8483ef3eeb5;Bayern;86660;DIMB IG Altmühltal;Landkreis Donau-Ries;Tapfheim;30
754dd5b9-7813-4cd1-9769-3a926da5bc04;Bayern;86663;DIMB IG Altmühltal;Landkreis Donau-Ries;Asbach-Bäumenheim;30
83feaa83-a46c-445b-a6d6-86a888d2410f;Bayern;86666;DIMB IG Altmühltal;Landkreis Neuburg-Schrobenhausen;Burgheim;30
64631767-7d57-4740-9bff-cb3f461d4bf8;Bayern;86668;DIMB IG Altmühltal;Landkreis Neuburg-Schrobenhausen;Karlshuld;30
f267c49b-1d03-464f-9336-6af7580538b0;Bayern;86669;DIMB IG Altmühltal;Landkreis Neuburg-Schrobenhausen;Königsmoos;30
d62b1d51-19c2-4ba1-a043-9c7cd3c96f87;Bayern;86672;DIMB IG Altmühltal;Landkreis Augsburg;Thierhaupten;30
436a29a2-60e9-4360-99fb-1323198cc69a;Bayern;86673;DIMB IG Altmühltal;Landkreis Neuburg-Schrobenhausen;Bergheim;30
605038ae-813d-47d1-b9c7-8f2c8fa5be09;Bayern;86674;DIMB IG Altmühltal;Landkreis Aichach-Friedberg;Baar;30
3679c838-9e5b-4d15-9efd-37b5f39f6665;Bayern;86675;DIMB IG Altmühltal;Landkreis Donau-Ries;Buchdorf;30
6c5cb30f-4d1a-41a7-af7e-e5918c65bf54;Bayern;86676;DIMB IG Altmühltal;Landkreis Neuburg-Schrobenhausen;Ehekirchen;30
b75046b0-e55a-442d-b699-dd75fb6e1f45;Bayern;86678;DIMB IG Altmühltal;Landkreis Augsburg;Ehingen;30
692e72d9-8b72-4413-b267-96ca89ae25b2;Bayern;86679;DIMB IG Altmühltal;Landkreis Augsburg;Ellgau;30
b5af87d2-1fba-4715-9614-73ba48be2f56;Bayern;86681;DIMB IG Altmühltal;Landkreis Donau-Ries;Fünfstetten;30
1952f235-b806-49c8-ae13-6012b97e581f;Bayern;86682;DIMB IG Altmühltal;Landkreis Donau-Ries;Genderkingen;30
01cb2171-8782-4e98-9f10-f1d0142e24fc;Bayern;86684;DIMB IG Altmühltal;Landkreis Donau-Ries;Holzheim;30
1e550f74-190b-4169-bce6-8b3f46d69159;Bayern;86685;DIMB IG Altmühltal;Landkreis Donau-Ries;Huisheim;30
24c2ce5c-0497-45a8-a4e7-e36044d12912;Bayern;86687;DIMB IG Altmühltal;Landkreis Donau-Ries;Kaisheim;30
031438f7-ca5c-4a24-91ec-d2ecb3a9feb7;Bayern;86688;DIMB IG Altmühltal;Landkreis Donau-Ries;Marxheim;30
0504a993-854f-4aad-9733-b0a2f5a3ad1e;Bayern;86690;DIMB IG Altmühltal;Landkreis Donau-Ries;Mertingen;30
f188abd4-b23b-4823-839e-e6a786fad927;Bayern;86692;DIMB IG Altmühltal;Landkreis Donau-Ries;Münster;30
50161bc4-edf8-47a0-ad5c-c5e3d90fbddd;Bayern;86694;DIMB IG Altmühltal;Landkreis Donau-Ries;Niederschönenfeld;30
94bd6dc7-b91e-4d9a-b9b4-af0131061eed;Bayern;86695;DIMB IG Altmühltal;Landkreis Augsburg;Allmannshofen, Nordendorf;30
837b864b-6545-48ce-a64e-7ea42ed94686;Bayern;86697;DIMB IG Altmühltal;Landkreis Neuburg-Schrobenhausen;Oberhausen;30
6726ddf0-b6f7-4f88-ba9d-10cfdd188c57;Bayern;86698;DIMB IG Altmühltal;Landkreis Donau-Ries;Oberndorf a.Lech;30
30298d1d-daf7-46eb-88ab-e6138c5eeb7e;Bayern;86700;DIMB IG Altmühltal;Landkreis Donau-Ries;Otting;30
f3a0c5d2-bdc4-4bc6-8ff4-17af02958a89;Bayern;86701;DIMB IG Altmühltal;Landkreis Neuburg-Schrobenhausen;Rohrenfels;30
7a290171-4cca-4ffa-92fb-feeac71af019;Bayern;86703;DIMB IG Altmühltal;Landkreis Donau-Ries;Rögling;30
09839b63-355e-4471-acc0-aedad8bea218;Bayern;86704;DIMB IG Altmühltal;Landkreis Donau-Ries;Tagmersheim;30
aa7f71d5-6fe4-4ac9-8b5d-07bf35fb6602;Bayern;86706;DIMB IG Altmühltal;Landkreis Neuburg-Schrobenhausen;Weichering;30
7d775511-2639-47e6-ba90-49b93a83bfa0;Bayern;86707;DIMB IG Altmühltal;Landkreis Augsburg;Kühlenthal, Westendorf;30
c3b8c0bd-da60-40ac-a737-2ec5b538a630;Bayern;86709;DIMB IG Altmühltal;Landkreis Donau-Ries;Wolferstadt;30
0562b59e-71af-4942-b348-2e8665e54aba;Bayern;86720;DIMB IG Altmühltal;Landkreis Donau-Ries;Nördlingen;30
231ffb64-06b6-4606-8d3a-fc558fde6c1e;Bayern;86732;DIMB IG Altmühltal;Landkreis Donau-Ries;Oettingen i.Bay.;30
f0840f13-2ee3-4431-b694-00e4e82eab7e;Bayern;86733;DIMB IG Altmühltal;Landkreis Donau-Ries;Alerheim;30
a3106433-36b0-4b74-91de-ae7b58e1cd96;Bayern;86735;DIMB IG Altmühltal;Landkreis Donau-Ries;Amerdingen, Forheim;30
f4b84a01-13f0-40c1-9fde-6409addcde5c;Bayern;86736;DIMB IG Altmühltal;Landkreis Donau-Ries;Auhausen;30
78945cdf-b208-447c-a716-9023492a1500;Bayern;86738;DIMB IG Altmühltal;Landkreis Donau-Ries;Deiningen;30
1334a908-8220-4095-92db-6ab1b2a26680;Bayern;86739;DIMB IG Altmühltal;Landkreis Donau-Ries;Ederheim;30
28c5c747-9bf5-4075-aef5-82f299555cf3;Bayern;86741;DIMB IG Altmühltal;Landkreis Donau-Ries;Ehingen a.Ries;30
b4cac049-64ba-41d0-87ab-9e620b0f94ec;Bayern;86742;DIMB IG Altmühltal;Landkreis Donau-Ries;Fremdingen;30
33377e46-5685-4a99-819d-5a846b4cd30d;Bayern;86744;DIMB IG Altmühltal;Landkreis Donau-Ries;Hainsfarth;30
dfd192e7-426e-4621-bc7b-deab2af2dd85;Bayern;86745;DIMB IG Altmühltal;Landkreis Donau-Ries;Hohenaltheim;30
3fe3ce33-a73a-4cac-877b-a1b76c6b3e9f;Bayern;86747;DIMB IG Altmühltal;Landkreis Donau-Ries;Maihingen;30
19cbb935-83a8-4226-b936-bccbb4ce3125;Bayern;86748;DIMB IG Altmühltal;Landkreis Donau-Ries;Marktoffingen;30
370dd6d6-a247-460b-842a-5fff2cebd722;Bayern;86750;DIMB IG Altmühltal;Landkreis Donau-Ries;Megesheim;30
d9ce1d6e-6e14-4161-9816-4e56a87149d9;Bayern;86751;DIMB IG Altmühltal;Landkreis Donau-Ries;Mönchsdeggingen;30
d8e32fd6-d225-4995-897b-7f0f8fe643f6;Bayern;86753;DIMB IG Altmühltal;Landkreis Donau-Ries;Möttingen;30
af4cbafc-4b97-4691-9ec5-42ea099b93f2;Bayern;86754;DIMB IG Altmühltal;Landkreis Donau-Ries;Munningen;30
73c19a97-3b80-434d-b718-2d24c61978da;Bayern;86756;DIMB IG Altmühltal;Landkreis Donau-Ries;Reimlingen;30
50635dad-5269-410e-8550-d72a6108ba26;Bayern;86757;DIMB IG Altmühltal;Landkreis Donau-Ries;Wallerstein;30
0fb98fd6-60df-45e4-855a-6b15b9bcb5d0;Bayern;86759;DIMB IG Altmühltal;Landkreis Donau-Ries;Wechingen;30
149e6057-d67d-4194-b5e0-bce14ddddef4;Bayern;86807;DIMB IG Allgäu;Landkreis Ostallgäu;Buchloe;44
64ef63b1-cbf9-401d-ae73-a79fcdb6cfbd;Bayern;86825;DIMB IG Allgäu;Landkreis Unterallgäu;Bad Wörishofen;44
9067b12d-73b4-4d8d-a253-585c2dd912a3;Bayern;86830;DIMB IG Fünf-Seen-Land;Landkreis Augsburg;Schwabmünchen;2
b2be8193-1a84-4c72-8384-6298dc02531d;Bayern;86833;DIMB IG Allgäu;Landkreis Unterallgäu;Ettringen;44
9d25ac88-e63b-4b93-823b-d6388f01c8fc;Bayern;86836;DIMB IG Fünf-Seen-Land;Landkreis Augsburg;Graben, Klosterlechfeld, Obermeitingen, Untermeitingen;2
1b570e75-a8ec-43f3-a03d-539527f87684;Bayern;86842;DIMB IG Allgäu;Landkreis Unterallgäu;Türkheim;44
a895381d-68ca-47f4-8074-a4662fdccd62;Bayern;86845;DIMB IG Fünf-Seen-Land;Landkreis Augsburg;Großaitingen;2
0afe2583-298b-4549-abe6-cc76c3360e80;Bayern;86850;DIMB IG Fünf-Seen-Land;Landkreis Augsburg;Fischach;2
50378c76-b6a2-4851-9271-da2609c4969e;Bayern;86853;DIMB IG Fünf-Seen-Land;Landkreis Augsburg;Langerringen;2
91a3a309-bbe5-4c95-9d35-a913c2f899ea;Bayern;86854;DIMB IG Allgäu;Landkreis Unterallgäu;Amberg;44
90412743-6129-425c-a526-a266c36918a0;Bayern;86856;DIMB IG Fünf-Seen-Land;Landkreis Augsburg;Hiltenfingen;2
c59baee4-521f-4f8d-af48-0b542259d531;Bayern;86857;DIMB IG Fünf-Seen-Land;Landkreis Landsberg am Lech;Hurlach;2
73de2d16-6157-46a8-b4c7-eb91d72e42dd;Bayern;86859;DIMB IG Fünf-Seen-Land;Landkreis Landsberg am Lech;Igling;2
bb1ef4a4-5c0d-4efb-95e0-e70ab4160056;Bayern;86860;DIMB IG Allgäu;Landkreis Ostallgäu;Jengen;44
5456d71f-a804-4d2e-8c72-d7a5e1c7ec64;Bayern;86862;DIMB IG Allgäu;Landkreis Ostallgäu;Lamerdingen;44
06e4f61a-7e24-4406-ad86-1412735470dd;Bayern;86863;DIMB IG Fünf-Seen-Land;Landkreis Augsburg;Langenneufnach;2
f05e7ef0-8b79-41f9-8df6-fcd2868fd44f;Bayern;86865;DIMB IG Allgäu;Landkreis Unterallgäu;Markt Wald;44
b3870a1a-b278-4a15-9eef-17292aa8d0ca;Bayern;86866;DIMB IG Fünf-Seen-Land;Landkreis Augsburg;Mickhausen;2
a1a72d4f-49a9-40ae-ba4f-e51a6c6a05b3;Bayern;86868;DIMB IG Fünf-Seen-Land;Landkreis Augsburg;Mittelneufnach;2
f2796995-b161-4468-975f-b134ba8634b4;Bayern;86869;DIMB IG Allgäu;Landkreis Ostallgäu;Oberostendorf;44
be705a37-e2e2-401d-979f-bb631699f3a3;Bayern;86871;DIMB IG Allgäu;Landkreis Unterallgäu;Rammingen;44
279f6cea-57b7-4640-b314-cc62943b4d4c;Bayern;86872;DIMB IG Fünf-Seen-Land;Landkreis Augsburg;Scherstetten;2
0d58e303-b552-4e53-ab30-af60ebe8a308;Bayern;86874;DIMB IG Allgäu;Landkreis Unterallgäu;Tussenhausen;44
a627ac15-63ea-451c-b08e-cca9419e4876;Bayern;86875;DIMB IG Allgäu;Landkreis Ostallgäu;Waal;44
7088fb93-ee8a-4742-aaab-66ddd5c40727;Bayern;86877;DIMB IG Fünf-Seen-Land;Landkreis Augsburg;Walkertshofen;2
458611e4-80a6-4a73-8d73-f0461e35ddd3;Bayern;86879;DIMB IG Allgäu;Landkreis Unterallgäu;Wiedergeltingen;44
e34e5831-5980-451c-90a6-73f8f5726abe;Bayern;86899;DIMB IG Fünf-Seen-Land;Landkreis Landsberg am Lech;Landsberg am Lech;2
e853296e-31f6-4552-9b6b-eeccbf2328fb;Bayern;86911;DIMB IG Fünf-Seen-Land;Landkreis Landsberg am Lech;Dießen am Ammersee;2
b88878e5-cab8-4ae0-a6e6-6a0e1455b1a7;Bayern;86916;DIMB IG Fünf-Seen-Land;Landkreis Landsberg am Lech;Kaufering;2
9a26eb93-7ccc-4cf9-b8b4-8cacaf9fc7d4;Bayern;86919;DIMB IG Fünf-Seen-Land;Landkreis Landsberg am Lech;Utting am Ammersee;2
2ebabdb0-bda1-4a9d-a37d-25aa8439e084;Bayern;86920;DIMB IG Fünf-Seen-Land;Landkreis Landsberg am Lech;Denklingen;2
fd17827b-5f77-4a7a-835d-dc22751bb198;Bayern;86922;DIMB IG Fünf-Seen-Land;Landkreis Landsberg am Lech;Eresing;2
df4827db-ef68-454c-b170-79a10610476c;Bayern;86923;DIMB IG Fünf-Seen-Land;Landkreis Landsberg am Lech;Finning;2
64fa3b74-871b-4286-af79-638d0a37f456;Bayern;86925;DIMB IG Fünf-Seen-Land;Landkreis Landsberg am Lech;Fuchstal;2
578a5dc2-a916-43d7-914c-b637bada0674;Bayern;86926;DIMB IG Fünf-Seen-Land;Landkreis Landsberg am Lech;Greifenberg, Eresing;2
41b12adc-d9da-4b5b-9f4e-226fe2b7cb7d;Bayern;86928;DIMB IG Fünf-Seen-Land;Landkreis Landsberg am Lech;Hofstetten;2
86de8a3a-ea2f-4bba-a584-1feec74db1f6;Bayern;86929;DIMB IG Fünf-Seen-Land;Landkreis Landsberg am Lech;Penzing;2
3bf65307-7e38-41a9-9560-da1d19ee3e4d;Bayern;86931;DIMB IG Fünf-Seen-Land;Landkreis Landsberg am Lech;Prittriching;2
b287711a-6d65-49da-bce4-7cd95b68bf35;Bayern;86932;DIMB IG Fünf-Seen-Land;Landkreis Landsberg am Lech;Landsberg am Lech, Pürgen;2
a773b737-1925-442a-b85a-799d02173c1b;Bayern;86934;DIMB IG Fünf-Seen-Land;Landkreis Landsberg am Lech;Reichling;2
b895cb22-4290-4ddb-a64e-938918aca8b2;Bayern;86935;DIMB IG Fünf-Seen-Land;Landkreis Landsberg am Lech;Rott;2
f2a021f9-2a77-4b8a-a13f-edd8c4a142bb;Bayern;86937;DIMB IG Fünf-Seen-Land;Landkreis Landsberg am Lech;Scheuring;2
31a2fc01-ba66-413d-bd0f-63c2e3905602;Bayern;86938;DIMB IG Fünf-Seen-Land;Landkreis Landsberg am Lech;Schondorf am Ammersee;2
b1f265a9-2320-44a3-8077-6d1bda7c5cc6;Bayern;86940;DIMB IG Fünf-Seen-Land;Landkreis Landsberg am Lech;Schwifting;2
cfb3cc83-083a-4e70-9762-ace3d25b6356;Bayern;86941;DIMB IG Fünf-Seen-Land;Landkreis Landsberg am Lech;Eresing;2
d5be24da-5d01-4808-995b-a6fdb8814db8;Bayern;86943;DIMB IG Fünf-Seen-Land;Landkreis Landsberg am Lech;Thaining;2
59fbe80b-8ccc-4bd1-a883-7bfa21d817d5;Bayern;86944;DIMB IG Fünf-Seen-Land;Landkreis Landsberg am Lech;Unterdießen;2
a0ffb716-e6e3-4c7a-98d9-336c195d3fb6;Bayern;86946;DIMB IG Fünf-Seen-Land;Landkreis Landsberg am Lech;Vilgertshofen;2
ffbf4e8b-95a6-44d2-8d54-44c7744bf105;Bayern;86947;DIMB IG Fünf-Seen-Land;Landkreis Landsberg am Lech;Weil;2
d8be4b04-190e-4877-9950-661361d23894;Bayern;86949;DIMB IG Fünf-Seen-Land;Landkreis Landsberg am Lech;Windach;2
f256ac1e-be26-4435-8778-54600775a9a3;Bayern;86956;DIMB IG Zugspitz-Pfaffenwinkl;Landkreis Weilheim-Schongau;Schongau;83
0639fe18-fb4d-480a-b6ef-2407f13a0557;Bayern;86971;DIMB IG Zugspitz-Pfaffenwinkl;Landkreis Weilheim-Schongau;Peiting;83
117dc771-6166-4ced-9e01-e8ee48cbec43;Bayern;86972;DIMB IG Zugspitz-Pfaffenwinkl;Landkreis Weilheim-Schongau;Altenstadt;83
319ad5c1-36aa-4ee2-a786-c24e0e0ea146;Bayern;86974;DIMB IG Fünf-Seen-Land;Landkreis Landsberg am Lech;Apfeldorf;2
f57c85d3-335b-49ff-8439-28b2075390ff;Bayern;86975;DIMB IG Zugspitz-Pfaffenwinkl;Landkreis Weilheim-Schongau;Bernbeuren;83
22f4c374-83a3-4517-8f6b-91b714387e9c;Bayern;86977;DIMB IG Zugspitz-Pfaffenwinkl;Landkreis Weilheim-Schongau;Burggen;83
1614bf03-c9c7-4dc6-89ed-71e3cc8b8164;Bayern;86978;DIMB IG Zugspitz-Pfaffenwinkl;Landkreis Weilheim-Schongau;Hohenfurch;83
55dbde80-5750-48ac-8391-5ea3f6ca66ef;Bayern;86980;DIMB IG Zugspitz-Pfaffenwinkl;Landkreis Weilheim-Schongau;Ingenried;83
a40c5906-33c4-4487-8550-3bd1b2055886;Bayern;86981;DIMB IG Fünf-Seen-Land;Landkreis Landsberg am Lech;Kinsau;2
65f5a5d7-d236-4327-a81e-202f773afe99;Bayern;86983;DIMB IG Allgäu;Landkreis Ostallgäu;Lechbruck a.See;44
3e4e2eed-a032-4012-844e-2bfb32111756;Bayern;86984;DIMB IG Zugspitz-Pfaffenwinkl;Landkreis Weilheim-Schongau;Prem;83
10a46540-51be-45e1-91bc-20308488bf01;Bayern;86986;DIMB IG Zugspitz-Pfaffenwinkl;Landkreis Weilheim-Schongau;Schwabbruck;83
f0acc7b7-3eae-4836-a644-4f87dab67ae5;Bayern;86987;DIMB IG Zugspitz-Pfaffenwinkl;Landkreis Weilheim-Schongau;Schwabsoien;83
e3eadc99-9a5f-4a56-8675-b480ad8a4223;Bayern;86989;DIMB IG Zugspitz-Pfaffenwinkl;Landkreis Weilheim-Schongau;Steingaden;83
fd05214c-8334-4ff1-b6b2-2e2fb9b2bb3b;Bayern;87435;DIMB IG Allgäu;Stadt Kempten;Kempten (Allgäu);44
1a1937db-9b32-4d58-aeba-16a30abfffcd;Bayern;87437;DIMB IG Allgäu;Stadt Kempten;Kempten (Allgäu);44
f6f24a69-1244-4fb1-b8b9-3de52c9728c5;Bayern;87439;DIMB IG Allgäu;Stadt Kempten;Kempten (Allgäu);44
736ff6f3-b074-43a1-bbe1-f9e688095a6b;Bayern;87448;DIMB IG Allgäu;Landkreis Oberallgäu;Waltenhofen;44
d878c6aa-929e-4f0d-b96c-63d095019b98;Bayern;87452;DIMB IG Allgäu;Landkreis Oberallgäu;Altusried;44
6dc323b0-ec28-4246-9b19-d054404c3499;Bayern;87459;DIMB IG Allgäu;Landkreis Ostallgäu;Pfronten;44
a20fa097-5854-42f6-8397-1e378d7da1bb;Bayern;87463;DIMB IG Allgäu;Landkreis Oberallgäu;Dietmannsried;44
e20509cd-465a-4473-98ee-780a69a2d46a;Bayern;87466;DIMB IG Allgäu;Landkreis Oberallgäu;Oy-Mittelberg;44
6f8d4c37-60e7-47f5-8102-c73e902528d0;Bayern;87471;DIMB IG Allgäu;Landkreis Oberallgäu;Durach;44
f542f1ca-5262-4e64-9dee-57e2159fe179;Bayern;87474;DIMB IG Allgäu;Landkreis Oberallgäu;Buchenberg;44
8e859c40-e40b-4ed7-a65d-4ecf3d2361af;Bayern;87477;DIMB IG Allgäu;Landkreis Oberallgäu;Sulzberg;44
f09b6310-ce12-453b-91e1-60fe395645b0;Bayern;87480;DIMB IG Allgäu;Landkreis Oberallgäu;Weitnau;44
b59f1758-d8ef-4bd7-a1ba-9eae8c73f132;Bayern;87484;DIMB IG Allgäu;Landkreis Ostallgäu;Nesselwang;44
2d640b3c-3367-4434-9529-7197c0c70436;Bayern;87487;DIMB IG Allgäu;Landkreis Oberallgäu;Wiggensbach;44
0eeadc33-ee10-4d78-b797-d2bb0e1659b0;Bayern;87488;DIMB IG Allgäu;Landkreis Oberallgäu;Betzigau;44
a634467c-2c55-4578-9dbf-9d911871f577;Bayern;87490;DIMB IG Allgäu;Landkreis Oberallgäu;Haldenwang;44
b735f944-1136-41a1-ab2a-1235227ec72a;Bayern;87493;DIMB IG Allgäu;Landkreis Oberallgäu;Lauben;44
4fd9865c-bbe3-410e-8d35-3aba1f384f4e;Bayern;87494;DIMB IG Allgäu;Landkreis Ostallgäu;Rückholz;44
bdd5f2e5-c757-4bca-a0da-8e1e4b201807;Bayern;87496;DIMB IG Allgäu;Landkreis Ostallgäu;Untrasried;44
331feaec-5175-46d6-8c3b-54a279bbb78f;Bayern;87497;DIMB IG Allgäu;Landkreis Oberallgäu;Wertach;44
222b2e07-97ae-4cb6-b958-5b148bec8557;Bayern;87499;DIMB IG Allgäu;Landkreis Oberallgäu;Wildpoldsried;44
4570cafa-6e6a-4dd5-846f-7037f026d223;Bayern;87509;DIMB IG Allgäu;Landkreis Oberallgäu;Immenstadt im Allgäu;44
5d6359ec-47b8-4cd8-92fc-6203adaf518d;Bayern;87527;DIMB IG Allgäu;Landkreis Oberallgäu;Sonthofen, Ofterschwang;44
ec07f968-9f70-49fa-8e9b-e3b056140f3e;Bayern;87534;DIMB IG Allgäu;Landkreis Oberallgäu;Oberstaufen;44
8a11e5bc-6cfc-4c84-98d1-40f727e5221f;Bayern;87538;DIMB IG Allgäu;Landkreis Oberallgäu;Balderschwang, Bolsterlang, Fischen im Allgäu, Obermaiselstein;44
25990d1d-2783-479a-b758-d719e6c8aae6;Bayern;87541;DIMB IG Allgäu;Landkreis Oberallgäu;Bad Hindelang;44
c0bb86af-750d-437d-bfb5-7b4fefc08456;Bayern;87544;DIMB IG Allgäu;Landkreis Oberallgäu;Blaichach;44
9395eb91-6e22-4ec6-93ce-7c7d22d1c1eb;Bayern;87545;DIMB IG Allgäu;Landkreis Oberallgäu;Burgberg i.Allgäu;44
594a34f0-e019-42dc-8642-8160deb601e4;Bayern;87547;DIMB IG Allgäu;Landkreis Oberallgäu;Missen-Wilhams;44
0ead26e4-94cf-481d-b47c-7e57df69b468;Bayern;87549;DIMB IG Allgäu;Landkreis Oberallgäu;Rettenberg;44
27282626-5f4d-4109-a4f5-7a5ef8142730;Bayern;87561;DIMB IG Allgäu;Landkreis Oberallgäu;Oberstdorf;44
8573ce68-7cc1-45c4-a127-211e2e0050d8;Bayern;87600;DIMB IG Allgäu;Stadt Kaufbeuren;Kaufbeuren;44
1807eb8d-a6ce-44ec-bb8f-65e3858c6510;Bayern;87616;DIMB IG Allgäu;Landkreis Ostallgäu;Marktoberdorf, Wald;44
e7c6e541-ec1d-46a9-a2ec-5f883a6d7a1c;Bayern;87629;DIMB IG Allgäu;Landkreis Ostallgäu;Füssen;44
afdd00e1-2ac6-4ae8-a492-f9566b2f0690;Bayern;87634;DIMB IG Allgäu;Landkreis Ostallgäu;Günzach, Obergünzburg;44
0636855b-952d-46cd-ab75-56fb4d410dc0;Bayern;87637;DIMB IG Allgäu;Landkreis Ostallgäu;Eisenberg, Seeg;44
db3b58ae-f4cb-4344-95e0-799b124c5432;Bayern;87640;DIMB IG Allgäu;Landkreis Ostallgäu;Biessenhofen;44
b1f832ab-330d-4a18-b825-1971a720af4d;Bayern;87642;DIMB IG Allgäu;Landkreis Ostallgäu;Halblech;44
9e751392-4096-4756-a2af-70ac1110d7a9;Bayern;87645;DIMB IG Allgäu;Landkreis Ostallgäu;Schwangau;44
64fbb667-1d26-458b-91d3-bedd92eef024;Bayern;87647;DIMB IG Allgäu;Landkreis Ostallgäu;Kraftisried, Unterthingau;44
bc639356-b65a-4f32-beeb-9369175caa7b;Bayern;87648;DIMB IG Allgäu;Landkreis Ostallgäu;Aitrang;44
60706841-5cb9-42ab-9d6a-644d6c9078c8;Bayern;87650;DIMB IG Allgäu;Landkreis Ostallgäu;Baisweil;44
ad776135-0bab-44a2-839d-942e93a22029;Bayern;87651;DIMB IG Allgäu;Landkreis Ostallgäu;Bidingen;44
876c935f-6b7e-460d-b15b-1474aa2ea6f6;Bayern;87653;DIMB IG Allgäu;Landkreis Ostallgäu;Eggenthal;44
10b0164b-1782-4fd2-8966-1b20232702dd;Bayern;87654;DIMB IG Allgäu;Landkreis Ostallgäu;Friesenried;44
e98a7708-9950-4eab-a0f1-382710f60905;Bayern;87656;DIMB IG Allgäu;Landkreis Ostallgäu;Germaringen;44
b4b8da33-0b44-449d-8311-edb13ac254d4;Bayern;87657;DIMB IG Allgäu;Landkreis Ostallgäu;Görisried;44
f54f31bf-1cd4-4113-8bf0-b4fcf828fe5c;Bayern;87659;DIMB IG Allgäu;Landkreis Ostallgäu;Hopferau;44
c9473f72-cab6-4ec6-bf11-421c7ba5f0ef;Bayern;87660;DIMB IG Allgäu;Landkreis Ostallgäu;Irsee;44
579665f1-024f-47bb-8c51-2dba7ff53158;Bayern;87662;DIMB IG Allgäu;Landkreis Ostallgäu;Kaltental, Osterzell;44
dbc92cf7-5bd0-425c-9344-95e11456736d;Bayern;87663;DIMB IG Allgäu;Landkreis Ostallgäu;Lengenwang;44
da694ece-aa6f-49b3-ba7b-2176e53c8335;Bayern;87665;DIMB IG Allgäu;Landkreis Ostallgäu;Mauerstetten;44
f0734d43-3022-4ccc-ba13-46734a65b369;Bayern;87666;DIMB IG Allgäu;Landkreis Ostallgäu;Pforzen;44
d31d4480-1e7e-4daa-81e8-21f4b99936f4;Bayern;87668;DIMB IG Allgäu;Landkreis Ostallgäu;Rieden;44
1d24b8c3-9cf6-45cc-b2b3-ddde4b4214c6;Bayern;87669;DIMB IG Allgäu;Landkreis Ostallgäu;Rieden am Forggensee;44
91df07d4-1098-44c9-9748-763d4bd33da1;Bayern;87671;DIMB IG Allgäu;Landkreis Ostallgäu;Ronsberg;44
6d6aa035-f901-421c-afb4-21ecbb8aad4e;Bayern;87672;DIMB IG Allgäu;Landkreis Ostallgäu;Roßhaupten;44
addba992-f58c-4fa3-ada5-77a5a4b0c7bd;Bayern;87674;DIMB IG Allgäu;Landkreis Ostallgäu;Ruderatshofen;44
8779ba81-9cbc-4b4b-8162-a5be73b4bcae;Bayern;87675;DIMB IG Allgäu;Landkreis Ostallgäu;Rettenbach a.Auerberg, Stötten a.Auerberg;44
b74e3bb8-3fdb-4adf-a255-f22a16fa7f2d;Bayern;87677;DIMB IG Allgäu;Landkreis Ostallgäu;Stöttwang;44
064b6849-2736-42e2-993a-877e7427f930;Bayern;87679;DIMB IG Allgäu;Landkreis Ostallgäu;Westendorf;44
65dc4c8e-0f02-498c-ae96-ee3afada66ce;Bayern;87700;DIMB IG Allgäu;Stadt Memmingen;Memmingen;44
d7c36d35-0418-4c11-8ded-25eaf49594c9;Bayern;87719;DIMB IG Allgäu;Landkreis Unterallgäu;Mindelheim;44
de19588d-43ff-478b-959f-8f54f62cc579;Bayern;87724;DIMB IG Allgäu;Landkreis Unterallgäu;Ottobeuren;44
08c7b097-6d23-4c96-a53d-6afc610d2bf7;Bayern;87727;DIMB IG Allgäu;Landkreis Unterallgäu;Babenhausen;44
b957e1c7-bf5b-463e-8afc-c5214319606e;Bayern;87730;DIMB IG Allgäu;Landkreis Unterallgäu;Bad Grönenbach;44
9abc2e2b-3ff9-4581-9e06-9892bd43c042;Bayern;87733;DIMB IG Allgäu;Landkreis Unterallgäu;Markt Rettenbach;44
03ed364a-7064-401c-ba55-901394cea49a;Bayern;87734;DIMB IG Allgäu;Landkreis Unterallgäu;Benningen;44
4daf1c9f-da95-4ad0-995d-15c5a2783d9c;Bayern;87736;DIMB IG Allgäu;Landkreis Unterallgäu;Böhen;44
02822046-d869-4021-91a8-52d6dd7663d6;Bayern;87737;DIMB IG Allgäu;Landkreis Unterallgäu;Boos;44
6974a1cc-321d-48a7-af1a-0272d32a9ded;Bayern;87739;DIMB IG Allgäu;Landkreis Unterallgäu;Breitenbrunn;44
abd13c8f-6ffd-43ab-a23f-a01cb6a6c3d8;Bayern;87740;DIMB IG Allgäu;Landkreis Unterallgäu;Buxheim;44
b80cfc33-f0bf-48dc-a0d4-a559efb20132;Bayern;87742;DIMB IG Allgäu;Landkreis Unterallgäu;Apfeltrach, Dirlewang;44
3d37375a-7482-4f7d-bd09-1ba92a447aaa;Bayern;87743;DIMB IG Allgäu;Landkreis Unterallgäu;Egg an der Günz;44
d534e501-409f-4e2b-a013-e2acfaf21b0a;Bayern;87745;DIMB IG Allgäu;Landkreis Unterallgäu;Eppishausen;44
227b0882-74e8-408c-a6d6-1cc58e988575;Bayern;87746;DIMB IG Allgäu;Landkreis Unterallgäu;Erkheim;44
56659f1c-6a4a-445a-a496-ba05a7acf79e;Bayern;87748;DIMB IG Allgäu;Landkreis Unterallgäu;Fellheim;44
0e0c63d1-31e5-4bf1-97b2-144a47d52126;Bayern;87749;DIMB IG Allgäu;Landkreis Unterallgäu;Hawangen;44
5421444c-df9a-46f3-96c4-b6bf25f6f5af;Bayern;87751;DIMB IG Allgäu;Landkreis Unterallgäu;Heimertingen;44
1cc39600-e17d-4b83-9ce4-3b1ab622cf3b;Bayern;87752;DIMB IG Allgäu;Landkreis Unterallgäu;Holzgünz;44
7b560837-bc65-499a-87df-54216992c743;Bayern;87754;DIMB IG Allgäu;Landkreis Unterallgäu;Kammlach;44
c2d03c16-9069-4566-b884-406325448ad6;Bayern;87755;DIMB IG Allgäu;Landkreis Unterallgäu;Kirchhaslach;44
9b52c4fd-3b60-421f-9bbb-7814d7b66d12;Bayern;87757;DIMB IG Allgäu;Landkreis Unterallgäu;Kirchheim in Schwaben;44
e6f898d1-fd89-4587-b166-77e957febc54;Bayern;87758;DIMB IG Allgäu;Landkreis Unterallgäu;Kronburg;44
0aa4d3de-8f6f-4c6b-b77c-44d51f388f2e;Bayern;87760;DIMB IG Allgäu;Landkreis Unterallgäu;Lachen;44
15bcc69f-e1cb-456a-8591-c6258b6a46fc;Bayern;87761;DIMB IG Allgäu;Landkreis Unterallgäu;Lauben;44
0ee293bd-ac1f-4e18-962a-00f4f202fce4;Bayern;87763;DIMB IG Allgäu;Landkreis Unterallgäu;Lautrach;44
7d823edd-b96f-4032-ad43-787be8384b6d;Bayern;87764;DIMB IG Allgäu;Landkreis Unterallgäu;Legau;44
27961589-fd60-4d26-9462-fc1669d09826;Bayern;87766;DIMB IG Allgäu;Landkreis Unterallgäu;Memmingerberg;44
c2be7f40-6dd3-4e91-9aa2-ce7f1b5aa1a1;Bayern;87767;DIMB IG Allgäu;Landkreis Unterallgäu;Niederrieden;44
c76487b0-4c2a-4c01-926d-7930cd5f5c6f;Bayern;87769;DIMB IG Allgäu;Landkreis Unterallgäu;Oberrieden;44
51dbb9a8-f364-4227-aee6-b36b34374ce3;Bayern;87770;DIMB IG Allgäu;Landkreis Unterallgäu;Oberschönegg;44
db51a1b8-ba7d-4b02-aa6f-ecb500aa94e6;Bayern;87772;DIMB IG Allgäu;Landkreis Unterallgäu;Pfaffenhausen;44
b74550a6-39c0-4bd3-a29f-64d6b7d0d94f;Bayern;87773;DIMB IG Allgäu;Landkreis Unterallgäu;Pleß;44
62305fb4-31de-4679-9f6f-3cf84357affd;Bayern;87775;DIMB IG Allgäu;Landkreis Unterallgäu;Salgen;44
fc0a738e-07d4-4b9f-9507-666db83a4ce2;Bayern;87776;DIMB IG Allgäu;Landkreis Unterallgäu;Sontheim;44
e8039746-831e-44ec-a34e-351bbc98b051;Bayern;87778;DIMB IG Allgäu;Landkreis Unterallgäu;Stetten;44
10fb8a34-ebe9-49cd-9752-331f484c51c1;Bayern;87779;DIMB IG Allgäu;Landkreis Unterallgäu;Trunkelsberg;44
2ae8e588-2d46-4d1e-b660-c6ab8760149e;Bayern;87781;DIMB IG Allgäu;Landkreis Unterallgäu;Ungerhausen;44
e83ee7d2-7760-4f46-8818-ac8ce72dbfe3;Bayern;87782;DIMB IG Allgäu;Landkreis Unterallgäu;Dirlewang, Unteregg;44
325d2dc2-3fda-451a-a718-a39db633cc29;Bayern;87784;DIMB IG Allgäu;Landkreis Unterallgäu;Westerheim;44
5b296abd-feed-4563-b44e-e404be8a6682;Bayern;87785;DIMB IG Allgäu;Landkreis Unterallgäu;Winterrieden;44
55c49bc6-a7af-40ff-90d8-1f59b01bcc02;Bayern;87787;DIMB IG Allgäu;Landkreis Unterallgäu;Wolfertschwenden;44
02e154be-674b-4079-85ef-a6043e02e613;Bayern;87789;DIMB IG Allgäu;Landkreis Unterallgäu;Woringen;44
c15ec9f5-a54a-4f50-ad54-b9d6f53c0e69;Baden-Württemberg;88045;DIMB IG Bodensee;Bodenseekreis;Friedrichshafen;32
99b329f0-d9a5-49d3-86f1-f172876fd78b;Baden-Württemberg;88046;DIMB IG Bodensee;Bodenseekreis;Friedrichshafen;32
68a72056-369b-4743-8ae3-8e9094513fd5;Baden-Württemberg;88048;DIMB IG Bodensee;Bodenseekreis;Friedrichshafen;32
557ed196-349e-40f1-a710-f7003f467b24;Baden-Württemberg;88069;DIMB IG Bodensee;Bodenseekreis;Tettnang;32
b8f9f2a0-36f4-418c-b240-a05700a812b1;Baden-Württemberg;88074;DIMB IG Bodensee;Bodenseekreis;Meckenbeuren;32
fef5d7d1-9014-4fbb-9f45-56f2f324d702;Baden-Württemberg;88079;DIMB IG Bodensee;Bodenseekreis;Tettnang u Kressbronn am Bodensee;32
145a36d7-e21a-4022-b846-4ee9d12acc60;Baden-Württemberg;88085;DIMB IG Bodensee;Bodenseekreis;Langenargen;32
c0eb26dd-f364-4466-ba4b-05bbb2c599a8;Baden-Württemberg;88090;DIMB IG Bodensee;Bodenseekreis;Immenstaad am Bodensee;32
f35c3686-fe97-4284-ad31-fced68c81de4;Baden-Württemberg;88094;DIMB IG Bodensee;Bodenseekreis;Oberteuringen;32
f714d5de-5593-48e6-a430-eeb516a1d07c;Baden-Württemberg;88097;DIMB IG Bodensee;Bodenseekreis;Eriskirch;32
e199e388-6bd3-45c5-96dc-1dea46dbf866;Baden-Württemberg;88099;DIMB IG Bodensee;Bodenseekreis;Neukirch;32
c3546f5a-0c83-42d0-9c6c-577c0d4d17fd;Bayern;88131;DIMB IG Bodensee;Landkreis Lindau;Lindau (Bodensee), Bodolz;32
b25868ae-b4ea-42d7-a145-969c89b0dfb9;Bayern;88138;DIMB IG Bodensee;Landkreis Lindau;Hergensweiler, Sigmarszell, Weißensberg;32
9db39459-3648-45c5-a93a-344cc654a050;Bayern;88142;DIMB IG Bodensee;Landkreis Lindau;Wasserburg (Bodensee);32
dd843dda-2b44-4d1c-b292-5982635cd48e;Bayern;88145;DIMB IG Bodensee;Landkreis Lindau;Hergatz, Opfenbach;32
8ba1e762-37e1-4e65-9953-dc204f26c86c;Baden-Württemberg;88147;DIMB IG Bodensee;Landkreis Ravensburg;Achberg;32
ea54b657-9bb2-486f-9a4e-95d6d6102349;Bayern;88149;DIMB IG Bodensee;Landkreis Lindau;Nonnenhorn;32
758d203b-135c-4e5d-8f99-aedea5001340;Bayern;88161;DIMB IG Bodensee;Landkreis Lindau;Lindenberg im Allgäu;32
18806584-b294-424f-b5f7-ff6365a7b67a;Bayern;88167;DIMB IG Bodensee;Landkreis Lindau;Gestratz, Grünenbach, Maierhöfen, Röthenbach (Allgäu), Stiefenhofen;32
07700040-6632-43f0-bda5-3f2075be4ef9;Bayern;88171;DIMB IG Bodensee;Landkreis Lindau;Weiler-Simmerberg;32
ac78dac5-febb-4640-8535-6ecda6a79dbf;Bayern;88175;DIMB IG Bodensee;Landkreis Lindau;Scheidegg;32
60f7a617-9315-4efe-b7e8-d6654ad7d304;Bayern;88178;DIMB IG Bodensee;Landkreis Lindau;Heimenkirch;32
a0d28fab-98ff-43fa-ac00-4266022b272b;Bayern;88179;DIMB IG Bodensee;Landkreis Lindau;Oberreute;32
cc52f707-e2f4-4464-8670-b928dd11ced8;Baden-Württemberg;88212;DIMB IG Bodensee;Landkreis Ravensburg;Ravensburg;32
3acae7e4-8850-4e37-94d7-8bed91631404;Baden-Württemberg;88213;DIMB IG Bodensee;Landkreis Ravensburg;Ravensburg;32
e741df3e-1d72-45b8-a0af-55aac3031104;Baden-Württemberg;88214;DIMB IG Bodensee;Landkreis Ravensburg;Ravensburg;32
4d078ad5-5dad-40ac-97a3-93b6bb0f7deb;Baden-Württemberg;88239;DIMB IG Bodensee;Landkreis Ravensburg;Wangen im Allgäu;32
9db104d4-7fdb-4b98-b6c1-ec838cf6409a;Baden-Württemberg;88250;DIMB IG Bodensee;Landkreis Ravensburg;Weingarten;32
e6c7760c-8908-4b1c-98b9-90b9fd0764db;Baden-Württemberg;88255;DIMB IG Bodensee;Landkreis Ravensburg;Baienfurt u Baindt u Argenbühl;32
b7f1e7ff-41d8-4c6a-b1ce-f9478006e7aa;Baden-Württemberg;88260;DIMB IG Bodensee;Landkreis Ravensburg;Argenbühl;32
c8086e32-989e-4e76-9e7b-420bfe1a15c9;Baden-Württemberg;88263;DIMB IG Bodensee;Landkreis Ravensburg;Horgenzell;32
2161bcf7-58b1-4539-aba9-84b167be43bf;Baden-Württemberg;88267;DIMB IG Bodensee;Landkreis Ravensburg;Vogt;32
3a3bfcee-331e-4bf8-abf4-bdd5dd50855a;Baden-Württemberg;88271;DIMB IG Bodensee;Landkreis Ravensburg;Wilhelmsdorf;32
6c02c419-2ee1-4a6e-b42b-81f32873f42b;Baden-Württemberg;88273;DIMB IG Bodensee;Landkreis Ravensburg;Fronreute;32
5bd711e9-7720-4cf8-8ef2-b84c5f65aba3;Baden-Württemberg;88276;DIMB IG Bodensee;Landkreis Ravensburg;Berg;32
dc7aac58-8baa-448a-93a9-794274c5656f;Baden-Württemberg;88279;DIMB IG Bodensee;Landkreis Ravensburg;Amtzell;32
6f28524f-7a86-489f-bd1d-4c187a7b871a;Baden-Württemberg;88281;DIMB IG Bodensee;Landkreis Ravensburg;Schlier;32
e6b74e71-c6f4-45bf-a009-6abf914d4cd3;Baden-Württemberg;88285;DIMB IG Bodensee;Landkreis Ravensburg;Bodnegg;32
db3f7361-3db3-4865-ae9e-ac2da3e7f237;Baden-Württemberg;88287;DIMB IG Bodensee;Landkreis Ravensburg;Grünkraut;32
f2b895bf-a49d-4a8e-9a01-f42f101bc09f;Baden-Württemberg;88289;DIMB IG Bodensee;Landkreis Ravensburg;Waldburg;32
2cc4d6ca-f797-4d2c-8f13-732681fa41d8;Baden-Württemberg;88356;DIMB IG Bodensee;Landkreis Sigmaringen;Ostrach;32
153ff9ce-30e3-486f-94e9-ff6d09f1f310;Baden-Württemberg;88367;DIMB IG Alb-Donau-Neckar;Landkreis Sigmaringen;Hohentengen (Oberschwaben);105
99086d04-a41b-403b-ae6a-720b7ab8e995;Baden-Württemberg;88370;DIMB IG Bodensee;Landkreis Ravensburg;Ebenweiler;32
f234bd33-3d98-475f-8cad-e00ef1f1129f;Baden-Württemberg;88373;DIMB IG Bodensee;Landkreis Ravensburg;Fleischwangen;32
0051ce51-f1dc-4a40-b4a0-8efaf88b2791;Baden-Württemberg;88374;DIMB IG Bodensee;Landkreis Ravensburg;Hoßkirch;32
d46b9559-e808-46ba-8d3a-ded6d84104ce;Baden-Württemberg;88376;DIMB IG Bodensee;Landkreis Ravensburg;Königseggwald;32
a07e6e84-87ce-4ed5-8a0d-392654db4645;Baden-Württemberg;88377;DIMB IG Bodensee;Landkreis Ravensburg;Riedhausen;32
a3d2e578-5be3-4a5d-a8d4-e7518d93c555;Baden-Württemberg;88379;DIMB IG Bodensee;Landkreis Ravensburg;Guggenhausen u Unterwaldhausen;32
05215269-70d3-4b8f-acf0-785d54ce4528;Baden-Württemberg;88512;DIMB IG Alb-Donau-Neckar;Landkreis Sigmaringen;Mengen;105
6d85c7cc-f404-4734-8fda-36e73801ae52;Baden-Württemberg;88529;DIMB IG Reutlingen-Tübingen;Landkreis Reutlingen;Zwiefalten;74
89b86085-a3de-4223-8115-1e657691a2f4;Baden-Württemberg;88605;DIMB IG Alb-Donau-Neckar;Landkreis Sigmaringen;Meßkirch, Sauldorf;105
bc72d637-4ab4-44be-aeb6-1616acd12edd;Baden-Württemberg;88630;DIMB IG Bodensee;Landkreis Sigmaringen;Pfullendorf;32
9af55050-2f88-4a5f-9959-6b51b8b40bf1;Baden-Württemberg;88631;DIMB IG Alb-Donau-Neckar;Landkreis Sigmaringen;Beuron;105
81645708-5275-40d3-9f48-a4ebbbb04c27;Baden-Württemberg;88633;DIMB IG Bodensee;Bodenseekreis;Heiligenberg;32
abc423d5-c09e-476a-8ac5-f1693c2929b1;Baden-Württemberg;88634;DIMB IG Bodensee;Landkreis Sigmaringen;Herdwangen-Schönach;32
dd89691d-6584-485d-9759-faac98aa3257;Baden-Württemberg;88636;DIMB IG Bodensee;Landkreis Sigmaringen;Illmensee;32
309799f9-1d0c-484e-b778-9c99c4c61bb5;Baden-Württemberg;88637;DIMB IG Alb-Donau-Neckar;Landkreis Sigmaringen;Leibertingen, Buchheim;105
1abd2819-ab1f-412b-8df8-2df37c33f112;Baden-Württemberg;88639;DIMB IG Bodensee;Landkreis Sigmaringen;Wald;32
d5330bb6-1382-4add-afa5-981380f9861f;Baden-Württemberg;88662;DIMB IG Bodensee;Bodenseekreis;Überlingen;32
10ff2e5d-2485-469d-ad13-dd75b38f4791;Baden-Württemberg;88677;DIMB IG Bodensee;Bodenseekreis;Markdorf;32
26e860f0-0071-4af0-a472-f7e90378aeb9;Baden-Württemberg;88682;DIMB IG Bodensee;Bodenseekreis;Salem;32
a6363c89-4cf4-4b63-8c00-9535d97ccf1e;Baden-Württemberg;88690;DIMB IG Bodensee;Bodenseekreis;Uhldingen-Mühlhofen;32
594844ad-9a4a-4a69-b39c-0aac6de9a062;Baden-Württemberg;88693;DIMB IG Bodensee;Bodenseekreis;Deggenhausertal;32
394963cb-9dc0-45be-b16d-132f39bad085;Baden-Württemberg;88696;DIMB IG Bodensee;Bodenseekreis;Owingen;32
912666b5-469e-4a9a-97d1-fe9f96cada80;Baden-Württemberg;88697;DIMB IG Bodensee;Bodenseekreis;Bermatingen;32
45b78221-a01d-4f8c-92d2-af5a2547b1bd;Baden-Württemberg;88699;DIMB IG Bodensee;Bodenseekreis;Frickingen;32
77a55fa5-8d00-48bc-bc91-a571b338e2e8;Baden-Württemberg;88709;DIMB IG Bodensee;Bodenseekreis;Meersburg u Hagnau am Bodensee;32
d67a7427-1f71-4086-a410-bde1d91bd002;Baden-Württemberg;88718;DIMB IG Bodensee;Bodenseekreis;Daisendorf;32
ed4ec238-9a50-4c42-851a-76cd8a16c6e2;Baden-Württemberg;88719;DIMB IG Bodensee;Bodenseekreis;Stetten;32
6cd4d3e5-e171-46f0-aeae-7c432e2203c1;Baden-Württemberg;89073;DIMB IG Alb-Donau-Iller;Ulm;Ulm;97
7645a859-7f92-43f9-8e8f-30f037b55c44;Baden-Württemberg;89075;DIMB IG Alb-Donau-Iller;Ulm;Ulm;97
b96f5ecb-d7a5-47ae-b4ee-a479ab9fbd61;Baden-Württemberg;89077;DIMB IG Alb-Donau-Iller;Ulm;Ulm;97
6008e708-91db-49df-81be-e0b470f6df6e;Baden-Württemberg;89079;DIMB IG Alb-Donau-Iller;Ulm;Ulm;97
edc70a96-4a37-4386-a98a-ce888c38d0bf;Baden-Württemberg;89081;DIMB IG Alb-Donau-Iller;Ulm;Ulm;97
fcbeae17-6342-40d1-a232-eac71c625a85;Baden-Württemberg;89129;DIMB IG Alb-Donau-Iller;Alb-Donau-Kreis;Langenau, Nerenstetten, Öllingen, Setzingen;97
0ebff2c5-5a19-4e08-b731-c0e3c9f3dbc9;Baden-Württemberg;89134;DIMB IG Alb-Donau-Iller;Alb-Donau-Kreis;Blaustein;97
d9d50c18-c7c4-454f-bdd6-b7ffee74f762;Baden-Württemberg;89143;DIMB IG Alb-Donau-Iller;Alb-Donau-Kreis;Blaubeuren;97
f97af6a3-56b6-411e-a4c7-d100674a6a36;Baden-Württemberg;89150;DIMB IG Alb-Donau-Iller;Alb-Donau-Kreis;Laichingen;97
c59e036a-e3ea-407b-b4d1-770c756eaa1c;Baden-Württemberg;89155;DIMB IG Alb-Donau-Iller;Alb-Donau-Kreis;Erbach;97
06571a2c-7a7c-4ded-9915-ac18fd9fc757;Baden-Württemberg;89160;DIMB IG Alb-Donau-Iller;Alb-Donau-Kreis;Dornstadt;97
294bb99d-d627-487c-9821-6703a54af9f3;Baden-Württemberg;89165;DIMB IG Alb-Donau-Iller;Alb-Donau-Kreis;Dietenheim;97
07f17f9d-7eba-4436-aeae-3b890cd3131e;Baden-Württemberg;89168;DIMB IG Ostwürttemberg;Landkreis Heidenheim;Niederstotzingen;25
fd180ecb-f961-40cc-a895-4910af953432;Baden-Württemberg;89171;DIMB IG Alb-Donau-Iller;Alb-Donau-Kreis;Illerkirchberg;97
f6ee02a9-ca2f-48a8-96fe-baac641fc3d7;Baden-Württemberg;89173;DIMB IG Alb-Donau-Iller;Alb-Donau-Kreis;Lonsee;97
888e3ab7-70ca-407f-b83a-a2af40fb9a87;Baden-Württemberg;89174;DIMB IG Alb-Donau-Iller;Alb-Donau-Kreis;Altheim (Alb);97
52554936-3971-4390-9a66-4ae7d093860c;Baden-Württemberg;89176;DIMB IG Alb-Donau-Iller;Alb-Donau-Kreis;Asselfingen;97
9898ab3f-0959-4b75-b25e-f3f1db348f43;Baden-Württemberg;89177;DIMB IG Alb-Donau-Iller;Alb-Donau-Kreis;Ballendorf, Börslingen;97
19d7e860-3352-4afe-bcac-64581f1516ea;Baden-Württemberg;89179;DIMB IG Alb-Donau-Iller;Alb-Donau-Kreis;Beimerstetten;97
554bf732-8192-45ac-894f-395f5c79037d;Baden-Württemberg;89180;DIMB IG Alb-Donau-Iller;Alb-Donau-Kreis;Berghülen;97
8153b173-5ba1-4bcb-a766-9cd0a785e43b;Baden-Württemberg;89182;DIMB IG Alb-Donau-Iller;Alb-Donau-Kreis;Bernstadt;97
28bc08cf-3e05-41ce-9208-9159e3cb96ed;Baden-Württemberg;89183;DIMB IG Alb-Donau-Iller;Alb-Donau-Kreis;Breitingen, Holzkirch;97
c5d488ed-bddc-4b8d-b782-8f5ce2f4c3e0;Baden-Württemberg;89185;DIMB IG Alb-Donau-Iller;Alb-Donau-Kreis;Hüttisheim;97
4f41e434-2a03-4f2b-9499-08dcddc34653;Baden-Württemberg;89186;DIMB IG Alb-Donau-Iller;Alb-Donau-Kreis;Illerrieden;97
bb5addd1-ec93-4cea-8d4a-08886e160224;Baden-Württemberg;89188;DIMB IG Alb-Donau-Iller;Alb-Donau-Kreis;Merklingen;97
4ddc2903-c375-4b4f-996c-437a7ba62c6d;Baden-Württemberg;89189;DIMB IG Alb-Donau-Iller;Alb-Donau-Kreis;Neenstetten;97
9ce39bde-d41a-40e2-b199-aecbbdd44b85;Baden-Württemberg;89191;DIMB IG Alb-Donau-Iller;Alb-Donau-Kreis;Nellingen;97
1bf3bcb5-7e8d-493e-b37a-071ccb641bd6;Baden-Württemberg;89192;DIMB IG Alb-Donau-Iller;Alb-Donau-Kreis;Rammingen;97
369db62b-3c5b-4881-b723-c31e9a66d636;Baden-Württemberg;89194;DIMB IG Alb-Donau-Iller;Alb-Donau-Kreis;Schnürpflingen;97
3ee0e549-7ae0-45cb-97ee-7b83ff81cf17;Baden-Württemberg;89195;DIMB IG Alb-Donau-Iller;Alb-Donau-Kreis;Staig;97
d4654def-ef5f-4f3d-93f2-af5318d77dc8;Baden-Württemberg;89197;DIMB IG Alb-Donau-Iller;Alb-Donau-Kreis;Weidenstetten;97
6fa6bae7-7893-4085-af78-285676f202ea;Baden-Württemberg;89198;DIMB IG Alb-Donau-Iller;Alb-Donau-Kreis;Westerstetten;97
6162ad9b-9aaf-4001-9b69-65bb03113e15;Bayern;89407;DIMB IG Altmühltal;Landkreis Dillingen an der Donau;Dillingen a.d.Donau;30
5b2d2a21-8eb2-4c83-95f1-b4afbd2183de;Bayern;89420;DIMB IG Altmühltal;Landkreis Dillingen an der Donau;Höchstädt a.d.Donau;30
a9e7e1a4-1e44-4017-8fcd-f25ecaca9c8f;Bayern;89434;DIMB IG Altmühltal;Landkreis Dillingen an der Donau;Blindheim;30
9f3fcc3b-7822-41d6-b134-a4c0296e44db;Bayern;89435;DIMB IG Altmühltal;Landkreis Dillingen an der Donau;Finningen;30
182572e5-27ed-40ec-bb92-b771f442b349;Bayern;89438;DIMB IG Altmühltal;Landkreis Dillingen an der Donau;Holzheim;30
171b3b5a-7503-4819-ba0d-fde568de5d7b;Bayern;89440;DIMB IG Altmühltal;Landkreis Dillingen an der Donau;Lutzingen;30
52a7a0d8-444c-48ff-8b0c-3da5eaee8394;Bayern;89443;DIMB IG Altmühltal;Landkreis Dillingen an der Donau;Schwenningen;30
99386948-0163-407d-8077-a48bf5285dad;Baden-Württemberg;89518;DIMB IG Ostwürttemberg;Landkreis Heidenheim;Heidenheim an der Brenz;25
d6fad391-722f-476c-bccc-a9c52c0ac9fe;Baden-Württemberg;89520;DIMB IG Ostwürttemberg;Landkreis Heidenheim;Heidenheim an der Brenz;25
b0c6df9c-dc26-4b73-9410-1e3ffb289614;Baden-Württemberg;89522;DIMB IG Ostwürttemberg;Landkreis Heidenheim;Giengen an der Brenz, Heidenheim an der Brenz;25
62767d0e-4174-4715-a880-8fa5d5f98a15;Baden-Württemberg;89537;DIMB IG Ostwürttemberg;Landkreis Heidenheim;Giengen an der Brenz, Hermaringen;25
1948549d-bfa6-4c75-943e-90c6a18c9515;Baden-Württemberg;89542;DIMB IG Ostwürttemberg;Landkreis Heidenheim;Herbrechtingen;25
40773757-c925-4413-acb2-d8c251e82f44;Baden-Württemberg;89547;DIMB IG Ostwürttemberg;Landkreis Heidenheim;Gerstetten;25
65e2c48d-d14f-4f57-8f09-24fddb2c3a8c;Baden-Württemberg;89551;DIMB IG Ostwürttemberg;Landkreis Heidenheim;Königsbronn;25
f353c921-1d2f-4f30-886a-9b947f9cf53d;Baden-Württemberg;89555;DIMB IG Ostwürttemberg;Landkreis Heidenheim;Steinheim am Albuch;25
0d9322ec-dadb-497d-8082-1365440d8b0f;Baden-Württemberg;89558;DIMB IG Stauferland;Göppingen;Böhmenkirch;19
5bdfc5d3-dc9b-4a2d-8e42-3c5629d044be;Baden-Württemberg;89561;DIMB IG Ostwürttemberg;Landkreis Heidenheim;Dischingen;25
27dbff9a-b006-4afa-9b5c-660c5cdf38b0;Baden-Württemberg;89564;DIMB IG Ostwürttemberg;Landkreis Heidenheim;Nattheim;25
a4acb521-7e28-479c-9d4a-0c68a3582f5a;Baden-Württemberg;89567;DIMB IG Ostwürttemberg;Landkreis Heidenheim;Sontheim an der Brenz;25
0f115a43-1d93-422d-b43c-923646705cb3;Baden-Württemberg;89568;DIMB IG Ostwürttemberg;Landkreis Heidenheim;Hermaringen;25
b968abf5-0553-416b-8b91-b9a34e275a03;Bayern;90402;DIMB IG Nürnberg-Fürth;Stadt Nürnberg;Nürnberg;51
eaed8eb7-119f-4125-bdc7-73496ff5284e;Bayern;90403;DIMB IG Nürnberg-Fürth;Stadt Nürnberg;Nürnberg;51
9ff693d6-ae80-4c0c-9f58-6dcab006612c;Bayern;90408;DIMB IG Nürnberg-Fürth;Stadt Nürnberg;Nürnberg;51
26781552-b6f6-4a6d-803f-6da67e890fc2;Bayern;90409;DIMB IG Nürnberg-Fürth;Stadt Nürnberg;Nürnberg;51
ca576b0c-d777-4578-b87f-3ee62499da24;Bayern;90411;DIMB IG Nürnberg-Fürth;Stadt Nürnberg;Nürnberg;51
eccf2ed3-e83b-42e3-a938-426df1c63c71;Bayern;90419;DIMB IG Nürnberg-Fürth;Stadt Nürnberg;Nürnberg;51
15352669-4fa1-4c64-80ff-adb0e5782c86;Bayern;90425;DIMB IG Nürnberg-Fürth;Stadt Nürnberg;Nürnberg;51
78f6f8a4-3a9a-4789-b74d-73e72f7b8705;Bayern;90427;DIMB IG Nürnberg-Fürth;Stadt Nürnberg;Nürnberg;51
4dbeaacf-fa23-4764-af85-3c927ca5ba07;Bayern;90429;DIMB IG Nürnberg-Fürth;Stadt Nürnberg;Nürnberg;51
da57bf3c-1f61-4f28-86ba-6a91e413e6f6;Bayern;90431;DIMB IG Nürnberg-Fürth;Stadt Nürnberg;Nürnberg;51
cdc85ad9-bf22-4f00-990f-d07be5fd135c;Bayern;90439;DIMB IG Nürnberg-Fürth;Stadt Nürnberg;Nürnberg;51
666b71c9-d215-4309-b429-ca80d85917eb;Bayern;90441;DIMB IG Nürnberg-Fürth;Stadt Nürnberg;Nürnberg;51
cdd986d7-0f16-478e-bf86-f33aed3e79a7;Bayern;90443;DIMB IG Nürnberg-Fürth;Stadt Nürnberg;Nürnberg;51
689e5938-ae4c-4633-8619-ead32aed0a6c;Bayern;90449;DIMB IG Nürnberg-Fürth;Stadt Nürnberg;Nürnberg;51
668160fe-e675-4545-ac7b-f4b3b8720f90;Bayern;90451;DIMB IG Nürnberg-Fürth;Stadt Nürnberg;Nürnberg;51
bee11555-6b5d-45b9-a5fa-a5c457b6805a;Bayern;90453;DIMB IG Nürnberg-Fürth;Stadt Nürnberg;Nürnberg;51
396b0204-8611-4204-b8eb-c3f7159c10d2;Bayern;90455;DIMB IG Nürnberg-Fürth;Stadt Nürnberg;Nürnberg;51
1f909e62-1add-4b44-9954-f2b1d9b58b2d;Bayern;90459;DIMB IG Nürnberg-Fürth;Stadt Nürnberg;Nürnberg;51
ef11ada7-0e5b-419b-9a49-a431e8803a20;Bayern;90461;DIMB IG Nürnberg-Fürth;Stadt Nürnberg;Nürnberg;51
f1a13eb1-db88-42cc-b593-2f6bdecfa66b;Bayern;90469;DIMB IG Nürnberg-Fürth;Stadt Nürnberg;Nürnberg;51
6d0a11f0-765a-4206-a1a0-7013279af2c8;Bayern;90471;DIMB IG Nürnberg-Fürth;Stadt Nürnberg;Nürnberg;51
99d6d51f-4d80-4345-9c48-c642c53a70dc;Bayern;90473;DIMB IG Nürnberg-Fürth;Stadt Nürnberg;Nürnberg;51
08171231-bf93-4082-8aec-77bad80a6b78;Bayern;90475;DIMB IG Nürnberg-Fürth;Stadt Nürnberg;Nürnberg;51
342ec016-2d72-478a-b945-003f4de3048a;Bayern;90478;DIMB IG Nürnberg-Fürth;Stadt Nürnberg;Nürnberg;51
02d34cd1-245d-4155-b99b-324698a4c725;Bayern;90480;DIMB IG Nürnberg-Fürth;Stadt Nürnberg;Nürnberg;51
f848a3f8-0ead-4763-9c50-64a42720e9f4;Bayern;90482;DIMB IG Nürnberg-Fürth;Stadt Nürnberg;Nürnberg;51
84b0c8cd-45da-4fc2-821e-236c6b821bf8;Bayern;90489;DIMB IG Nürnberg-Fürth;Stadt Nürnberg;Nürnberg;51
d1fcb7f8-efe7-4da6-980e-0649957dafb3;Bayern;90491;DIMB IG Nürnberg-Fürth;Stadt Nürnberg;Nürnberg;51
30d8a2f9-4fcb-4574-8d4a-e0fd125d8884;Bayern;90513;DIMB IG Nürnberg-Fürth;Landkreis Fürth;Zirndorf;51
80220e94-c9ee-4689-a0dc-525b9a142c6b;Bayern;90518;DIMB IG Nürnberger Land;Landkreis Nürnberger Land;Altdorf bei Nürnberg;77
ca0eab05-142e-43e0-8a2f-f3024686d6ae;Bayern;90522;DIMB IG Nürnberg-Fürth;Landkreis Fürth;Oberasbach;51
9bceb2b3-cb6f-4626-a236-3c899fc9ab9a;Bayern;90530;DIMB IG Nürnberg-Fürth;Landkreis Roth;Wendelstein;51
8f6e82ea-665c-47ba-bda9-1a6c2f71fe06;Bayern;90537;DIMB IG Nürnberg-Fürth;Landkreis Nürnberger Land;Feucht;51
9abc23a6-8e89-4eac-9df2-8359f7d8973c;Bayern;90542;DIMB IG Erlangen;Landkreis Erlangen-Höchstadt;Eckental;23
d9d4e477-9666-405c-b20c-63eb605989e2;Bayern;90547;DIMB IG Nürnberg-Fürth;Landkreis Fürth;Stein;51
723faaa3-b368-4249-ace1-cf9608a34c56;Bayern;90552;DIMB IG Nürnberg-Fürth;Landkreis Nürnberger Land;Röthenbach an der Pegnitz;51
58598e93-919b-4c1c-8c76-10bec83848f2;Bayern;90556;DIMB IG Nürnberg-Fürth;Landkreis Fürth;Cadolzburg, Seukendorf;51
2e043129-3c0c-4f23-a392-734ba2faa588;Bayern;90559;DIMB IG Nürnberger Land;Landkreis Nürnberger Land;Burgthann;77
6ae2765c-c4ec-40b5-a67a-64b422ad721f;Bayern;90562;DIMB IG Erlangen;Landkreis Erlangen-Höchstadt;Heroldsberg, Kalchreuth;23
7c52d903-d4cd-4331-82a9-c9f06eb5da86;Bayern;90571;DIMB IG Nürnberg-Fürth;Landkreis Nürnberger Land;Schwaig bei Nürnberg;51
31d3d1c4-e79f-469d-ade9-12fc24fed68c;Bayern;90574;DIMB IG Nürnberg-Fürth;Landkreis Fürth;Roßtal;51
67bc12ef-0d49-4fbf-ae41-6538749c8089;Bayern;90579;DIMB IG Nürnberg-Fürth;Landkreis Fürth;Langenzenn;51
1f2b3f3f-68c7-484b-a842-be0ca06ccb4d;Bayern;90584;DIMB IG Altmühltal;Landkreis Roth;Allersberg;30
95c5384c-ce23-43e5-9f65-511ab227f57d;Bayern;90587;DIMB IG Nürnberg-Fürth;Landkreis Fürth;Obermichelbach, Tuchenbach, Veitsbronn;51
7a0be176-6b9e-45f8-b6da-561137a33953;Bayern;90592;DIMB IG Nürnberg-Fürth;Landkreis Nürnberger Land;Schwarzenbruck;51
2414ee54-dd5d-4af2-ad97-6168ab9177f7;Bayern;90596;DIMB IG Altmühltal;Landkreis Roth;Schwanstetten;30
591ce96e-586a-43e9-969d-21c964b4ea4c;Bayern;90602;DIMB IG Altmühltal;Landkreis Neumarkt in der Oberpfalz;Pyrbaum;30
297f2cb1-fa76-4660-86fa-eada683ebdcb;Bayern;90607;DIMB IG Nürnberg-Fürth;Landkreis Nürnberger Land;Rückersdorf;51
a785480a-c592-4bbc-ae54-660908521fec;Bayern;90610;DIMB IG Nürnberg-Fürth;Landkreis Nürnberger Land;Winkelhaid;51
4c9a6b5f-6e81-4c66-b6ca-262914cf8748;Bayern;90613;DIMB IG Nürnberg-Fürth;Landkreis Fürth;Großhabersdorf;51
0b74e98e-0d7c-49b2-9754-c64b068b28d6;Bayern;90614;DIMB IG Nürnberg-Fürth;Landkreis Fürth;Ammerndorf;51
c66d1d69-2e2c-4f0b-bee9-1459f1c89677;Bayern;90617;DIMB IG Nürnberg-Fürth;Landkreis Fürth;Puschendorf;51
02e52b6a-4761-4e28-9922-0f2d03fb47d2;Bayern;90762;DIMB IG Nürnberg-Fürth;Stadt Fürth;Fürth;51
1f16676f-a6fc-4ea3-a33f-e726faac9ed6;Bayern;90763;DIMB IG Nürnberg-Fürth;Stadt Fürth;Fürth;51
69458e27-fc96-4a53-9ec9-4d4a658421d9;Bayern;90765;DIMB IG Nürnberg-Fürth;Stadt Fürth;Fürth;51
bdc4580e-9865-4963-a453-3cdf517a1046;Bayern;90766;DIMB IG Nürnberg-Fürth;Stadt Fürth;Fürth;51
39983fec-d6a3-423a-88ba-e6f7345c64d6;Bayern;90768;DIMB IG Nürnberg-Fürth;Stadt Fürth;Fürth;51
09c3ef2f-9ecb-4445-9110-efdaf16344d9;Bayern;91052;DIMB IG Erlangen;Stadt Fürth;Erlangen;23
a2d0a59e-c05b-4813-9da2-b69c2cc2b23f;Bayern;91054;DIMB IG Erlangen;Stadt Erlangen;Erlangen, Buckenhof;23
f68c3947-5ac4-401e-8920-c5669a1f3579;Bayern;91056;DIMB IG Erlangen;Stadt Erlangen;Erlangen;23
f7bfb9af-bc81-4db9-8bee-47c9116109c1;Bayern;91058;DIMB IG Erlangen;Stadt Erlangen;Erlangen;23
7002cadd-8272-42c2-ad05-0705d025df73;Bayern;91074;DIMB IG Erlangen;Landkreis Erlangen-Höchstadt;Herzogenaurach;23
95073e39-7c20-4d32-84cf-2c725fe060aa;Bayern;91077;DIMB IG Erlangen;Landkreis Forchheim;Dormitz, Hetzles, Kleinsendelbach, Neunkirchen a.Brand;23
87423eec-9992-4bab-b81c-7973c90f893e;Bayern;91080;DIMB IG Erlangen;Landkreis Erlangen-Höchstadt;Marloffstein, Spardorf, Uttenreuth;23
dbb1693b-f0fd-4321-8615-5b287ae74804;Bayern;91083;DIMB IG Erlangen;Landkreis Erlangen-Höchstadt;Baiersdorf;23
49b74f41-2d56-4f3a-a6ab-4485f4ae5e48;Bayern;91085;DIMB IG Erlangen;Landkreis Erlangen-Höchstadt;Weisendorf;23
321e15bf-8344-475b-ab9c-5e14a95f76ae;Bayern;91086;DIMB IG Erlangen;Landkreis Erlangen-Höchstadt;Aurachtal;23
f0c2cce9-8d0d-4c30-9c58-4e7fb998801c;Bayern;91088;DIMB IG Erlangen;Landkreis Erlangen-Höchstadt;Bubenreuth;23
337f2e5f-05c9-4cba-a8b9-6ffde765a627;Bayern;91090;DIMB IG Erlangen;Landkreis Forchheim;Effeltrich;23
c34bd6ab-c089-419b-8fcb-ecbeac27fcb8;Bayern;91091;DIMB IG Erlangen;Landkreis Erlangen-Höchstadt;Großenseebach;23
1d7760d6-2adf-4a38-b6f6-28fa6f7b7491;Bayern;91093;DIMB IG Erlangen;Landkreis Erlangen-Höchstadt;Heßdorf;23
5c7225c0-23ce-47af-bf92-27d6da4d4386;Bayern;91094;DIMB IG Erlangen;Landkreis Forchheim;Langensendelbach;23
4c66c962-4987-422d-bbad-7291670b9f31;Bayern;91096;DIMB IG Erlangen;Landkreis Erlangen-Höchstadt;Möhrendorf;23
40bbac83-2534-45bf-988e-5d08b9db7a6c;Bayern;91097;DIMB IG Erlangen;Landkreis Erlangen-Höchstadt;Oberreichenbach;23
d04b8c00-4dea-44eb-aec3-863dab58d4ef;Bayern;91099;DIMB IG Erlangen;Landkreis Forchheim;Poxdorf;23
048769e0-a97b-4896-bf5b-162162cfcbdd;Bayern;91126;DIMB IG Altmühltal;Stadt Schwabach;Schwabach, Rednitzhembach, Kammerstein;30
c234ec18-11cd-47f3-b4e7-3a61f558c347;Bayern;91154;DIMB IG Altmühltal;Landkreis Roth;Roth;30
a477e00c-f008-45ae-92e8-09689f85684c;Bayern;91161;DIMB IG Altmühltal;Landkreis Roth;Hilpoltstein;30
9e79213d-d572-44bc-b226-84ac8601f727;Bayern;91166;DIMB IG Altmühltal;Landkreis Roth;Georgensgmünd;30
78b35b61-5b93-46ce-a092-a6c91f818d45;Bayern;91171;DIMB IG Altmühltal;Landkreis Roth;Greding;30
bfd5db3a-6b53-436c-8fa7-332bffb33cdc;Bayern;91174;DIMB IG Altmühltal;Landkreis Roth;Spalt;30
6bc1707d-1019-4bec-b105-81bb99bd44ba;Bayern;91177;DIMB IG Altmühltal;Landkreis Roth;Thalmässing;30
3d8c49e6-9c67-4d53-81f5-18dbf98668d3;Bayern;91180;DIMB IG Altmühltal;Landkreis Roth;Heideck;30
fd611ca7-61c0-4fb6-bc71-4c95f1655b09;Bayern;91183;DIMB IG Altmühltal;Landkreis Roth;Abenberg;30
af672061-eec9-43f1-aa5b-136b57c5dde3;Bayern;91186;DIMB IG Altmühltal;Landkreis Roth;Büchenbach;30
611dc429-a1ce-4483-8868-4a313b8ab489;Bayern;91187;DIMB IG Altmühltal;Landkreis Roth;Röttenbach;30
50892286-0f92-4282-8635-84978dfbfec1;Bayern;91189;DIMB IG Altmühltal;Landkreis Roth;Rohr;30
0b548fd0-9795-41f9-8231-f12c357b10b1;Bayern;91207;DIMB IG Nürnberger Land;Landkreis Nürnberger Land;Lauf;77
34a1766d-c394-421c-94c2-c6570d5f2e3d;Bayern;91217;DIMB IG Nürnberger Land;Landkreis Nürnberger Land;Hersbruck;77
31f86df1-51b5-4e7e-8374-f949c8343e99;Bayern;91220;DIMB IG Nürnberger Land;Landkreis Nürnberger Land;Schnaittach;77
5bb7cccc-b1b6-4bc2-8ef3-05c829a24f23;Bayern;91224;DIMB IG Nürnberger Land;Landkreis Nürnberger Land;Pommelsbrunn;77
6596d889-14a4-4cc7-8d1c-9dcdca11aa79;Bayern;91227;DIMB IG Nürnberger Land;Landkreis Nürnberger Land;Leinburg;77
14d6d3b4-0887-4647-aa0d-9712a3dbad82;Bayern;91230;DIMB IG Nürnberger Land;Landkreis Nürnberger Land;Happurg;77
2deb8d14-295f-481a-bbe2-e2c5138dd893;Bayern;91233;DIMB IG Nürnberger Land;Landkreis Nürnberger Land;Neukirchen am Sand;77
86c91e47-1825-4c83-8c43-42f5e93deb67;Bayern;91235;DIMB IG Nürnberger Land;Landkreis Nürnberger Land;Hartenstein, Velden;77
04d25f02-486c-478f-a744-114135992dca;Bayern;91236;DIMB IG Nürnberger Land;Landkreis Nürnberger Land;Alfeld;77
a8d5d082-fd10-441e-b24c-0d43a1084591;Bayern;91238;DIMB IG Nürnberger Land;Landkreis Nürnberger Land;Engelthal, Offenhausen;77
51131719-b466-43f1-91c7-539aaf97d6fb;Bayern;91239;DIMB IG Nürnberger Land;Landkreis Nürnberger Land;Henfenfeld;77
1204a49f-ac0d-42b4-a01c-298acef06f4e;Bayern;91241;DIMB IG Nürnberger Land;Landkreis Nürnberger Land;Kirchensittenbach;77
0cdba624-d2c2-4631-97c1-26f645984f98;Bayern;91242;DIMB IG Nürnberger Land;Landkreis Nürnberger Land;Ottensoos;77
545f0fc4-0c3e-4477-8b21-a54d54098e8a;Bayern;91244;DIMB IG Nürnberger Land;Landkreis Nürnberger Land;Reichenschwand;77
ba9960e4-a47b-4ddd-b6f5-805095df1af2;Bayern;91245;DIMB IG Nürnberger Land;Landkreis Nürnberger Land;Simmelsdorf;77
16724df5-0799-4cb0-953d-514635a3ecd1;Bayern;91247;DIMB IG Nürnberger Land;Landkreis Nürnberger Land;Vorra;77
a1b827c8-71ab-4f5d-8225-e7f58cdae11a;Bayern;91257;DIMB IG Oberfranken;Landkreis Bayreuth;Pegnitz;54
069764aa-4f08-4788-99b9-a9b848f97761;Bayern;91278;DIMB IG Oberfranken;Landkreis Bayreuth;Pottenstein;54
b4473e48-9e6f-4241-b329-cd58a1748b23;Bayern;91281;DIMB IG Stoapfalz;Landkreis Neustadt an der Waldnaab;Kirchenthumbach;81
9b504f75-2b5e-461f-857e-7ea634df8ea6;Bayern;91282;DIMB IG Oberfranken;Landkreis Bayreuth;Betzenstein;54
b836b9fd-07bf-4ca4-8d8b-ac0e97bdfdfc;Bayern;91284;DIMB IG Nürnberger Land;Landkreis Nürnberger Land;Neuhaus;77
9c1d6d7e-3dc9-4995-bc43-f902986fbad4;Bayern;91286;DIMB IG Oberfranken;Landkreis Forchheim;Obertrubach;54
d4aedb59-0f2f-46e9-8c05-65d4710f451d;Bayern;91287;DIMB IG Oberfranken;Landkreis Bayreuth;Plech;54
5af5fa5c-e063-495f-afb9-28172a0d4c42;Bayern;91289;DIMB IG Oberfranken;Landkreis Bayreuth;Schnabelwaid;54
611c0fbd-b2be-48cf-9737-98320a4de104;Bayern;91301;DIMB IG Oberfranken;Landkreis Forchheim;Forchheim;54
131ce9cf-b156-44ca-ab97-757e41fa587f;Bayern;91315;DIMB IG Oberfranken;Landkreis Erlangen-Höchstadt;Höchstadt a.d.Aisch;54
6a2b06e8-f54a-401d-a6fa-dc448f1fcaff;Bayern;91320;DIMB IG Oberfranken;Landkreis Forchheim;Ebermannstadt;54
13655fdd-88e7-4b26-a675-6ee67102aa5e;Bayern;91322;DIMB IG Oberfranken;Landkreis Forchheim;Gräfenberg;54
e76d925b-1b55-4900-a062-94f661e26d93;Bayern;91325;DIMB IG Oberfranken;Landkreis Erlangen-Höchstadt;Adelsdorf;54
6435ba4b-1fb1-4cb7-b76c-f5e592769c15;Bayern;91327;DIMB IG Oberfranken;Landkreis Forchheim;Gößweinstein;54
69c013fd-654d-4dbb-ad69-6a796df0d6be;Bayern;91330;DIMB IG Oberfranken;Landkreis Forchheim;Eggolsheim;54
7176c7cb-0891-40a9-bfda-72f5bf1ead04;Bayern;91332;DIMB IG Oberfranken;Landkreis Bamberg;Heiligenstadt;54
0bf230c2-664d-459e-b49e-092d212900a0;Bayern;91334;DIMB IG Oberfranken;Landkreis Erlangen-Höchstadt;Hemhofen;54
cbacae94-85b0-44e6-9b38-933119f03509;Bayern;91336;DIMB IG Oberfranken;Landkreis Forchheim;Heroldsbach;54
6cf50543-097a-4706-ae68-4263ad413428;Bayern;91338;DIMB IG Oberfranken;Landkreis Forchheim;Igensdorf;54
0ff00f00-f87e-4239-9ca7-f3da758b2f71;Bayern;91341;DIMB IG Oberfranken;Landkreis Erlangen-Höchstadt;Röttenbach;54
ceaea159-2ebd-4430-a91d-feb93e9e6ad1;Bayern;91344;DIMB IG Oberfranken;Landkreis Bayreuth;Waischenfeld;54
bb333dd8-ceab-4b94-8aef-e4b5ca5a558b;Bayern;91346;DIMB IG Oberfranken;Landkreis Forchheim;Wiesenttal;54
3c1522cd-96f4-4239-a846-606f670dffc2;Bayern;91347;DIMB IG Oberfranken;Landkreis Bayreuth;Aufseß;54
737b5554-6fa6-4308-8e1c-ca10dae13a71;Bayern;91349;DIMB IG Oberfranken;Landkreis Forchheim;Egloffstein;54
2de9c021-6bc8-4071-8855-4acc277f9c1b;Bayern;91350;DIMB IG Oberfranken;Landkreis Erlangen-Höchstadt;Gremsdorf;54
5eb55325-2d88-41cf-9711-aa96d86c37f1;Bayern;91352;DIMB IG Oberfranken;Landkreis Forchheim;Hallerndorf;54
14a08869-f563-4457-90dd-94acea08a70d;Bayern;91353;DIMB IG Oberfranken;Landkreis Forchheim;Hausen;54
9f8f20dd-2a03-4bcc-aa37-9f011f6ca45a;Bayern;91355;DIMB IG Oberfranken;Landkreis Forchheim;Hiltpoltstein;54
c910e3ee-ec57-4b5b-899d-916443089e04;Bayern;91356;DIMB IG Oberfranken;Landkreis Forchheim;Kirchehrenbach;54
a89aa041-0539-4098-87fa-974cadf229d1;Bayern;91358;DIMB IG Oberfranken;Landkreis Forchheim;Kunreuth;54
7e6c00d1-f39f-4c87-b1d8-9ad8ce01bf17;Bayern;91359;DIMB IG Oberfranken;Landkreis Forchheim;Leutenbach;54
431996aa-3eef-41b7-b97d-06754d38b20b;Bayern;91361;DIMB IG Oberfranken;Landkreis Forchheim;Pinzberg;54
9d486989-2e57-4d0b-b827-27c940fdaee0;Bayern;91362;DIMB IG Oberfranken;Landkreis Forchheim;Pretzfeld;54
5b222468-8db9-4042-9a2e-20181286e581;Bayern;91364;DIMB IG Oberfranken;Landkreis Forchheim;Unterleinleiter;54
441ba1c0-cc5a-4084-809a-ceca32b7f02e;Bayern;91365;DIMB IG Oberfranken;Landkreis Forchheim;Weilersbach;54
412c066f-56f8-40e9-843f-7f70b3abc371;Bayern;91367;DIMB IG Oberfranken;Landkreis Forchheim;Weißenohe;54
e632f56f-ab9f-4c4e-83aa-b217e3110850;Bayern;91369;DIMB IG Oberfranken;Landkreis Forchheim;Wiesenthau;54
a71f889d-74ee-4a66-b0e7-ae4f2d9c23cf;Bayern;91575;DIMB IG Altmühltal;Landkreis Ansbach;Windsbach;30
e52514e3-7d05-4c93-8c5d-6e4a69fa3153;Bayern;91639;DIMB IG Altmühltal;Landkreis Ansbach;Wolframs-Eschenbach;30
700aaddf-c2ab-475f-b376-df8842dfa795;Bayern;91710;DIMB IG Altmühltal;Landkreis Weißenburg-Gunzenhausen;Gunzenhausen;30
5b44df78-7caf-4ce2-a80f-8916324457f0;Bayern;91717;DIMB IG Altmühltal;Landkreis Ansbach;Wassertrüdingen;30
0ffe418a-365a-4952-b607-86766c8f75b1;Bayern;91719;DIMB IG Altmühltal;Landkreis Weißenburg-Gunzenhausen;Heidenheim;30
1721ddd6-b4dd-4d22-b1ac-fa93db9e959b;Bayern;91720;DIMB IG Altmühltal;Landkreis Weißenburg-Gunzenhausen;Absberg;30
3b7cff37-2274-4944-ad3a-346cae097de1;Bayern;91722;DIMB IG Altmühltal;Landkreis Ansbach;Arberg;30
b7df6e70-7624-4a0f-b5d9-923c81f069eb;Bayern;91723;DIMB IG Altmühltal;Landkreis Weißenburg-Gunzenhausen;Dittenheim;30
d157faa7-c112-431f-bbb6-8995e067f116;Bayern;91725;DIMB IG Altmühltal;Landkreis Ansbach;Ehingen;30
7e023271-ed48-4bfa-9b8f-573e8a977f92;Bayern;91726;DIMB IG Altmühltal;Landkreis Ansbach;Gerolfingen;30
fb67ab35-c3e4-4912-88bd-501f5df8b09f;Bayern;91728;DIMB IG Altmühltal;Landkreis Weißenburg-Gunzenhausen;Gnotzheim;30
bf5c92bd-3725-4415-ab54-117a463c7e81;Bayern;91729;DIMB IG Altmühltal;Landkreis Weißenburg-Gunzenhausen;Haundorf;30
9bf4f2a3-406c-4dfb-b486-7aef43bbf9ed;Bayern;91731;DIMB IG Altmühltal;Landkreis Ansbach;Langfurth;30
5d44589e-a3fe-434b-bda4-2f78f2b8af59;Bayern;91732;DIMB IG Altmühltal;Landkreis Ansbach;Merkendorf;30
978290c6-f06e-4c93-8e78-b2f697c9284f;Bayern;91734;DIMB IG Altmühltal;Landkreis Ansbach;Mitteleschenbach;30
75f565e1-b2bc-428e-baae-f17b58eaf55d;Bayern;91735;DIMB IG Altmühltal;Landkreis Weißenburg-Gunzenhausen;Muhr am See;30
f57a8f0c-1e1c-4e00-832c-83f20b13b8df;Bayern;91737;DIMB IG Altmühltal;Landkreis Ansbach;Ornbau;30
dfbc49c5-c3ab-40f0-92de-204539f2df63;Bayern;91738;DIMB IG Altmühltal;Landkreis Weißenburg-Gunzenhausen;Pfofeld;30
ace31a28-c2e8-480a-ad33-42101452d571;Bayern;91740;DIMB IG Altmühltal;Landkreis Ansbach;Röckingen;30
92eeb50a-a3d4-415a-911e-76b794d4465f;Bayern;91741;DIMB IG Altmühltal;Landkreis Weißenburg-Gunzenhausen;Theilenhofen;30
f116c120-257c-4114-ba2b-6b7145b792f5;Bayern;91743;DIMB IG Altmühltal;Landkreis Ansbach;Unterschwaningen;30
b9eff1bc-ef40-4c5d-975e-ef1935c6b817;Bayern;91744;DIMB IG Altmühltal;Landkreis Ansbach;Weiltingen;30
f9d8fcfa-352c-4870-81b1-38c450abd03e;Bayern;91746;DIMB IG Altmühltal;Landkreis Ansbach;Weidenbach;30
dadc9f61-27ec-421d-837f-e2d82aa7526e;Bayern;91747;DIMB IG Altmühltal;Landkreis Weißenburg-Gunzenhausen;Westheim;30
07a570b1-9dfa-4ed6-8116-eab21f814376;Bayern;91749;DIMB IG Altmühltal;Landkreis Ansbach;Wittelshofen;30
ed5c51b5-d5f7-43f8-bb92-f9eb437cf1c8;Bayern;91757;DIMB IG Altmühltal;Landkreis Weißenburg-Gunzenhausen;Treuchtlingen;30
e389b8df-e1d2-4e5b-9909-7fc9f0370d71;Bayern;91781;DIMB IG Altmühltal;Landkreis Weißenburg-Gunzenhausen;Weißenburg i. Bay.;30
eeb17e49-45bc-4d66-8757-037b2c0c2cf9;Bayern;91785;DIMB IG Altmühltal;Landkreis Weißenburg-Gunzenhausen;Pleinfeld;30
13ab5253-93b1-4b10-9d1f-173e903ff489;Bayern;91788;DIMB IG Altmühltal;Landkreis Weißenburg-Gunzenhausen;Pappenheim;30
e39316e0-1714-4d0c-bc8a-e5f232c5a988;Bayern;91790;DIMB IG Altmühltal;Landkreis Weißenburg-Gunzenhausen;Bergen, Burgsalach, Nennslingen, Raitenbuch;30
7501f197-afa7-440f-8bc8-2f5f83a8333d;Bayern;91792;DIMB IG Altmühltal;Landkreis Weißenburg-Gunzenhausen;Ellingen;30
85e599cb-4a50-49ec-9806-0ecdfb7045b1;Bayern;91793;DIMB IG Altmühltal;Landkreis Weißenburg-Gunzenhausen;Alesheim;30
458bbcc3-38bf-40fe-b33e-daf951fcdb52;Bayern;91795;DIMB IG Altmühltal;Landkreis Eichstätt;Dollnstein;30
290c1de9-a27b-4338-a74f-a6dcb7ecadac;Bayern;91796;DIMB IG Altmühltal;Landkreis Weißenburg-Gunzenhausen;Ettenstatt;30
a0ac2b89-5401-4257-b10b-38681a977a92;Bayern;91798;DIMB IG Altmühltal;Landkreis Weißenburg-Gunzenhausen;Höttingen;30
429880eb-7290-40fb-86aa-74e76facc1aa;Bayern;91799;DIMB IG Altmühltal;Landkreis Weißenburg-Gunzenhausen;Langenaltheim;30
85aef35a-cdc0-4be3-97fa-116157c254ae;Bayern;91801;DIMB IG Altmühltal;Landkreis Weißenburg-Gunzenhausen;Markt Berolzheim;30
a1c4dca5-b433-4a40-9be9-aab2e1e12c3e;Bayern;91802;DIMB IG Altmühltal;Landkreis Weißenburg-Gunzenhausen;Meinheim;30
bd936b0c-1368-4f52-9ce3-c9660ad4a456;Bayern;91804;DIMB IG Altmühltal;Landkreis Eichstätt;Mörnsheim;30
ece26599-ecea-4db1-8427-cb6895703cd3;Bayern;91805;DIMB IG Altmühltal;Landkreis Weißenburg-Gunzenhausen;Polsingen;30
7d6decb4-1e2a-4006-9c4e-ae9f57cbe13c;Bayern;91807;DIMB IG Altmühltal;Landkreis Weißenburg-Gunzenhausen;Solnhofen;30
1c464c0b-bc92-4fc0-bce7-09698b5e63ec;Bayern;91809;DIMB IG Altmühltal;Landkreis Eichstätt;Wellheim;30
f241bafc-2b20-40f0-a7c5-4a07ea830110;Bayern;92283;DIMB IG Altmühltal;Landkreis Neumarkt in der Oberpfalz;Lauterhofen;30
6d8173c9-aef1-4e23-868b-03ffd30a898a;Bayern;92318;DIMB IG Altmühltal;Landkreis Neumarkt in der Oberpfalz;Neumarkt i.d.OPf.;30
9b07dc4d-1d01-4e6e-8de8-dd2e7dd8f32a;Bayern;92331;DIMB IG Altmühltal;Landkreis Neumarkt in der Oberpfalz;Parsberg, Lupburg;30
e92ab2c0-a91d-4b94-bc89-b1acb98418c5;Bayern;92334;DIMB IG Altmühltal;Landkreis Neumarkt in der Oberpfalz;Berching;30
2e48a175-3b3d-4aea-83ce-fed9fc5d5ec7;Bayern;92339;DIMB IG Altmühltal;Landkreis Eichstätt;Beilngries;30
328358b3-d870-4306-8317-563e7f548a6d;Bayern;92342;DIMB IG Altmühltal;Landkreis Neumarkt in der Oberpfalz;Freystadt;30
a47d6cc4-032f-467e-bf74-d9763b3dd2f9;Bayern;92345;DIMB IG Altmühltal;Landkreis Neumarkt in der Oberpfalz;Dietfurt an der Altmühl;30
0f0d669c-f810-444a-a192-8e677abdda9f;Bayern;92348;DIMB IG Altmühltal;Landkreis Neumarkt in der Oberpfalz;Neumarkt i.d.OPf., Berg b.Neumarkt i.d.OPf.;30
706282fe-b0d8-42d1-94c0-887ee5b41937;Bayern;92353;DIMB IG Altmühltal;Landkreis Neumarkt in der Oberpfalz;Postbauer-Heng;30
d5e1a141-b532-47d1-8e94-05b9ff08164e;Bayern;92355;DIMB IG Altmühltal;Landkreis Neumarkt in der Oberpfalz;Velburg;30
1aeb5e6c-5b67-446d-90cd-0faec89845e7;Bayern;92358;DIMB IG Altmühltal;Landkreis Neumarkt in der Oberpfalz;Seubersdorf in der Oberpfalz;30
7060d7b0-99ed-48f0-8e8c-02b9495813b6;Bayern;92360;DIMB IG Altmühltal;Landkreis Neumarkt in der Oberpfalz;Mühlhausen;30
4147d900-df2e-4e4c-bee1-1ab1722243a1;Bayern;92361;DIMB IG Altmühltal;Landkreis Neumarkt in der Oberpfalz;Berngau;30
0b63498a-99da-4112-8a94-89b0b7062c4c;Bayern;92363;DIMB IG Altmühltal;Landkreis Neumarkt in der Oberpfalz;Breitenbrunn;30
cfa59d69-c90b-40e9-8197-ce8d5b71d8da;Bayern;92364;DIMB IG Altmühltal;Landkreis Neumarkt in der Oberpfalz;Deining;30
0eca6929-1c7c-4467-b533-8dfa3f04cce8;Bayern;92366;DIMB IG Altmühltal;Landkreis Neumarkt in der Oberpfalz;Hohenfels;30
a884f418-33b0-48a3-bc4c-2bd43272b892;Bayern;92367;DIMB IG Altmühltal;Landkreis Neumarkt in der Oberpfalz;Pilsach;30
f6bb81f4-6210-4823-9689-549f2bb98572;Bayern;92369;DIMB IG Altmühltal;Landkreis Neumarkt in der Oberpfalz;Sengenthal;30
cb37dad1-6de4-427f-bacb-dd30ea01716a;Bayern;92444;DIMB IG Bayerischer Wald;Landkreis Cham;Rötz;76
1e11aab7-78ae-41a9-b484-b363ca0f4346;Bayern;92637;DIMB IG Stoapfalz;Weiden in der Oberpfalz;Weiden in der Oberpfalz, Theisseil;81
e3c61d67-afac-4249-9a44-a9670bd7a129;Bayern;92648;DIMB IG Stoapfalz;Landkreis Neustadt an der Waldnaab;Vohenstrauß;81
1bd2126b-37b3-4e6a-a4a1-719f61bd0d70;Bayern;92655;DIMB IG Stoapfalz;Landkreis Neustadt an der Waldnaab;Grafenwöhr;81
0f264a69-3d7c-4a38-a25b-57ed4065a619;Bayern;92660;DIMB IG Stoapfalz;Landkreis Neustadt an der Waldnaab;Neustadt an der Waldnaab;81
863e521d-d5c0-4338-b86b-ea613172cd8b;Bayern;92665;DIMB IG Stoapfalz;Landkreis Neustadt an der Waldnaab;Altenstadt an der Waldnaab, Kirchendemenreuth;81
3cac26ee-eb46-45aa-8d3e-2b8686f0e391;Bayern;92670;DIMB IG Stoapfalz;Landkreis Neustadt an der Waldnaab;Windischeschenbach;81
7ea09cea-8e23-4026-af19-931111ea03e9;Bayern;92676;DIMB IG Stoapfalz;Landkreis Neustadt an der Waldnaab;Eschenbach i.d.OPf., Speinshart;81
38717ba2-31fe-47c6-aebe-a8424c392c7e;Bayern;92681;DIMB IG Stoapfalz;Landkreis Tirschenreuth;Erbendorf;81
9dde9910-7c87-4309-aa4b-42447fc8ecb7;Bayern;92685;DIMB IG Stoapfalz;Landkreis Neustadt an der Waldnaab;Floß;81
aefe5056-2edf-4bb8-b705-6308aa6b7b3c;Bayern;92690;DIMB IG Stoapfalz;Landkreis Neustadt an der Waldnaab;Pressath;81
896c176b-aac2-4f86-98d9-76e156311bc4;Bayern;92693;DIMB IG Stoapfalz;Landkreis Neustadt an der Waldnaab;Eslarn;81
1ed0eb04-4eef-4d14-93d4-d2258a031c23;Bayern;92694;DIMB IG Stoapfalz;Landkreis Neustadt an der Waldnaab;Etzenricht;81
5ae2c81e-f4ae-4bbb-897e-87c71d6c45f6;Bayern;92696;DIMB IG Stoapfalz;Landkreis Neustadt an der Waldnaab;Flossenbürg;81
175b1981-df31-4724-bcd0-d9bb3c241da1;Bayern;92697;DIMB IG Stoapfalz;Landkreis Neustadt an der Waldnaab;Georgenberg;81
32e5fa89-0b9a-4b3b-8c3b-887b975dff51;Bayern;92699;DIMB IG Stoapfalz;Landkreis Neustadt an der Waldnaab;Bechtsrieth, Irchenrieth;81
2b44b2a3-86b4-46e1-8825-613110b4a9e2;Bayern;92700;DIMB IG Stoapfalz;Landkreis Neustadt an der Waldnaab;Weiherhammer;81
1ad94697-386c-42d4-9add-286df2dcf0cf;Bayern;92702;DIMB IG Stoapfalz;Landkreis Neustadt an der Waldnaab;Kohlberg;81
7c993757-9ec0-4d78-9dfc-cc4976189443;Bayern;92703;DIMB IG Stoapfalz;Landkreis Tirschenreuth;Krummennaab;81
97cceba2-4203-48db-bc1e-7609bb2b4315;Bayern;92705;DIMB IG Stoapfalz;Landkreis Neustadt an der Waldnaab;Leuchtenberg;81
29aaa8df-1f2e-4d32-9df4-c832bc3c268d;Bayern;92706;DIMB IG Stoapfalz;Landkreis Neustadt an der Waldnaab;Luhe-Wildenau;81
2a58a5e7-e14f-40f4-b109-bcefde6991d4;Bayern;92708;DIMB IG Stoapfalz;Landkreis Neustadt an der Waldnaab;Mantel;81
4711fd14-9ca8-4d12-969e-95256736e58a;Bayern;92709;DIMB IG Stoapfalz;Landkreis Neustadt an der Waldnaab;Moosbach;81
cc788cd6-7f0a-45e0-b007-af0cd8464e29;Bayern;92711;DIMB IG Stoapfalz;Landkreis Neustadt an der Waldnaab;Parkstein;81
2bedc444-8443-4373-8e2a-cccfce46d5bf;Bayern;92712;DIMB IG Stoapfalz;Landkreis Neustadt an der Waldnaab;Pirk;81
5d63b16e-cfb4-4fae-9eca-b5f4a636aeaf;Bayern;92714;DIMB IG Stoapfalz;Landkreis Neustadt an der Waldnaab;Pleystein;81
1663ceb7-85e1-49d4-a1b7-dd1ef4e94505;Bayern;92715;DIMB IG Stoapfalz;Landkreis Neustadt an der Waldnaab;Püchersreuth;81
a373ad5d-d643-44e7-8b18-b6329476dddd;Bayern;92717;DIMB IG Stoapfalz;Landkreis Tirschenreuth;Reuth b.Erbendorf;81
692de096-5175-4914-a797-4e45a712b287;Bayern;92718;DIMB IG Stoapfalz;Landkreis Neustadt an der Waldnaab;Schirmitz;81
c6e92976-a383-4068-870f-5d8ab9e2e335;Bayern;92720;DIMB IG Stoapfalz;Landkreis Neustadt an der Waldnaab;Schwarzenbach;81
acdaaa06-5e1e-4792-9e7a-8c31332f5a27;Bayern;92721;DIMB IG Stoapfalz;Landkreis Neustadt an der Waldnaab;Störnstein;81
5f44db28-fb0f-40be-8146-ff37c1269fc9;Bayern;92723;DIMB IG Stoapfalz;Landkreis Neustadt an der Waldnaab;Tännesberg, Gleiritsch;81
0e0269de-f4a2-46e3-8c09-0e9f4ca0226b;Bayern;92724;DIMB IG Stoapfalz;Landkreis Neustadt an der Waldnaab;Trabitz;81
584a57b7-8273-41eb-8235-993a2f4231be;Bayern;92726;DIMB IG Stoapfalz;Landkreis Neustadt an der Waldnaab;Waidhaus;81
f098d8e1-029c-40a6-bc10-6b88ac7d7746;Bayern;92727;DIMB IG Stoapfalz;Landkreis Neustadt an der Waldnaab;Waldthurn;81
e20399e3-50cd-4157-a440-1fb38eb4a502;Bayern;92729;DIMB IG Stoapfalz;Landkreis Neustadt an der Waldnaab;Weiherhammer;81
5897e3bd-971e-4711-81dc-8948ddc366ce;Bayern;93047;DIMB IG Regensburg;Stadt Regensburg;Regensburg;47
04a4d931-dcc2-479c-8e99-6610168b3243;Bayern;93049;DIMB IG Regensburg;Stadt Regensburg;Regensburg;47
e37a8f21-b5ca-440d-ab53-8275f47badd7;Bayern;93051;DIMB IG Regensburg;Stadt Regensburg;Regensburg;47
964f2a2d-8b1f-4d82-89a9-3ed27c56f36c;Bayern;93053;DIMB IG Regensburg;Stadt Regensburg;Regensburg;47
d59c0019-5aa7-4396-b1fe-04bc4d860803;Bayern;93055;DIMB IG Regensburg;Stadt Regensburg;Regensburg;47
98125aa3-9057-4963-bf96-77bcd736c6a0;Bayern;93057;DIMB IG Regensburg;Stadt Regensburg;Regensburg;47
bd06b9e5-ed7e-43ab-9baa-a29c47c7fd61;Bayern;93059;DIMB IG Regensburg;Stadt Regensburg;Regensburg;47
1821c747-2f54-4f19-8689-c0664b3504b7;Bayern;93073;DIMB IG Regensburg;Landkreis Regensburg;Neutraubling;47
bc6a5f11-cd8c-4120-83c9-2104a4aa5e4d;Bayern;93077;DIMB IG Kelheim;Landkreis Kelheim;Bad Abbach;99
0fc16db8-c124-468c-959c-fdb3f5131332;Bayern;93080;DIMB IG Regensburg;Landkreis Regensburg;Pentling;47
9ed7875a-efc9-4b0a-bdc3-3add7fd0d93a;Bayern;93083;DIMB IG Regensburg;Landkreis Regensburg;Obertraubling;47
c58f551b-f7be-4ec7-8ac0-b4993789488e;Bayern;93086;DIMB IG Regensburg;Landkreis Regensburg;Wörth an der Donau;47
6607d458-9368-43f4-98fd-082d65ae99d2;Bayern;93087;DIMB IG Regensburg;Landkreis Regensburg;Alteglofsheim;47
be86b25e-f770-4992-ac17-116b5762b450;Bayern;93089;DIMB IG Regensburg;Landkreis Regensburg;Aufhausen;47
7945c837-01da-40a1-abbc-bd542add9d16;Bayern;93090;DIMB IG Regensburg;Landkreis Regensburg;Bach an der Donau;47
726927c0-29e4-4b7b-87f5-b762f2e552ee;Bayern;93092;DIMB IG Regensburg;Landkreis Regensburg;Barbing;47
2b40b582-d8cd-42cb-aa8b-99a4c5f7abe2;Bayern;93093;DIMB IG Regensburg;Landkreis Regensburg;Donaustauf;47
390344ef-196c-4b61-8d01-3b909b0960b2;Bayern;93095;DIMB IG Regensburg;Landkreis Regensburg;Hagelstadt;47
6324bd40-6a4e-48c0-9118-9f19e84cffbe;Bayern;93096;DIMB IG Regensburg;Landkreis Regensburg;Köfering;47
36ea72b4-86f5-465b-b8a2-9ce740ae1cef;Bayern;93098;DIMB IG Regensburg;Landkreis Regensburg;Mintraching;47
24722425-a162-4846-8f57-01e6072d95ff;Bayern;93099;DIMB IG Regensburg;Landkreis Regensburg;Mötzing;47
0a4fe87b-3c8c-46aa-bacc-6309379bdbc2;Bayern;93101;DIMB IG Regensburg;Landkreis Regensburg;Pfakofen;47
844a56d0-7c46-4dcd-86cd-a09db6e28a72;Bayern;93102;DIMB IG Regensburg;Landkreis Regensburg;Pfatter;47
b0fc10d6-c0a7-4111-a285-1473f27beb00;Bayern;93104;DIMB IG Regensburg;Landkreis Regensburg;Riekofen, Sünching;47
78e391ae-fa08-4817-9262-b27781ae360e;Bayern;93105;DIMB IG Regensburg;Landkreis Regensburg;Tegernheim;47
0946b645-43df-4271-be70-25402c53b416;Bayern;93107;DIMB IG Regensburg;Landkreis Regensburg;Thalmassing;47
ba35bc9c-0519-4a4e-a94c-cd833b35e855;Bayern;93109;DIMB IG Regensburg;Landkreis Regensburg;Wiesent;47
e66dcc99-7069-421d-badc-feac838c2644;Bayern;93128;DIMB IG Regensburg;Landkreis Regensburg;Regenstauf;47
29b9349c-f1b2-4a5f-881a-d3d898af4ccf;Bayern;93138;DIMB IG Regensburg;Landkreis Regensburg;Lappersdorf;47
fdaa814e-e975-4f8b-b0f1-a760fc7a860f;Bayern;93152;DIMB IG Regensburg;Landkreis Regensburg;Nittendorf;47
654a4ccd-01d9-4f1a-bc80-e276c1a9c826;Bayern;93155;DIMB IG Regensburg;Landkreis Regensburg;Hemau;47
2c6eafe8-7765-434f-a45c-8edca9da4ae1;Bayern;93161;DIMB IG Regensburg;Landkreis Regensburg;Sinzing;47
ce25db49-af46-4e92-9503-7c05997a1813;Bayern;93164;DIMB IG Regensburg;Landkreis Regensburg;Brunn, Laaber;47
3efd051d-3a8c-4328-a925-539c2e630ec5;Bayern;93167;DIMB IG Bayerischer Wald;Landkreis Cham;Falkenstein;76
159bc246-e68a-47d5-9167-931ddaa02ebf;Bayern;93170;DIMB IG Regensburg;Landkreis Regensburg;Bernhardswald;47
f757d69a-1ecc-4979-8439-d596594294f4;Bayern;93173;DIMB IG Regensburg;Landkreis Regensburg;Wenzenbach;47
76f3bf39-ffb1-44b3-8fde-fcab68d9ee8e;Bayern;93176;DIMB IG Regensburg;Landkreis Regensburg;Beratzhausen;47
7c2cf0fe-df0e-4fa4-a4e7-385235813a0b;Bayern;93177;DIMB IG Regensburg;Landkreis Regensburg;Altenthann;47
c33f5d07-ad38-4f2b-86c2-6e8032dc20c3;Bayern;93179;DIMB IG Regensburg;Landkreis Regensburg;Brennberg;47
0b993513-06b2-4fd9-b5ef-68a0236c1e63;Bayern;93180;DIMB IG Regensburg;Landkreis Regensburg;Deuerling;47
2ca681bf-01e9-4e5d-8b6c-ff0eecb83ea3;Bayern;93182;DIMB IG Regensburg;Landkreis Regensburg;Duggendorf;47
f4f82b95-91b5-49d3-a5c8-c0be31b6c76d;Bayern;93183;DIMB IG Regensburg;Landkreis Regensburg;Holzheim a.Forst, Kallmünz;47
a835578f-aee3-4e49-be91-fd8c22f02f95;Bayern;93185;DIMB IG Bayerischer Wald;Landkreis Cham;Michelsneukirchen;76
b70e2f6c-7fd1-4b61-b5ac-91b7522ed5fa;Bayern;93186;DIMB IG Regensburg;Landkreis Regensburg;Pettendorf;47
94854212-f177-4059-b19e-a48eb6c2bf6c;Bayern;93188;DIMB IG Regensburg;Landkreis Regensburg;Pielenhofen;47
65d2e8f6-0caf-4d30-a6f9-3ecb88de5f93;Bayern;93189;DIMB IG Bayerischer Wald;Landkreis Cham;Reichenbach;76
29079ba7-2847-4e01-bb67-08c2ef5445c3;Bayern;93191;DIMB IG Bayerischer Wald;Landkreis Cham;Rettenbach;76
2f32f39b-e12c-428f-a1d5-6c6795aef91f;Bayern;93192;DIMB IG Bayerischer Wald;Landkreis Cham;Wald;76
ba19970f-b559-4661-a52a-002d4f5d6c27;Bayern;93194;DIMB IG Bayerischer Wald;Landkreis Cham;Walderbach;76
fe295509-fab4-4ca7-ba24-990c14b0286a;Bayern;93195;DIMB IG Regensburg;Landkreis Regensburg;Duggendorf, Wolfsegg;47
41ff5fab-78a1-4717-b961-35f4ac141e0c;Bayern;93197;DIMB IG Regensburg;Landkreis Regensburg;Zeitlarn;47
ca6e92fd-d5e1-4fdd-9059-7405a8bfb35f;Bayern;93199;DIMB IG Bayerischer Wald;Landkreis Cham;Zell;76
8e077a30-2e7e-4886-9aef-6561defb29ee;Bayern;93309;DIMB IG Kelheim;Landkreis Kelheim;Kelheim;99
b95522b5-85ee-42a7-849c-e1f4d7a1e709;Bayern;93326;DIMB IG Kelheim;Landkreis Kelheim;Abensberg;99
ec639b6d-0f87-45a7-a759-59d8fbc427ec;Bayern;93333;DIMB IG Kelheim;Landkreis Kelheim;Neustadt a.d.Donau;99
5784f8ec-3f5b-4182-b36a-a5babe4cf819;Bayern;93336;DIMB IG Altmühltal;Landkreis Eichstätt;Altmannstein;30
2e5f41ad-126e-4b84-a6b6-630ddda44e37;Bayern;93339;DIMB IG Kelheim;Landkreis Kelheim;Riedenburg;99
701c0d4e-8555-45e1-8663-d98e6a6672a2;Bayern;93342;DIMB IG Kelheim;Landkreis Kelheim;Saal a.d.Donau;99
e21741db-d929-4184-81ea-e18c6d584b84;Bayern;93343;DIMB IG Kelheim;Landkreis Kelheim;Essing;99
757c0ccb-1470-4274-811f-16f409073577;Bayern;93345;DIMB IG Kelheim;Landkreis Kelheim;Hausen;99
164f0880-d1a1-45a1-ad4d-62df7c60d8dd;Bayern;93346;DIMB IG Kelheim;Landkreis Kelheim;Ihrlerstein;99
36447c39-bc68-4ea9-8ee3-5ef6a637660c;Bayern;93348;DIMB IG Kelheim;Landkreis Kelheim;Kirchdorf;99
7883b46a-7986-49d8-bdd9-444da59dcbf6;Bayern;93349;DIMB IG Altmühltal;Landkreis Eichstätt;Mindelstetten;30
a529133b-9ad4-4e3b-81fe-920c7a8dc1c0;Bayern;93351;DIMB IG Kelheim;Landkreis Kelheim;Painten;99
c6054f90-de84-4225-879c-56a115bc58ec;Bayern;93352;DIMB IG Kelheim;Landkreis Kelheim;Rohr i.NB;99
8fbc57e1-0bf5-4dbb-b3c0-9418572929ad;Bayern;93354;DIMB IG Kelheim;Landkreis Kelheim;Biburg, Siegenburg;99
5a679a02-9893-48a5-9631-c7b1f4540d19;Bayern;93356;DIMB IG Kelheim;Landkreis Kelheim;Teugn;99
9e874d08-c36a-4940-bc42-290f24fa1791;Bayern;93358;DIMB IG Kelheim;Landkreis Kelheim;Train;99
6be75336-90d7-4b98-bc26-2f5ddb2b762d;Bayern;93359;DIMB IG Kelheim;Landkreis Kelheim;Wildenberg;99
3a4228f0-68e3-4a68-9ecb-9b6a084de396;Bayern;93413;DIMB IG Bayerischer Wald;Landkreis Cham;Cham;76
82a31203-24c5-4439-9f46-83428285f923;Bayern;93426;DIMB IG Bayerischer Wald;Landkreis Cham;Roding;76
2976cc6b-258a-4848-9a0e-ab150e923bd6;Bayern;93437;DIMB IG Bayerischer Wald;Landkreis Cham;Furth im Wald;76
6a0e12d5-e27a-427c-8a51-d920a7c6ed81;Bayern;93444;DIMB IG Bayerischer Wald;Landkreis Cham;Bad Kötzting;76
f5d839fe-6917-4b62-9664-b1ec7f5b731e;Bayern;93449;DIMB IG Bayerischer Wald;Landkreis Cham;Waldmünchen;76
35e33ccd-54e8-4789-a92f-4587a04a7d0b;Bayern;93453;DIMB IG Bayerischer Wald;Landkreis Cham;Neukirchen beim Heiligen Blut;76
e8c2893c-0267-44a9-a179-d35bf2c8d832;Bayern;93455;DIMB IG Bayerischer Wald;Landkreis Cham;Traitsching;76
e7d0e294-39b4-43a2-b93e-470c1128cc78;Bayern;93458;DIMB IG Bayerischer Wald;Landkreis Cham;Eschlkam;76
5cda734b-1ce0-4b12-ae2e-d643c6168ccd;Bayern;93462;DIMB IG Bayerischer Wald;Landkreis Cham;Lam;76
70441432-8329-479e-ac53-25bc2157a561;Bayern;93464;DIMB IG Bayerischer Wald;Landkreis Cham;Tiefenbach;76
0a0b968d-e129-44bf-a4e6-a6112b9379c9;Bayern;93466;DIMB IG Bayerischer Wald;Landkreis Cham;Chamerau;76
cd47271c-923e-450c-8691-69874c054de6;Bayern;93468;DIMB IG Bayerischer Wald;Landkreis Cham;Miltach;76
3b448f19-acda-40a5-bddd-4a1d16133ddd;Bayern;93470;DIMB IG Bayerischer Wald;Landkreis Cham;Lohberg;76
cdbcd465-922f-405d-87a0-5aeb0042eafa;Bayern;93471;DIMB IG Bayerischer Wald;Landkreis Regen;Arnbruck;76
06d0bd0b-5aa9-46eb-afc2-3bd5dd2588d4;Bayern;93473;DIMB IG Bayerischer Wald;Landkreis Cham;Arnschwang;76
2fd99613-6c68-4b5a-9d4b-f5405d03f229;Bayern;93474;DIMB IG Bayerischer Wald;Landkreis Cham;Arrach;76
8e9e3e0d-0c74-4d95-8cca-46ed5c62319a;Bayern;93476;DIMB IG Bayerischer Wald;Landkreis Cham;Blaibach;76
30461482-bdf5-4822-8c09-4a2a285a9c8e;Bayern;93477;DIMB IG Bayerischer Wald;Landkreis Cham;Gleißenberg;76
60a85bfe-a9ea-4748-b2dd-aacb4f1c2fd5;Bayern;93479;DIMB IG Bayerischer Wald;Landkreis Cham;Grafenwiesen;76
483e73ff-8e34-4379-81ed-69b361dea5ad;Bayern;93480;DIMB IG Bayerischer Wald;Landkreis Cham;Hohenwarth;76
43447454-5d87-4f25-ae0a-38cb6517b41c;Bayern;93482;DIMB IG Bayerischer Wald;Landkreis Cham;Pemfling;76
fc0ee16d-0043-4353-ab55-3b157cb1be7a;Bayern;93483;DIMB IG Bayerischer Wald;Landkreis Cham;Pösing;76
26d3bab3-4acc-452e-9192-e81bfad268ba;Bayern;93485;DIMB IG Bayerischer Wald;Landkreis Cham;Rimbach;76
9791af76-ed10-474d-beb3-13ae3aa7d79b;Bayern;93486;DIMB IG Bayerischer Wald;Landkreis Cham;Runding;76
ee47d6e7-d5ad-42e1-8778-04ecc460709a;Bayern;93488;DIMB IG Bayerischer Wald;Landkreis Cham;Schönthal;76
3d8decd2-4825-429d-9048-ed26aeacae3e;Bayern;93489;DIMB IG Bayerischer Wald;Landkreis Cham;Schorndorf;76
d8bada34-3de2-4a98-bb9d-81eafa0e2f8f;Bayern;93491;DIMB IG Bayerischer Wald;Landkreis Cham;Stamsried;76
863aecaa-cdf6-4567-b480-c867e091b980;Bayern;93492;DIMB IG Bayerischer Wald;Landkreis Cham;Treffelstein;76
296a35e9-9fdd-4b9e-9c1d-69c474be0d99;Bayern;93494;DIMB IG Bayerischer Wald;Landkreis Cham;Waffenbrunn;76
4691cb92-1546-49ff-bcd5-254bf5928faf;Bayern;93495;DIMB IG Bayerischer Wald;Landkreis Cham;Weiding;76
f9019a33-0c43-40c3-86d2-e63307a95392;Bayern;93497;DIMB IG Bayerischer Wald;Landkreis Cham;Willmering;76
61c8df2c-a766-42a2-9c4e-5587e02c8241;Bayern;93499;DIMB IG Bayerischer Wald;Landkreis Cham;Zandt;76
907b1a23-56cc-4e5f-b432-895c46988cb5;Bayern;94032;DIMB IG Bayerischer Wald;Stadt Passau;Passau;76
5c756fa5-c03a-45a9-8d08-45cc9a1fdd19;Bayern;94034;DIMB IG Bayerischer Wald;Stadt Passau;Passau;76
48f4b207-4ada-4c56-bf65-a592763e639b;Bayern;94036;DIMB IG Bayerischer Wald;Landkreis Passau;Neuburg a.Inn;76
8a5c35a4-47a6-4146-b086-bdda60facc4c;Bayern;94051;DIMB IG Bayerischer Wald;Landkreis Passau;Hauzenberg;76
61ebad17-f898-4ad1-86ff-d1eff09756b4;Bayern;94060;DIMB IG Bayerischer Wald;Landkreis Passau;Pocking;76
ac8d2b76-8986-46ce-a980-078b0ebed77f;Bayern;94065;DIMB IG Bayerischer Wald;Landkreis Freyung-Grafenau;Waldkirchen;76
e2201b7b-d25d-46d1-bf24-db87ec484d7d;Bayern;94072;DIMB IG Bayerischer Wald;Landkreis Passau;Bad Füssing;76
4327ebe4-3632-4d30-9ddd-f06d862b4b04;Bayern;94078;DIMB IG Bayerischer Wald;Landkreis Freyung-Grafenau;Freyung;76
4b4d7ebe-0309-4650-bb98-472eaecaa77a;Bayern;94081;DIMB IG Bayerischer Wald;Landkreis Passau;Fürstenzell;76
86a5d551-72f5-4b94-9771-4088abcc7d67;Bayern;94086;DIMB IG Bayerischer Wald;Landkreis Passau;Bad Griesbach i.Rottal;76
731286b2-5049-4438-804b-d84665ef1809;Bayern;94089;DIMB IG Bayerischer Wald;Landkreis Freyung-Grafenau;Neureichenau;76
fc759c13-06c8-495d-8ff7-d5fe743f0032;Bayern;94094;DIMB IG Bayerischer Wald;Landkreis Passau;Malching, Rotthalmünster;76
af9e7847-7f3e-433f-a926-73f9a6404aef;Bayern;94099;DIMB IG Bayerischer Wald;Landkreis Passau;Ruhstorf a.d.Rott;76
3fab9a21-eff2-421d-9a3c-25e1b57790be;Bayern;94104;DIMB IG Bayerischer Wald;Landkreis Passau;Tittling, Witzmannsberg;76
24fb77e3-06a4-4f58-b2aa-5a9c83d321ce;Bayern;94107;DIMB IG Bayerischer Wald;Landkreis Passau;Obernzell, Untergriesbach;76
c4f96f9a-210c-409b-82a3-cedcc4efcef8;Bayern;94110;DIMB IG Bayerischer Wald;Landkreis Passau;Wegscheid;76
7610a2f9-4239-4694-85b0-a24268bbde03;Bayern;94113;DIMB IG Bayerischer Wald;Landkreis Passau;Tiefenbach;76
e944e25a-5879-470b-b484-1e7a2d3518bc;Bayern;94116;DIMB IG Bayerischer Wald;Landkreis Passau;Hutthurm;76
6b074bf5-c161-4a72-bedf-a5c924dc882d;Bayern;94118;DIMB IG Bayerischer Wald;Landkreis Freyung-Grafenau;Jandelsbrunn;76
287acd36-66fa-4e30-852d-edfe355357ca;Bayern;94121;DIMB IG Bayerischer Wald;Landkreis Passau;Salzweg;76
5a10c9cd-db80-4450-982c-95ea16c3d216;Bayern;94124;DIMB IG Bayerischer Wald;Landkreis Passau;Büchlberg;76
8ac60a2e-ef6f-4baa-9d26-e8adf52f568a;Bayern;94127;DIMB IG Bayerischer Wald;Landkreis Passau;Neuburg a.Inn;76
9cc08103-fe28-450d-9b94-a5f8f6c4c2f3;Bayern;94130;DIMB IG Bayerischer Wald;Landkreis Passau;Obernzell;76
e050fa78-1856-4c55-b851-f621fc16ead5;Bayern;94133;DIMB IG Bayerischer Wald;Landkreis Freyung-Grafenau;Röhrnbach;76
8d36a06f-3bc9-4f78-b986-a3a045031854;Bayern;94136;DIMB IG Bayerischer Wald;Landkreis Passau;Thyrnau;76
7b3ce738-7902-4b03-b485-38e2f9dd26e3;Bayern;94139;DIMB IG Bayerischer Wald;Landkreis Passau;Breitenberg;76
63717e6b-ca7c-4550-949b-89d3e7e7c735;Bayern;94142;DIMB IG Bayerischer Wald;Landkreis Freyung-Grafenau;Fürsteneck;76
f6fca209-8919-4b83-85d8-f2f34349b6f5;Bayern;94143;DIMB IG Bayerischer Wald;Landkreis Freyung-Grafenau;Grainet;76
820745ea-370a-4b5d-bc2c-ece39ab4401a;Bayern;94145;DIMB IG Bayerischer Wald;Landkreis Freyung-Grafenau;Haidmühle;76
41c9b9b4-dcd5-451c-afb2-8ace4f95d69c;Bayern;94146;DIMB IG Bayerischer Wald;Landkreis Freyung-Grafenau;Hinterschmiding;76
8d9b99f1-03fe-43d3-b468-e980f2718b3b;Bayern;94148;DIMB IG Bayerischer Wald;Landkreis Passau;Kirchham;76
44f30213-f828-49eb-827f-3f58fee7b488;Bayern;94149;DIMB IG Bayerischer Wald;Landkreis Passau;Kößlarn;76
66ed991a-f265-4232-bd18-7e1f1e986fde;Bayern;94151;DIMB IG Bayerischer Wald;Landkreis Freyung-Grafenau;Mauth;76
1e694ef2-7baa-4074-88c6-d78ba0d6c2a6;Bayern;94152;DIMB IG Bayerischer Wald;Landkreis Passau;Neuhaus am Inn;76
bbc11e1f-fd8e-404c-a718-0a5812bc55f2;Bayern;94154;DIMB IG Bayerischer Wald;Landkreis Passau;Neukirchen vorm Wald;76
d561b75f-a2e5-4889-a3c8-ee7905499857;Bayern;94157;DIMB IG Bayerischer Wald;Landkreis Freyung-Grafenau;Perlesreut;76
c8f8bca1-2555-4dfa-af50-92e2011020ed;Bayern;94158;DIMB IG Bayerischer Wald;Landkreis Freyung-Grafenau;Philippsreut;76
9a31ffc1-07af-4c63-a06e-bbd6a492f5c1;Bayern;94160;DIMB IG Bayerischer Wald;Landkreis Freyung-Grafenau;Ringelai;76
38b8b718-cac9-48bb-9a6d-15d1d44c8eb8;Bayern;94161;DIMB IG Bayerischer Wald;Landkreis Passau;Ruderting;76
4873b003-2c0e-4401-8fa4-97bb4a6a4821;Bayern;94163;DIMB IG Bayerischer Wald;Landkreis Freyung-Grafenau;Saldenburg;76
8df4268d-46b4-482c-a642-c1fed5a928b0;Bayern;94164;DIMB IG Bayerischer Wald;Landkreis Passau;Sonnen;76
4b516290-82ab-49be-a745-028f2c64f7b1;Bayern;94167;DIMB IG Bayerischer Wald;Landkreis Passau;Tettenweis;76
0ca96a68-5d96-4070-882f-3df861a05011;Bayern;94169;DIMB IG Bayerischer Wald;Landkreis Freyung-Grafenau;Thurmansbang;76
36c23808-2bf7-4b76-9f20-bc6965add0cc;Bayern;94209;DIMB IG Bayerischer Wald;Landkreis Regen;Regen;76
d35c0989-9b4a-464f-bca7-2842dda20a93;Bayern;94227;DIMB IG Bayerischer Wald;Landkreis Regen;Lindberg, Zwiesel;76
26489703-5b5f-4e12-8ab8-3e5de4ccc9b4;Bayern;94234;DIMB IG Bayerischer Wald;Landkreis Regen;Viechtach;76
56d9480a-a44e-4f03-9bf4-4ac2a131f8bc;Bayern;94239;DIMB IG Bayerischer Wald;Landkreis Regen;Gotteszell, Ruhmannsfelden, Zachenberg;76
fe79eca6-cad2-4172-a21b-1fde8bf5ee1c;Bayern;94244;DIMB IG Bayerischer Wald;Landkreis Regen;Geiersthal, Teisnach;76
1cfcc7cd-d0da-4e6c-997c-ab30d85a4a8c;Bayern;94249;DIMB IG Bayerischer Wald;Landkreis Regen;Bodenmais;76
c245b025-8a07-4cef-a6af-f2d691d97e84;Bayern;94250;DIMB IG Bayerischer Wald;Landkreis Regen;Achslach;76
d8f8e40e-8e63-4ed5-9685-ace0e56adecc;Bayern;94252;DIMB IG Bayerischer Wald;Landkreis Regen;Bayerisch Eisenstein;76
148e85d1-a929-410f-90bb-f5ae676d3ab7;Bayern;94253;DIMB IG Bayerischer Wald;Landkreis Regen;Bischofsmais;76
4f7ec5e9-2189-4512-b661-57b4173beaac;Bayern;94255;DIMB IG Bayerischer Wald;Landkreis Regen;Böbrach;76
f75a8e5b-611c-46c7-980b-d70d7c7a90ca;Bayern;94256;DIMB IG Bayerischer Wald;Landkreis Regen;Drachselsried;76
739bbb7e-e2ec-4403-9812-f27d9176b892;Bayern;94258;DIMB IG Bayerischer Wald;Landkreis Regen;Frauenau;76
bbf1fcce-3a2d-41ce-85bc-f82d52584d91;Bayern;94259;DIMB IG Bayerischer Wald;Landkreis Regen;Kirchberg i.Wald;76
fb6ceb98-d52d-4017-aca7-1af0f4a2c40c;Bayern;94261;DIMB IG Bayerischer Wald;Landkreis Regen;Kirchdorf i.Wald;76
fbc1de7c-badb-41d9-8c69-11249c1c1b09;Bayern;94262;DIMB IG Bayerischer Wald;Landkreis Regen;Kollnburg;76
66bd4f3b-164e-4e44-a50b-16988f86e516;Bayern;94264;DIMB IG Bayerischer Wald;Landkreis Regen;Langdorf;76
889e5046-3b2d-40af-af02-755155e9fe7f;Bayern;94265;DIMB IG Bayerischer Wald;Landkreis Regen;Patersdorf;76
a9d14dd1-4b82-477d-9c1b-03be6115f67b;Bayern;94267;DIMB IG Bayerischer Wald;Landkreis Regen;Prackenbach;76
09e512a4-11de-41ee-b060-bf448a95773f;Bayern;94269;DIMB IG Bayerischer Wald;Landkreis Regen;Rinchnach;76
9c8bb352-9970-4328-a922-6f42e73829ad;Bayern;94315;DIMB IG Bayerischer Wald;Landkreis Straubing-Bogen;Straubing;76
6601470c-04ee-4c77-85ca-27affd026d6c;Bayern;94327;DIMB IG Bayerischer Wald;Landkreis Straubing-Bogen;Bogen;76
e6b5e35a-575c-4041-8084-86029af5c507;Bayern;94330;DIMB IG Bayerischer Wald;Landkreis Straubing-Bogen;Aiterhofen, Salching;76
7fd76dc1-07e2-480a-8044-0923a4508da0;Bayern;94333;DIMB IG Bayerischer Wald;Landkreis Straubing-Bogen;Geiselhöring;76
625eae63-cd38-40ed-8b92-d85c5e24c624;Bayern;94336;DIMB IG Bayerischer Wald;Landkreis Straubing-Bogen;Hunderdorf, Windberg;76
e70e256b-584c-4869-8d75-a973f48babd5;Bayern;94339;DIMB IG Bayerischer Wald;Landkreis Straubing-Bogen;Leiblfing;76
d8cafc42-2e6a-4893-bdd0-f247cc346160;Bayern;94342;DIMB IG Bayerischer Wald;Landkreis Straubing-Bogen;Irlbach, Straßkirchen;76
da5d0467-31b2-4f90-9164-2e58af344db8;Bayern;94344;DIMB IG Bayerischer Wald;Landkreis Straubing-Bogen;Wiesenfelden;76
eff45a3c-8caa-4751-b8d8-5e2598ec718a;Bayern;94345;DIMB IG Bayerischer Wald;Landkreis Straubing-Bogen;Aholfing;76
b50f76dd-f3d0-481c-ae03-ff814f0127c6;Bayern;94347;DIMB IG Bayerischer Wald;Landkreis Straubing-Bogen;Ascha;76
5f61b189-aa72-40b3-8417-4fff1cff4843;Bayern;94348;DIMB IG Bayerischer Wald;Landkreis Straubing-Bogen;Atting;76
682d7e2f-e386-43d0-8722-3479bc261406;Bayern;94350;DIMB IG Bayerischer Wald;Landkreis Straubing-Bogen;Falkenfels;76
bc1275f9-a19f-4515-bb46-2a33108052e8;Bayern;94351;DIMB IG Bayerischer Wald;Landkreis Straubing-Bogen;Feldkirchen;76
d1d4098f-108f-4226-956b-cd6a712a3829;Bayern;94353;DIMB IG Bayerischer Wald;Landkreis Straubing-Bogen;Haibach;76
01f08c9f-c324-45db-9a31-924ad7435aa4;Bayern;94354;DIMB IG Bayerischer Wald;Landkreis Straubing-Bogen;Haselbach;76
9b802e5a-4f53-47e3-b2dd-09f274da5b22;Bayern;94356;DIMB IG Bayerischer Wald;Landkreis Straubing-Bogen;Kirchroth;76
825fa1b9-20a3-45ff-a5c5-a38187fd716c;Bayern;94357;DIMB IG Bayerischer Wald;Landkreis Straubing-Bogen;Konzell;76
e5331f98-d91b-4cbe-a1ff-b99e9a58f12a;Bayern;94359;DIMB IG Bayerischer Wald;Landkreis Straubing-Bogen;Loitzendorf;76
c2d0667e-8904-47f6-9554-6ab7a76e655f;Bayern;94360;DIMB IG Bayerischer Wald;Landkreis Straubing-Bogen;Mitterfels;76
6d774c52-d6a2-41a6-9c8c-70b367d6b2c1;Bayern;94362;DIMB IG Bayerischer Wald;Landkreis Straubing-Bogen;Neukirchen;76
0d495c5c-b3b4-40b3-b57a-f23d398b5ef4;Bayern;94363;DIMB IG Bayerischer Wald;Landkreis Straubing-Bogen;Oberschneiding;76
d1f9c7bc-ab7f-4ce1-bd28-d237d2af4d18;Bayern;94365;DIMB IG Bayerischer Wald;Landkreis Straubing-Bogen;Parkstetten;76
041bad2c-df19-4cf1-bce6-bb1263fdf075;Bayern;94366;DIMB IG Bayerischer Wald;Landkreis Straubing-Bogen;Perasdorf;76
3a1c6128-90ef-49a0-8e04-973ae28cddb5;Bayern;94368;DIMB IG Bayerischer Wald;Landkreis Straubing-Bogen;Perkam;76
54ccccf6-9342-4f29-b68b-4754d6699be6;Bayern;94369;DIMB IG Bayerischer Wald;Landkreis Straubing-Bogen;Rain;76
a6bfb73c-509d-47cb-896b-3d17a323aec0;Bayern;94371;DIMB IG Bayerischer Wald;Landkreis Straubing-Bogen;Rattenberg;76
285b8c7a-4fac-4bf2-b41c-5e37fe158db4;Bayern;94372;DIMB IG Bayerischer Wald;Landkreis Straubing-Bogen;Rattiszell;76
6617acad-a2eb-4b3b-bad3-e7f5f6e0dbf6;Bayern;94374;DIMB IG Bayerischer Wald;Landkreis Straubing-Bogen;Schwarzach;76
c6455a76-0fd0-411e-ae78-32e9ebbd43e1;Bayern;94375;DIMB IG Bayerischer Wald;Landkreis Straubing-Bogen;Stallwang;76
c8f41d31-41ce-4541-84fb-22ed61e915d9;Bayern;94377;DIMB IG Bayerischer Wald;Landkreis Straubing-Bogen;Steinach;76
257caeb6-c1ed-46f0-a268-4e436a7d0152;Bayern;94379;DIMB IG Bayerischer Wald;Landkreis Straubing-Bogen;Sankt Englmar;76
dd207d68-bd3b-4a8a-b0b0-0a4bf27f64b5;Bayern;94447;DIMB IG Bayerischer Wald;Landkreis Deggendorf;Plattling;76
9df2dd43-4cdf-4aed-945b-144ccd8921b2;Bayern;94469;DIMB IG Bayerischer Wald;Landkreis Deggendorf;Deggendorf;76
6600bef9-1c50-4605-816c-a4473e3aad11;Bayern;94474;DIMB IG Bayerischer Wald;Landkreis Passau;Vilshofen an der Donau;76
17304514-51fc-419e-b420-d56fb424c066;Bayern;94481;DIMB IG Bayerischer Wald;Landkreis Freyung-Grafenau;Grafenau;76
61745876-119b-4ed1-989d-6074e4757d52;Bayern;94486;DIMB IG Bayerischer Wald;Landkreis Deggendorf;Osterhofen;76
01d15ead-d2a6-45e2-ab72-9f086e27ac00;Bayern;94491;DIMB IG Bayerischer Wald;Landkreis Deggendorf;Hengersberg;76
fdd8578b-8646-42e5-be5e-3986d6e353da;Bayern;94496;DIMB IG Bayerischer Wald;Landkreis Passau;Ortenburg;76
7d402868-922e-4a9a-8531-ec420d9f1faa;Bayern;94501;DIMB IG Bayerischer Wald;Landkreis Passau;Aidenbach, Aldersbach, Beutelsbach, Haarbach;76
d23a5c7d-0fbd-4abc-8b8c-c4fca9b5240d;Bayern;94505;DIMB IG Bayerischer Wald;Landkreis Deggendorf;Bernried;76
cddc794a-9d89-4839-b6f2-11a148b63b60;Bayern;94508;DIMB IG Bayerischer Wald;Landkreis Deggendorf;Schöllnach;76
031bd345-9b29-45d1-a54a-48b8956fd5a9;Bayern;94513;DIMB IG Bayerischer Wald;Landkreis Freyung-Grafenau;Schönberg;76
a1b492a6-f85d-491b-a9d1-8345d287ebe8;Bayern;94518;DIMB IG Bayerischer Wald;Landkreis Freyung-Grafenau;Spiegelau;76
75958fbc-ed83-40d4-86e0-3fca6de1f1a5;Bayern;94526;DIMB IG Bayerischer Wald;Landkreis Deggendorf;Metten;76
c5dd6195-5db4-470d-81af-8e3db19c258b;Bayern;94527;DIMB IG Bayerischer Wald;Landkreis Deggendorf;Aholming;76
517e489c-aa22-42b4-9cd5-faaf3c4d9491;Bayern;94529;DIMB IG Bayerischer Wald;Landkreis Passau;Aicha vorm Wald;76
6edd838d-7504-4754-bb2b-585aa92d56fb;Bayern;94530;DIMB IG Bayerischer Wald;Landkreis Deggendorf;Auerbach;76
fa92a3c2-10a3-469c-b586-8710b1e01a9d;Bayern;94532;DIMB IG Bayerischer Wald;Landkreis Deggendorf;Außernzell;76
f82e9d3b-483c-4165-a1e6-dbff534e6d27;Bayern;94533;DIMB IG Bayerischer Wald;Landkreis Deggendorf;Buchhofen;76
f020dc2d-a9c4-42da-bbf4-7eb8dc726cd1;Bayern;94535;DIMB IG Bayerischer Wald;Landkreis Passau;Eging a.See;76
ee4e0d42-910a-49d8-9b43-40e1642fdcdf;Bayern;94536;DIMB IG Bayerischer Wald;Landkreis Freyung-Grafenau;Eppenschlag;76
1663c91a-0e3d-448c-aed5-0b8515029e7b;Bayern;94538;DIMB IG Bayerischer Wald;Landkreis Passau;Fürstenstein;76
4ba62b16-241c-40e4-904b-bf0a276686a8;Bayern;94539;DIMB IG Bayerischer Wald;Landkreis Deggendorf;Grafling;76
cd3ff0f3-0ed2-46eb-bd3b-194d5784e899;Bayern;94541;DIMB IG Bayerischer Wald;Landkreis Deggendorf;Grattersdorf;76
ca7cb44d-a0ec-4a0e-b0a6-753702d7f327;Bayern;94542;DIMB IG Bayerischer Wald;Landkreis Passau;Haarbach;76
3d291bf3-058f-415b-89d2-b49221ba3b8f;Bayern;94544;DIMB IG Bayerischer Wald;Landkreis Passau;Hofkirchen;76
97a8d61c-571f-4479-8e21-200fa5cf07f7;Bayern;94545;DIMB IG Bayerischer Wald;Landkreis Freyung-Grafenau;Hohenau;76
d297c31e-e7d0-4c0c-ab9a-585f27eab66a;Bayern;94547;DIMB IG Bayerischer Wald;Landkreis Deggendorf;Iggensbach;76
57d3abd6-cb6a-45d7-aa78-43ca1ed16da2;Bayern;94548;DIMB IG Bayerischer Wald;Landkreis Freyung-Grafenau;Innernzell;76
c206e964-47cc-47c3-be22-a8b2f11a4e79;Bayern;94550;DIMB IG Bayerischer Wald;Landkreis Deggendorf;Künzing;76
7dc1ce7e-36df-4d82-82e0-5e7d9d5bd0ed;Bayern;94551;DIMB IG Bayerischer Wald;Landkreis Deggendorf;Hunding, Lalling;76
d3987527-5b82-435f-a6fc-67a7a2d44b6a;Bayern;94553;DIMB IG Bayerischer Wald;Landkreis Straubing-Bogen;Mariaposching;76
c5902b94-a385-4947-8dfe-d652192c7965;Bayern;94554;DIMB IG Bayerischer Wald;Landkreis Deggendorf;Moos;76
d5deaab8-3d51-4b9b-acc5-f012837306a7;Bayern;94556;DIMB IG Bayerischer Wald;Landkreis Freyung-Grafenau;Neuschönau;76
77bb6065-4bf5-4a64-bf18-0db40ea99908;Bayern;94557;DIMB IG Bayerischer Wald;Landkreis Deggendorf;Niederalteich;76
45eaddde-2858-4ead-a9d0-54325777a8cf;Bayern;94559;DIMB IG Bayerischer Wald;Landkreis Straubing-Bogen;Niederwinkling;76
30147101-2a0f-4723-a3f6-79c65b48e0c6;Bayern;94560;DIMB IG Bayerischer Wald;Landkreis Deggendorf;Offenberg;76
ba2bcaea-78ff-4b68-8f89-7a07f57a2945;Bayern;94562;DIMB IG Bayerischer Wald;Landkreis Deggendorf;Oberpöring;76
92609002-3d05-4c9d-998c-aae815ff6f41;Bayern;94563;DIMB IG Bayerischer Wald;Landkreis Deggendorf;Otzing;76
10d83a04-dcfa-44df-9e28-ebea1a3f3a3a;Bayern;94566;DIMB IG Bayerischer Wald;Landkreis Freyung-Grafenau;Sankt Oswald-Riedlhütte;76
c71a5252-f508-4a79-a111-d017d14a2d31;Bayern;94568;DIMB IG Bayerischer Wald;Landkreis Freyung-Grafenau;Sankt Oswald-Riedlhütte;76
f87adf5e-fc1e-4f2f-894f-184909c99ba2;Bayern;94569;DIMB IG Bayerischer Wald;Landkreis Deggendorf;Stephansposching;76
d38bb756-d1ac-466d-80de-97645ca4923a;Bayern;94571;DIMB IG Bayerischer Wald;Landkreis Deggendorf;Schaufling;76
9c531620-9335-4108-8b1b-002664b765b8;Bayern;94572;DIMB IG Bayerischer Wald;Landkreis Freyung-Grafenau;Schöfweg;76
f5ca0df1-8dc8-4e8b-9828-5fb119b61038;Bayern;94574;DIMB IG Bayerischer Wald;Landkreis Deggendorf;Wallerfing;76
be17f045-7cfa-4428-bf97-5237117dad7f;Bayern;94575;DIMB IG Bayerischer Wald;Landkreis Passau;Windorf;76
f0f44599-a236-44c7-8fe3-d6b9cad35833;Bayern;94577;DIMB IG Bayerischer Wald;Landkreis Deggendorf;Winzer;76
09904dae-8115-4572-be39-a3f6b57fd46c;Bayern;94579;DIMB IG Bayerischer Wald;Landkreis Freyung-Grafenau;Zenting;76
3cd2a594-8135-4193-9e22-5f5a2e330126;Bayern;95028;DIMB IG Oberfranken;Stadt Hof;Hof;54
6ce588da-280c-4642-9b95-e20e1055bfbd;Bayern;95030;DIMB IG Oberfranken;Stadt Hof;Hof;54
dd7c4dea-b0cd-4bd0-8a48-ebebb9bf717e;Bayern;95032;DIMB IG Oberfranken;Stadt Hof;Hof;54
837f5e50-e781-4e37-8de9-7e2e77b4b5b4;Bayern;95100;DIMB IG Oberfranken;Landkreis Wunsiedel im Fichtelgebirge;Selb;54
4bc84732-7f43-4d37-be07-440a97906089;Bayern;95111;DIMB IG Oberfranken;Landkreis Hof;Rehau;54
1a6c9547-26f4-43e8-976b-6e9fb39825db;Bayern;95119;DIMB IG Oberfranken;Landkreis Hof;Naila;54
49beb989-d130-4811-a9f6-272fac43afbe;Bayern;95126;DIMB IG Oberfranken;Landkreis Hof;Schwarzenbach a.d.Saale;54
f4801e62-7f58-4110-8cb5-43dc3089c075;Bayern;95131;DIMB IG Oberfranken;Landkreis Hof;Schwarzenbach a.Wald;54
bbb655eb-22db-4a58-a625-2aa482177bdc;Bayern;95138;DIMB IG Oberfranken;Landkreis Hof;Bad Steben;54
c60b867b-a869-4a23-92a2-9514a8f3e9a9;Bayern;95145;DIMB IG Oberfranken;Landkreis Hof;Oberkotzau;54
1368972a-6dc4-40e6-bf35-56da1f23f0db;Bayern;95152;DIMB IG Oberfranken;Landkreis Hof;Selbitz;54
6dfe3d9c-9d33-4421-9887-7bdeb743cf14;Bayern;95158;DIMB IG Oberfranken;Landkreis Wunsiedel im Fichtelgebirge;Kirchenlamitz;54
2bd8161d-584b-4a3a-8087-268c25024e8f;Bayern;95163;DIMB IG Oberfranken;Landkreis Wunsiedel im Fichtelgebirge;Weißenstadt;54
f8747175-8f73-484f-8123-da813f7ee6aa;Bayern;95168;DIMB IG Oberfranken;Landkreis Wunsiedel im Fichtelgebirge;Marktleuthen;54
637d9043-4775-427f-b51f-bf070f915a68;Bayern;95173;DIMB IG Oberfranken;Landkreis Wunsiedel im Fichtelgebirge;Schönwald;54
59cdd986-b52e-4b3f-b779-a62640b0a1ce;Bayern;95176;DIMB IG Oberfranken;Landkreis Hof;Konradsreuth;54
d1c2f544-946e-474d-9619-ba96f4c0bdaa;Bayern;95179;DIMB IG Oberfranken;Landkreis Hof;Geroldsgrün;54
486f2756-0140-4f78-adbc-2b2ec3462073;Bayern;95180;DIMB IG Oberfranken;Landkreis Hof;Berg;54
1998d148-d19b-4948-b106-ab40dea993f1;Bayern;95182;DIMB IG Oberfranken;Landkreis Hof;Döhlau;54
15413e2f-9167-4420-a7f9-e4f8ae4213ef;Bayern;95183;DIMB IG Oberfranken;Landkreis Hof;Feilitzsch, Töpen, Trogen;54
f817958f-1d00-4dd8-b96b-c50dd022423e;Bayern;95185;DIMB IG Oberfranken;Landkreis Hof;Gattendorf;54
c8edc435-94ae-4aff-a3a7-cb5d5fb7fdfb;Bayern;95186;DIMB IG Oberfranken;Landkreis Wunsiedel im Fichtelgebirge;Höchstädt im Fichtelgebirge;54
30eee594-c776-48d1-b5c1-93560615e5d5;Bayern;95188;DIMB IG Oberfranken;Landkreis Hof;Issigau;54
248fcbc7-68e6-475f-8599-823046293803;Bayern;95189;DIMB IG Oberfranken;Landkreis Hof;Köditz;54
0f4e5b8c-4a00-44d4-bb68-f474eb5386c1;Bayern;95191;DIMB IG Oberfranken;Landkreis Hof;Leupoldsgrün;54
234bf694-768c-4f28-bb1a-82bda6543fce;Bayern;95192;DIMB IG Oberfranken;Landkreis Hof;Lichtenberg;54
0839eed4-5526-4d1e-8989-2ac1e9b59da4;Bayern;95194;DIMB IG Oberfranken;Landkreis Hof;Regnitzlosau;54
9b443fab-a51e-481e-a721-d72bb2c2d85f;Bayern;95195;DIMB IG Oberfranken;Landkreis Wunsiedel im Fichtelgebirge;Röslau;54
b7419276-83ed-4242-b701-69368eb91eb0;Bayern;95197;DIMB IG Oberfranken;Landkreis Hof;Schauenstein;54
a4746f06-4e43-4121-8363-e888bebe54a3;Bayern;95199;DIMB IG Oberfranken;Landkreis Wunsiedel im Fichtelgebirge;Thierstein;54
2f64c0c9-f1a5-4ea0-b4af-c3b0e0a647b4;Bayern;95213;DIMB IG Oberfranken;Landkreis Hof;Münchberg;54
403a1150-187b-489e-846d-c788b397a502;Bayern;95233;DIMB IG Oberfranken;Landkreis Hof;Helmbrechts;54
5c507efa-8539-4def-89b7-c81239bd6071;Bayern;95234;DIMB IG Oberfranken;Landkreis Hof;Sparneck;54
14695ca4-0526-453f-91d9-e61b96b0f150;Bayern;95236;DIMB IG Oberfranken;Landkreis Hof;Stammbach;54
6c8e0ef8-b3f4-46b6-bbe7-82c938a191ce;Bayern;95237;DIMB IG Oberfranken;Landkreis Hof;Weißdorf;54
dd452032-4a45-4e6c-8019-ae3875efac81;Bayern;95239;DIMB IG Oberfranken;Landkreis Hof;Zell im Fichtelgebirge;54
df5d2108-6048-4b1f-b317-0a6e68a7a8bd;Bayern;95301;DIMB IG Oberfranken;Landkreis Kulmbach;Kulmbach;54
ca56fd35-4bc8-43be-8c65-3761f8170f00;Bayern;95326;DIMB IG Oberfranken;Landkreis Kulmbach;Kulmbach;54
fe1f0b33-7feb-4e07-801b-bd5d994f1469;Bayern;95336;DIMB IG Oberfranken;Landkreis Kulmbach;Mainleus;54
680736d5-5338-466e-b831-aeea1f9130bd;Bayern;95339;DIMB IG Oberfranken;Landkreis Kulmbach;Neuenmarkt, Wirsberg;54
40696ff1-87bc-4186-8b2a-58cde399b27c;Bayern;95346;DIMB IG Oberfranken;Landkreis Kulmbach;Stadtsteinach;54
4c17d434-26c8-43f4-9a51-d48e90a6b1ad;Bayern;95349;DIMB IG Oberfranken;Landkreis Kulmbach;Thurnau;54
67e71872-50a5-4465-ae9e-2612d41bd7af;Bayern;95352;DIMB IG Oberfranken;Landkreis Kulmbach;Marktleugast;54
7a5fa815-5ffb-4fb5-9411-f235f891b209;Bayern;95355;DIMB IG Oberfranken;Landkreis Kulmbach;Presseck;54
fae0daea-9cdb-4936-a54a-e62b4e55c01c;Bayern;95356;DIMB IG Oberfranken;Landkreis Kulmbach;Grafengehaig;54
c4d3116d-bd9d-4803-aa94-414ce3a73737;Bayern;95358;DIMB IG Oberfranken;Landkreis Kulmbach;Guttenberg;54
97cf1f85-9b5a-41c6-a03f-9e0da6591cbd;Bayern;95359;DIMB IG Oberfranken;Landkreis Kulmbach;Kasendorf;54
0efaa367-b1ea-4b3f-8aad-c6afff448594;Bayern;95361;DIMB IG Oberfranken;Landkreis Kulmbach;Ködnitz;54
d0ebd2ce-b694-4c26-9a65-790cc1012579;Bayern;95362;DIMB IG Oberfranken;Landkreis Kulmbach;Kupferberg;54
83babf2c-83ea-47e3-b997-0165a7170838;Bayern;95364;DIMB IG Oberfranken;Landkreis Kulmbach;Ludwigschorgast;54
3ae004ab-f402-409d-8025-b5114e6b9272;Bayern;95365;DIMB IG Oberfranken;Landkreis Kulmbach;Rugendorf;54
8ad04ffb-4530-4d01-a5a2-f3e8bd0984ff;Bayern;95367;DIMB IG Oberfranken;Landkreis Kulmbach;Trebgast;54
c48c4723-2247-47e1-a29f-8c1b8ea304ad;Bayern;95369;DIMB IG Oberfranken;Landkreis Kulmbach;Untersteinach;54
c6b04a24-8e2c-49bd-bd8e-773b52421f05;Bayern;95444;DIMB IG Oberfranken;Stadt Bayreuth;Bayreuth;54
75d6eff7-1fc4-4221-97d8-2456bc117322;Bayern;95445;DIMB IG Oberfranken;Stadt Bayreuth;Bayreuth;54
f0374098-0474-4088-a73d-d4932aa09df5;Bayern;95447;DIMB IG Oberfranken;Stadt Bayreuth;Bayreuth;54
cb5d03bf-2e7f-44fd-94db-3533aa31953a;Bayern;95448;DIMB IG Oberfranken;Stadt Bayreuth;Bayreuth;54
19f0a385-fc03-4096-bf1b-9201b86b3ff6;Bayern;95460;DIMB IG Oberfranken;Landkreis Bayreuth;Bad Berneck im Fichtelgebirge;54
18a0e85b-4b07-46f3-8284-c1455d72db10;Bayern;95463;DIMB IG Oberfranken;Landkreis Bayreuth;Bindlach;54
0c0847e1-b2bd-4def-9bc1-d1dd8ad9a124;Bayern;95466;DIMB IG Oberfranken;Landkreis Bayreuth;Kirchenpingarten, Weidenberg;54
66f7af35-8847-4586-910b-04a953adf7a9;Bayern;95469;DIMB IG Oberfranken;Landkreis Bayreuth;Speichersdorf;54
7dc566f2-fe09-4cd4-8166-9dc20ecf7699;Bayern;95473;DIMB IG Oberfranken;Landkreis Bayreuth;Creußen, Haag, Prebitz;54
1d1aa174-8cd0-4c02-9efa-2a80469d87c5;Bayern;95478;DIMB IG Stoapfalz;Landkreis Tirschenreuth;Kemnath;81
372ed241-28d5-4a08-b026-3a6eb183ba94;Bayern;95482;DIMB IG Oberfranken;Landkreis Bayreuth;Gefrees;54
bd785a74-fa41-4700-8be5-3b478afc6c9e;Bayern;95485;DIMB IG Oberfranken;Landkreis Bayreuth;Warmensteinach;54
64f48bc4-2895-4a1d-9411-5c565b6abbb0;Bayern;95488;DIMB IG Oberfranken;Landkreis Bayreuth;Eckersdorf;54
5f15b843-3b27-4699-b3a7-645d5e412803;Bayern;95490;DIMB IG Oberfranken;Landkreis Bayreuth;Mistelgau;54
3a655f14-4eae-4f57-9dcd-0a84f95a0d73;Bayern;95491;DIMB IG Oberfranken;Landkreis Bayreuth;Ahorntal;54
88d61923-ac64-419b-b916-b696cb7b25d6;Bayern;95493;DIMB IG Oberfranken;Landkreis Bayreuth;Bischofsgrün;54
d2a41824-15d7-414f-9892-8c83b2dbb58c;Bayern;95494;DIMB IG Oberfranken;Landkreis Bayreuth;Gesees;54
9c30326b-6847-460c-9117-44abf1bff993;Bayern;95496;DIMB IG Oberfranken;Landkreis Bayreuth;Glashütten;54
e53f917e-2038-46cb-96c5-f15262a90cbb;Bayern;95497;DIMB IG Oberfranken;Landkreis Bayreuth;Goldkronach;54
ae53d4c7-a01a-48ff-ac8a-382430ea0cc1;Bayern;95499;DIMB IG Oberfranken;Landkreis Kulmbach;Harsdorf;54
5f11485a-dcef-4adf-ab60-bd97acfedfe6;Bayern;95500;DIMB IG Oberfranken;Landkreis Bayreuth;Heinersreuth;54
d326a45d-d8ee-45da-ab94-bcce738ae02e;Bayern;95502;DIMB IG Oberfranken;Landkreis Kulmbach;Himmelkron;54
0f5090eb-2c20-44e1-bb63-3985772503c8;Bayern;95503;DIMB IG Oberfranken;Landkreis Bayreuth;Hummeltal;54
989d98fb-cab2-414b-b1a8-c35256db8cac;Bayern;95505;DIMB IG Stoapfalz;Landkreis Tirschenreuth;Immenreuth;81
fe1c8cf2-9b65-4cd3-8eb5-75ad46cbcd0d;Bayern;95506;DIMB IG Stoapfalz;Landkreis Tirschenreuth;Kastl;81
b8f2af86-8521-470a-8d2b-60213745260c;Bayern;95508;DIMB IG Stoapfalz;Landkreis Tirschenreuth;Kulmain;81
0b325e5f-17d5-45c9-a06a-69d0a91213c1;Bayern;95509;DIMB IG Oberfranken;Landkreis Kulmbach;Marktschorgast;54
51a9ff69-647d-4e20-9789-5a3f9b4b2f80;Bayern;95511;DIMB IG Oberfranken;Landkreis Bayreuth;Mistelbach;54
c2c67fbb-b0fb-46c0-b4d0-3a244232f203;Bayern;95512;DIMB IG Oberfranken;Landkreis Kulmbach;Neudrossenfeld;54
179a2f7c-6691-4ad7-940a-179e1b37856e;Bayern;95514;DIMB IG Stoapfalz;Landkreis Neustadt an der Waldnaab;Neustadt am Kulm;81
0701c7dd-c541-465d-8adf-e472b9f0e833;Bayern;95515;DIMB IG Oberfranken;Landkreis Bayreuth;Plankenfels;54
277d62bd-ea66-4093-b75d-a4ce0dc0c01e;Bayern;95517;DIMB IG Oberfranken;Landkreis Bayreuth;Emtmannsberg, Seybothenreuth;54
22fa9fc1-60be-49c8-9437-c69fe0a79483;Bayern;95519;DIMB IG Stoapfalz;Landkreis Neustadt an der Waldnaab;Schlammersdorf, Vorbach;81
aaf2bd86-d9ed-4441-b019-75d0913d7578;Bayern;95615;DIMB IG Oberfranken;Landkreis Wunsiedel im Fichtelgebirge;Marktredwitz;54
8131371a-6a29-4523-a827-198ed63bab2c;Bayern;95632;DIMB IG Oberfranken;Landkreis Wunsiedel im Fichtelgebirge;Wunsiedel;54
0582632d-9783-483f-bd50-c37b3521efc3;Bayern;95643;DIMB IG Stoapfalz;Landkreis Tirschenreuth;Tirschenreuth;81
9eb80b44-0259-4025-9d7c-765a204dc359;Bayern;95652;DIMB IG Stoapfalz;Landkreis Tirschenreuth;Waldsassen;81
a7fe4d33-f1e2-4b5c-8ccc-cff2af813a0d;Bayern;95659;DIMB IG Oberfranken;Landkreis Wunsiedel im Fichtelgebirge;Arzberg;54
2e03d218-feac-4aa2-bde5-3ad1ec25ef25;Bayern;95666;DIMB IG Stoapfalz;Landkreis Tirschenreuth;Leonberg, Mitterteich;81
04ea9548-44e9-4919-ba56-255c0835ff1d;Bayern;95671;DIMB IG Stoapfalz;Landkreis Tirschenreuth;Bärnau;81
ab4e2f46-777c-4070-a784-3c1843618668;Bayern;95676;DIMB IG Stoapfalz;Landkreis Tirschenreuth;Wiesau;81
2194c86a-0fc2-436d-8356-f19b2e6aa686;Bayern;95679;DIMB IG Stoapfalz;Landkreis Tirschenreuth;Waldershof;81
c6418c73-3a72-4cf8-a4c8-cabe2cca0fa1;Bayern;95680;DIMB IG Oberfranken;Landkreis Wunsiedel im Fichtelgebirge;Bad Alexandersbad;54
b43f5df3-966d-4ea4-90b6-bc0c13f8afd7;Bayern;95682;DIMB IG Stoapfalz;Landkreis Tirschenreuth;Brand;81
10db92c4-0894-4499-a692-7bc1f33569aa;Bayern;95683;DIMB IG Stoapfalz;Landkreis Tirschenreuth;Ebnath;81
586a23d7-1369-47ca-8014-f8288f85893d;Bayern;95685;DIMB IG Stoapfalz;Landkreis Tirschenreuth;Falkenberg;81
f672da5a-d9ab-4e8a-a541-10524f52fe1f;Bayern;95686;DIMB IG Oberfranken;Landkreis Bayreuth;Fichtelberg;54
5a65fbf3-1215-4bc8-b5e1-27e8c76891aa;Bayern;95688;DIMB IG Stoapfalz;Landkreis Tirschenreuth;Friedenfels;81
b90d7a3d-f3f7-43fb-99ab-11cdf9d9f0a8;Bayern;95689;DIMB IG Stoapfalz;Landkreis Tirschenreuth;Fuchsmühl;81
a4f26695-61d6-4ed1-b064-7ba8ef30bb4f;Bayern;95691;DIMB IG Oberfranken;Landkreis Wunsiedel im Fichtelgebirge;Hohenberg an der Eger;54
dd5ecaa3-fc41-40ee-9c9a-d47eef1ee428;Bayern;95692;DIMB IG Stoapfalz;Landkreis Tirschenreuth;Konnersreuth;81
1054f526-860b-43f5-91c3-be358c3c5eaa;Bayern;95694;DIMB IG Oberfranken;Landkreis Bayreuth;Mehlmeisel;54
299fbc25-b1d1-4da4-a454-091b465f74ce;Bayern;95695;DIMB IG Stoapfalz;Landkreis Tirschenreuth;Mähring;81
1f622bcd-9451-48a4-99da-1fab9f1e77f8;Bayern;95697;DIMB IG Oberfranken;Landkreis Wunsiedel im Fichtelgebirge;Nagel;54
b0dbe80a-209d-4510-9ef2-9c0fcbd28eec;Bayern;95698;DIMB IG Stoapfalz;Landkreis Tirschenreuth;Neualbenreuth;81
8fc1d206-947b-4d64-b2f3-721cc510d433;Bayern;95700;DIMB IG Stoapfalz;Landkreis Tirschenreuth;Neusorg;81
841eaae2-dead-4c7e-95b4-5ee913d4d97e;Bayern;95701;DIMB IG Stoapfalz;Landkreis Tirschenreuth;Pechbrunn;81
b37f04bf-a8b2-4b4a-95b9-dceaf2969bfb;Bayern;95703;DIMB IG Stoapfalz;Landkreis Tirschenreuth;Plößberg;81
ef1fe398-7674-4730-b600-71b268bd6742;Bayern;95704;DIMB IG Stoapfalz;Landkreis Tirschenreuth;Pullenreuth;81
5c4c3a9f-7bc4-4343-b151-411c16336804;Bayern;95706;DIMB IG Oberfranken;Landkreis Wunsiedel im Fichtelgebirge;Schirnding;54
8c3106aa-11ac-4992-9276-20fdc0875426;Bayern;95707;DIMB IG Oberfranken;Landkreis Wunsiedel im Fichtelgebirge;Thiersheim;54
69b46bf8-9473-450f-a1be-efa443369cba;Bayern;95709;DIMB IG Oberfranken;Landkreis Wunsiedel im Fichtelgebirge;Tröstau;54
ff24c7d9-f94d-4b78-86e0-3e1585b1f943;Bayern;96047;DIMB IG Oberfranken;Stadt Bamberg;Bamberg;54
f0a3d1bf-faca-4846-bac2-9fe658125976;Bayern;96049;DIMB IG Oberfranken;Stadt Bamberg;Bamberg;54
30c33ef9-0cb7-4d86-b7b8-332598a74ae2;Bayern;96050;DIMB IG Oberfranken;Stadt Bamberg;Bamberg;54
b402df7e-7825-43d6-988d-e21d46cf65c6;Bayern;96052;DIMB IG Oberfranken;Stadt Bamberg;Bamberg;54
4e30043e-ae0a-4c93-bf12-630e715b23dd;Bayern;96103;DIMB IG Oberfranken;Landkreis Bamberg;Hallstadt;54
166907bc-66ed-41d3-9b9b-31f870cc6e0b;Bayern;96106;DIMB IG Schweinfurt-Haßberge;Landkreis Haßberge;Ebern;80
d9975f07-41cb-4f48-94a7-6e5647b3ff9f;Bayern;96110;DIMB IG Oberfranken;Landkreis Bamberg;Scheßlitz;54
a124020f-f6da-44f5-bb41-61210c1bac6d;Bayern;96114;DIMB IG Oberfranken;Landkreis Bamberg;Hirschaid;54
3c7bfa96-b535-40ea-b477-f18748288505;Bayern;96117;DIMB IG Oberfranken;Landkreis Bamberg;Memmelsdorf;54
809a6c79-3b03-4c89-a2d8-2805b02f3a2c;Bayern;96120;DIMB IG Oberfranken;Landkreis Bamberg;Bischberg;54
627b6b52-807f-4472-b871-5e64e77bc118;Bayern;96123;DIMB IG Oberfranken;Landkreis Bamberg;Litzendorf;54
82e6d1b8-525b-4dfa-9f57-0f34dbf2737d;Bayern;96126;DIMB IG Schweinfurt-Haßberge;Landkreis Haßberge;Ermershausen, Maroldsweisach;80
8587171d-0c79-43da-acae-69090786846b;Bayern;96129;DIMB IG Oberfranken;Landkreis Bamberg;Strullendorf;54
41b19901-bd06-42e8-a365-d154ed3ca759;Bayern;96132;DIMB IG Oberfranken;Landkreis Bamberg;Schlüsselfeld;54
80244761-7b9c-48f4-943f-c9a4188cc967;Bayern;96135;DIMB IG Oberfranken;Landkreis Bamberg;Stegaurach;54
f99d0d57-0373-4e49-9038-2aa8129e36e9;Bayern;96138;DIMB IG Oberfranken;Landkreis Bamberg;Burgebrach;54
7de673d1-bcd0-4f7a-897c-fb2315bf7360;Bayern;96142;DIMB IG Oberfranken;Landkreis Bayreuth;Hollfeld;54
db348ffb-18fd-4518-bb92-5a722a4cc041;Bayern;96145;DIMB IG Oberfranken;Landkreis Coburg;Seßlach;54
9ce07a6a-0b07-4620-9d99-1a6e46a262de;Bayern;96146;DIMB IG Oberfranken;Landkreis Bamberg;Altendorf;54
9c05437e-c839-4127-bee2-66d9c3f60706;Bayern;96148;DIMB IG Oberfranken;Landkreis Bamberg;Baunach;54
5e5c580b-b506-4fb6-8bd8-bf721965f716;Bayern;96149;DIMB IG Oberfranken;Landkreis Bamberg;Breitengüßbach;54
5b096e8c-1e91-49de-bbfb-270e0a115296;Bayern;96151;DIMB IG Schweinfurt-Haßberge;Landkreis Haßberge;Breitbrunn;80
4bbe0c3a-a1ee-49e3-8854-130b101fed3c;Bayern;96154;DIMB IG Oberfranken;Landkreis Bamberg;Burgwindheim;54
63694799-1dfc-40d2-b96b-c1857d35ad03;Bayern;96155;DIMB IG Oberfranken;Landkreis Bamberg;Buttenheim;54
9eacea90-f3c8-4b8a-8775-bd93658f2f22;Bayern;96157;DIMB IG Oberfranken;Landkreis Bamberg;Ebrach;54
3ad35dff-91f1-42a4-ad2e-c15eeca31f35;Bayern;96158;DIMB IG Oberfranken;Landkreis Bamberg;Frensdorf;54
4980c4ff-a4f5-422c-b738-105e6a24a691;Bayern;96161;DIMB IG Oberfranken;Landkreis Bamberg;Gerach;54
c5eca9e7-b9d7-410d-8fe3-0809993757b4;Bayern;96163;DIMB IG Oberfranken;Landkreis Bamberg;Gundelsheim;54
87b860ed-e46c-44c2-af61-3c67b957664d;Bayern;96164;DIMB IG Oberfranken;Landkreis Bamberg;Kemmern;54
54b70787-2eed-49ce-a94c-099771e06885;Bayern;96166;DIMB IG Schweinfurt-Haßberge;Landkreis Haßberge;Kirchlauter;80
d22aa539-e464-4b1c-8a89-a3d067891b2a;Bayern;96167;DIMB IG Oberfranken;Landkreis Bamberg;Königsfeld;54
40bdea90-1cfb-4dcf-a642-880f9fd062d8;Bayern;96169;DIMB IG Oberfranken;Landkreis Bamberg;Lauter;54
c2af1fd1-280b-4748-a2c1-36e9a9237a10;Bayern;96170;DIMB IG Oberfranken;Landkreis Bamberg;Lisberg, Priesendorf;54
3dd5d990-ee0a-44dd-87a4-1f5cd7dfadb0;Bayern;96172;DIMB IG Oberfranken;Landkreis Erlangen-Höchstadt;Mühlhausen;54
55d47512-9e49-459a-a4ac-300c4178b250;Bayern;96173;DIMB IG Oberfranken;Landkreis Bamberg;Oberhaid;54
b4e81865-fd10-4e61-bf93-57a031de70d5;Bayern;96175;DIMB IG Oberfranken;Landkreis Bamberg;Pettstadt;54
a38d4be6-6a24-401b-b16a-e3dd29d36cd8;Bayern;96176;DIMB IG Schweinfurt-Haßberge;Landkreis Haßberge;Pfarrweisach;80
8a328ab9-fb91-4939-8102-124ed799bbf6;Bayern;96178;DIMB IG Oberfranken;Landkreis Bamberg;Pommersfelden;54
9b3605fa-54d7-4705-9249-35279511e938;Bayern;96179;DIMB IG Oberfranken;Landkreis Bamberg;Rattelsdorf;54
cff3b63f-bf21-4fe0-8e00-8fc922a2af7b;Bayern;96181;DIMB IG Schweinfurt-Haßberge;Landkreis Haßberge;Rauhenebrach;80
2f2be9d2-288f-492e-bbe8-e56a68808e7b;Bayern;96182;DIMB IG Oberfranken;Landkreis Bamberg;Reckendorf;54
d5625f1d-b9ef-44b2-893d-51db913a58d1;Bayern;96184;DIMB IG Schweinfurt-Haßberge;Landkreis Haßberge;Rentweinsdorf;80
461c6a1e-240c-4e89-bf7a-22bcd01eef49;Bayern;96185;DIMB IG Oberfranken;Landkreis Bamberg;Schönbrunn i.Steigerwald;54
473f6c2b-625e-4ac5-99f6-50d16d1778b4;Bayern;96187;DIMB IG Oberfranken;Landkreis Bamberg;Stadelhofen;54
7bf50f39-530a-453d-a88b-cb417e11aebd;Bayern;96188;DIMB IG Schweinfurt-Haßberge;Landkreis Haßberge;Stettfeld;80
5cb7a830-6757-490e-9b5b-6ec458fc2ad3;Bayern;96190;DIMB IG Schweinfurt-Haßberge;Landkreis Haßberge;Untermerzbach;80
23376352-da51-4d24-ab2c-44a20aeae034;Bayern;96191;DIMB IG Oberfranken;Landkreis Bamberg;Viereth-Trunstadt;54
e3cc1d93-f5bb-4488-bd15-079687ef7ffc;Bayern;96193;DIMB IG Oberfranken;Landkreis Erlangen-Höchstadt;Wachenroth;54
90e33b06-8314-40e9-9784-d3452823a926;Bayern;96194;DIMB IG Oberfranken;Landkreis Bamberg;Walsdorf;54
2121d9b2-c9d6-4a06-b0c1-c8db38e56f92;Bayern;96196;DIMB IG Oberfranken;Landkreis Bamberg;Wattendorf;54
50732a30-f1ee-4099-8fa9-ba7114791f9c;Bayern;96197;DIMB IG Oberfranken;Landkreis Kulmbach;Wonsees;54
9003a027-800d-4cb7-8bf9-4ff83ab098b4;Bayern;96199;DIMB IG Oberfranken;Landkreis Bamberg;Zapfendorf;54
02a244d3-592f-4aa0-ba77-e3b317c798ed;Bayern;96215;DIMB IG Oberfranken;Landkreis Lichtenfels;Lichtenfels;54
1f635f83-6379-4bda-8723-4b2e0c6dd3bb;Bayern;96224;DIMB IG Oberfranken;Landkreis Lichtenfels;Burgkunstadt;54
7a23f3e6-95c6-40cc-a9a5-523602f88135;Bayern;96231;DIMB IG Oberfranken;Landkreis Lichtenfels;Bad Staffelstein;54
3c7331f6-1501-4b87-a5e6-18991d11da60;Bayern;96237;DIMB IG Oberfranken;Landkreis Coburg;Ebersdorf b.Coburg;54
6cb390ca-faf5-4774-beb1-24032065e03e;Bayern;96242;DIMB IG Oberfranken;Landkreis Coburg;Sonnefeld;54
4ee298db-8bec-4e77-8373-7dc70630df12;Bayern;96247;DIMB IG Oberfranken;Landkreis Lichtenfels;Michelau in Oberfranken;54
5136af5c-ee7a-414e-acef-15bedefd4c74;Bayern;96250;DIMB IG Oberfranken;Landkreis Lichtenfels;Ebensfeld;54
3a5ee261-f88a-4bc5-8146-cfa183df8a09;Bayern;96253;DIMB IG Oberfranken;Landkreis Coburg;Untersiemau;54
e8603a1a-f103-4f42-8820-8f862404aed4;Bayern;96257;DIMB IG Oberfranken;Landkreis Lichtenfels;Marktgraitz, Redwitz a.d.Rodach;54
08709b01-4913-4a23-a2af-548cd496fc42;Bayern;96260;DIMB IG Oberfranken;Landkreis Lichtenfels;Weismain;54
3b3c2e9e-b642-4159-a18b-a5d0ebb4c793;Bayern;96264;DIMB IG Oberfranken;Landkreis Lichtenfels;Altenkunstadt;54
8fca38f0-6ddd-4e65-8c64-ddd27aa52820;Bayern;96268;DIMB IG Oberfranken;Landkreis Kronach;Mitwitz;54
3a7bea09-0e68-4d71-a482-0b1d6bc6b51f;Bayern;96269;DIMB IG Oberfranken;Landkreis Coburg;Großheirath;54
025590ed-21c7-4fd7-aca0-8d522a0d2c2b;Bayern;96271;DIMB IG Oberfranken;Landkreis Coburg;Grub a.Forst;54
a5196a45-37df-4090-8585-c8d95334deda;Bayern;96272;DIMB IG Oberfranken;Landkreis Lichtenfels;Hochstadt a.Main;54
da686b7c-70cc-4fa5-8977-e6e545e183cd;Bayern;96274;DIMB IG Oberfranken;Landkreis Coburg;Itzgrund;54
ad57659d-f30c-4156-9bbb-076f04a96e16;Bayern;96275;DIMB IG Oberfranken;Landkreis Lichtenfels;Marktzeuln;54
96f4068f-a1d2-4b16-936b-98aec9de3c6e;Bayern;96277;DIMB IG Oberfranken;Landkreis Kronach;Schneckenlohe;54
fef5fe9a-04f1-40d1-a54a-ca1ddd0fe039;Bayern;96279;DIMB IG Oberfranken;Landkreis Coburg;Weidhausen b.Coburg;54
9f099103-e882-4be3-8587-372ac7401aaa;Bayern;96317;DIMB IG Oberfranken;Landkreis Kronach;Kronach;54
2fdbdce5-9ecf-43fc-8252-eadf484485c7;Bayern;96328;DIMB IG Oberfranken;Landkreis Kronach;Küps;54
50202fcf-b0f7-4d59-9cd8-3054bc677302;Bayern;96332;DIMB IG Oberfranken;Landkreis Kronach;Pressig;54
c839a068-a82f-48e5-834f-0f24759d260c;Bayern;96337;DIMB IG Oberfranken;Landkreis Kronach;Ludwigsstadt;54
7fec577b-c478-43e6-9c3b-b2cbc00d1c5f;Bayern;96342;DIMB IG Oberfranken;Landkreis Kronach;Stockheim;54
0bf3b7a7-8d82-4e54-9935-f4d0c43a156e;Bayern;96346;DIMB IG Oberfranken;Landkreis Kronach;Wallenfels;54
9c2d0b98-f54a-48d4-a159-b98282fc0133;Bayern;96349;DIMB IG Oberfranken;Landkreis Kronach;Steinwiesen;54
5833a011-e138-4cc4-ae0f-58a4e795de20;Bayern;96352;DIMB IG Oberfranken;Landkreis Kronach;Wilhelmsthal;54
016868ca-4ba7-4b8a-84f5-d03b29aaa56c;Bayern;96355;DIMB IG Oberfranken;Landkreis Kronach;Tettau;54
2e66da4c-ad04-43e4-9241-0e01fb30f1cf;Bayern;96358;DIMB IG Oberfranken;Landkreis Kronach;Reichenbach, Teuschnitz;54
776dcb8c-bcd5-45ed-a021-7b01f332ad2d;Bayern;96361;DIMB IG Oberfranken;Landkreis Kronach;Steinbach am Wald;54
55f907c4-5d34-466e-a5be-e149c794aa7d;Bayern;96364;DIMB IG Oberfranken;Landkreis Kronach;Marktrodach;54
75b027f4-c3c0-418c-82f4-7f649ae27942;Bayern;96365;DIMB IG Oberfranken;Landkreis Kronach;Nordhalben;54
a999edec-b68e-4ece-9350-c013842dbf0a;Bayern;96367;DIMB IG Oberfranken;Landkreis Kronach;Tschirn;54
960c1a9b-842c-4807-8a77-aa2214030c84;Bayern;96369;DIMB IG Oberfranken;Landkreis Kulmbach;Kulmbach, Weißenbrunn;54
24af913d-0aeb-43c4-b807-b695cfc1074f;Bayern;96450;DIMB IG Oberfranken;Stadt Coburg;Coburg;54
b874ffc1-e499-4b89-8097-add0c047a348;Bayern;96465;DIMB IG Oberfranken;Landkreis Coburg;Neustadt bei Coburg;54
a6dd4b5a-f478-471f-bceb-e553b8e7b862;Bayern;96472;DIMB IG Oberfranken;Landkreis Coburg;Rödental;54
68c1dbd3-c30b-48f9-8073-ca5f073b1a8f;Bayern;96476;DIMB IG Oberfranken;Landkreis Coburg;Bad Rodach;54
7916b38c-6af4-4ed3-a258-02a565f725c7;Bayern;96479;DIMB IG Oberfranken;Landkreis Coburg;Weitramsdorf;54
94407a32-046c-47a7-865d-776e9ffed7c7;Bayern;96482;DIMB IG Oberfranken;Landkreis Coburg;Ahorn;54
36bd4333-c5ba-4354-a444-5baeda79c791;Bayern;96484;DIMB IG Oberfranken;Landkreis Coburg;Meeder;54
8847b309-ddb5-4b83-874d-f0f8a3f00211;Bayern;96486;DIMB IG Oberfranken;Landkreis Coburg;Lautertal;54
8fe2288d-2b6a-4243-aace-57986c0b8ba4;Bayern;96487;DIMB IG Oberfranken;Landkreis Coburg;Dörfles-Esbach;54
dd2ae275-9346-4b97-a5af-33411b36fb86;Bayern;96489;DIMB IG Oberfranken;Landkreis Coburg;Niederfüllbach;54
d662d116-c4f7-4c5c-94fc-207fe4982c9c;Thüringen;96515;DIMB IG Thüringen;Landkreis Sonneberg;Sonneberg;1
82261f97-42ed-4227-a10d-da2e7aa78eed;Thüringen;96523;DIMB IG Thüringen;Landkreis Sonneberg;Steinach;1
e89c415c-0c3c-458c-8434-49e93c704c2c;Thüringen;96524;DIMB IG Thüringen;Landkreis Sonneberg;Föritztal;1
e3e320e5-7698-44a3-97bc-3a1bc5913aa3;Thüringen;96528;DIMB IG Thüringen;Landkreis Sonneberg;Bachfeld, Frankenblick, Schalkau;1
f660842c-d7cd-45e9-8225-95d53e679c88;Bayern;97070;DIMB IG Würzburg;Stadt Würzburg;Würzburg;69
df79407b-9aab-43ef-941a-49e2db85fe61;Bayern;97072;DIMB IG Würzburg;Stadt Würzburg;Würzburg;69
47364624-2012-48a4-bfc6-d57b48739af9;Bayern;97074;DIMB IG Würzburg;Stadt Würzburg;Würzburg;69
b1dff590-4bed-41c0-a689-cd04303b2f3f;Bayern;97076;DIMB IG Würzburg;Stadt Würzburg;Würzburg;69
7b301fad-59fb-4029-8f65-c6eb8fc0205f;Bayern;97078;DIMB IG Würzburg;Stadt Würzburg;Würzburg;69
06ac1ddd-1d78-443c-97e7-91aa710e2ba5;Bayern;97080;DIMB IG Würzburg;Stadt Würzburg;Würzburg;69
7056085f-34af-4239-87ec-7e4bb1108bf0;Bayern;97082;DIMB IG Würzburg;Stadt Würzburg;Würzburg;69
d891db6e-3361-41a7-950e-d279065342a0;Bayern;97084;DIMB IG Würzburg;Stadt Würzburg;Würzburg;69
7028c62f-6205-4249-8ed5-811e710046f2;Bayern;97199;DIMB IG Würzburg;Landkreis Würzburg;Ochsenfurt;69
ebd90b75-c51e-4baa-9375-22b4132afccf;Bayern;97204;DIMB IG Würzburg;Landkreis Würzburg;Höchberg;69
2f138796-32b5-4f2d-9181-09ece9d19473;Bayern;97209;DIMB IG Würzburg;Landkreis Würzburg;Veitshöchheim;69
4cade601-404b-4f51-aa76-7694648f1a52;Bayern;97218;DIMB IG Würzburg;Landkreis Würzburg;Gerbrunn;69
98dbe808-55b1-459b-8ca7-d8d7643e280f;Bayern;97222;DIMB IG Würzburg;Landkreis Würzburg;Rimpar;69
8277ca5e-921c-437c-94ee-e5c178a540f4;Bayern;97228;DIMB IG Würzburg;Landkreis Würzburg;Rottendorf;69
4e0890c2-4365-4740-878d-2cd3d9206cf6;Bayern;97230;DIMB IG Würzburg;Landkreis Würzburg;Estenfeld;69
a89a1465-282d-45a9-8798-11ead3dc0220;Bayern;97232;DIMB IG Würzburg;Landkreis Würzburg;Giebelstadt;69
f9c53cc3-78f5-4dd2-807d-516f57f2fd5b;Bayern;97234;DIMB IG Würzburg;Landkreis Würzburg;Reichenberg;69
77ee17ee-c85a-4c4f-936f-6288041c42f0;Bayern;97236;DIMB IG Würzburg;Landkreis Würzburg;Randersacker;69
aa7c23dd-5cfb-4fb8-b8ac-0f7f318eb487;Bayern;97237;DIMB IG Würzburg;Landkreis Würzburg;Altertheim;69
64a7e3fa-d049-437f-8f6e-48170bf5bae6;Bayern;97239;DIMB IG Würzburg;Landkreis Würzburg;Aub;69
a54bc1b6-3089-4702-8726-f8c26321f0eb;Bayern;97241;DIMB IG Würzburg;Landkreis Würzburg;Bergtheim, Oberpleichfeld;69
94a18814-8d75-4154-bebc-699c11f12120;Bayern;97243;DIMB IG Würzburg;Landkreis Würzburg;Bieberehren;69
5796cca0-045a-483d-87e9-256e69ac60a4;Bayern;97244;DIMB IG Würzburg;Landkreis Würzburg;Bütthard;69
519a7aba-72cb-428c-b6ff-155b8745f1eb;Bayern;97246;DIMB IG Würzburg;Landkreis Würzburg;Eibelstadt;69
67ada879-2a5e-460a-af21-3bc2080b563d;Bayern;97247;DIMB IG Würzburg;Landkreis Würzburg;Eisenheim;69
dd67ee05-8970-40e2-bddf-598b7bd140e2;Bayern;97249;DIMB IG Würzburg;Landkreis Würzburg;Eisingen;69
fa441f85-f05b-4e03-9250-31cba2808dc1;Bayern;97250;DIMB IG Würzburg;Landkreis Würzburg;Erlabrunn;69
cbfd8f6b-6720-4c20-abfd-bdc730b95c1c;Bayern;97252;DIMB IG Würzburg;Landkreis Würzburg;Frickenhausen a.Main;69
d656d500-7075-4d33-b37f-2b35299ce3ca;Bayern;97253;DIMB IG Würzburg;Landkreis Würzburg;Gaukönigshofen;69
0234efa3-1f84-46ff-83cd-712371997f78;Bayern;97255;DIMB IG Würzburg;Landkreis Würzburg;Gelchsheim, Sonderhofen;69
f87fb524-c398-4ea4-ae96-fa6ce6bac821;Bayern;97256;DIMB IG Würzburg;Landkreis Würzburg;Geroldshausen;69
2131f97f-531b-4f6a-a21d-c8e3150b7e15;Bayern;97259;DIMB IG Würzburg;Landkreis Würzburg;Greußenheim;69
486358bd-b37f-427f-bb2a-deafac6770ec;Bayern;97261;DIMB IG Würzburg;Landkreis Würzburg;Güntersleben;69
4bc69203-7e6b-4df6-9d18-5c1464ec0e46;Bayern;97262;DIMB IG Würzburg;Landkreis Würzburg;Hausen b. Würzburg;69
77a6f77b-c17d-4bdd-975e-27ca26dd60ba;Bayern;97264;DIMB IG Würzburg;Landkreis Würzburg;Helmstadt;69
9fae011f-8716-4732-a13e-8b20fc0f91ec;Bayern;97265;DIMB IG Würzburg;Landkreis Würzburg;Hettstadt;69
d6e69561-2e50-4500-aa68-03901d943c5e;Bayern;97268;DIMB IG Würzburg;Landkreis Würzburg;Kirchheim;69
ed9145a3-49f0-44d1-a3ca-af857355ab46;Bayern;97270;DIMB IG Würzburg;Landkreis Würzburg;Kist;69
394db854-2cc6-49f9-b5ef-b8e84ac01314;Bayern;97271;DIMB IG Würzburg;Landkreis Würzburg;Kleinrinderfeld;69
91bf07ff-5119-4f4d-a66c-bbe601d59d82;Bayern;97273;DIMB IG Würzburg;Landkreis Würzburg;Kürnach;69
e38eb6ba-3b8c-4b66-bd23-18f265d6edb0;Bayern;97274;DIMB IG Würzburg;Landkreis Würzburg;Leinach;69
45b511a0-b551-4ee8-8827-c2856dec437e;Bayern;97276;DIMB IG Würzburg;Landkreis Würzburg;Margetshöchheim;69
426083f1-f1a4-4e02-9422-45342e246ace;Bayern;97277;DIMB IG Würzburg;Landkreis Würzburg;Neubrunn;69
0034576e-28ec-41e2-ab8d-01a435141c6c;Bayern;97279;DIMB IG Würzburg;Landkreis Würzburg;Prosselsheim;69
21eb3385-abdb-41ec-91f1-bd5b9965087d;Bayern;97280;DIMB IG Würzburg;Landkreis Würzburg;Remlingen;69
cc2e8afc-ccf0-4b10-afe5-bbccad20a5c0;Bayern;97283;DIMB IG Würzburg;Landkreis Würzburg;Riedenheim;69
a9ce006c-9ae9-470c-9cd1-04490a290931;Bayern;97285;DIMB IG Würzburg;Landkreis Würzburg;Röttingen, Tauberrettersheim;69
632da681-fe9c-4292-8c97-871961e721d0;Bayern;97286;DIMB IG Würzburg;Landkreis Würzburg;Sommerhausen, Winterhausen;69
d5ebb38b-8f67-42d6-978e-d1a93274cf11;Bayern;97288;DIMB IG Würzburg;Landkreis Würzburg;Theilheim;69
3c0c6baf-3f5f-4c5b-80a6-2162fc35188a;Bayern;97291;DIMB IG Würzburg;Landkreis Würzburg;Thüngersheim;69
593b1864-1fbb-4b08-8fd4-8ec699d92839;Bayern;97292;DIMB IG Würzburg;Landkreis Würzburg;Holzkirchen, Uettingen;69
9166e092-c7f6-4063-96a9-3eb849dfd995;Bayern;97294;DIMB IG Würzburg;Landkreis Würzburg;Unterpleichfeld;69
808e3731-69bb-4671-bb2a-1afc6b1efa7b;Bayern;97295;DIMB IG Würzburg;Landkreis Würzburg;Waldbrunn;69
6a5ee58e-1043-4e86-88b4-eb5a18cfcb8a;Bayern;97297;DIMB IG Würzburg;Landkreis Würzburg;Waldbüttelbrunn;69
9cce495f-07e6-4f11-948d-7be4303ba4ee;Bayern;97299;DIMB IG Würzburg;Landkreis Würzburg;Zell am Main;69
18d2e9d3-ea70-4e65-ad7a-e08240d3f8fb;Bayern;97421;DIMB IG Schweinfurt-Haßberge;Stadt Schweinfurt;Schweinfurt;80
3ae6371f-0180-467d-ad6f-9281fef4328e;Bayern;97422;DIMB IG Schweinfurt-Haßberge;Stadt Schweinfurt;Schweinfurt;80
9f6e231b-5a69-4df9-b69b-d4144484a258;Bayern;97424;DIMB IG Schweinfurt-Haßberge;Stadt Schweinfurt;Schweinfurt;80
652b176d-a988-4d86-a599-a4c0fb10f653;Bayern;97437;DIMB IG Schweinfurt-Haßberge;Landkreis Haßberge;Haßfurt;80
b92e0e13-9185-487a-a75d-209ef2a238d9;Bayern;97440;DIMB IG Schweinfurt-Haßberge;Landkreis Schweinfurt;Werneck;80
59284ef7-32a6-42a2-8252-b065b9177097;Bayern;97447;DIMB IG Schweinfurt-Haßberge;Landkreis Schweinfurt;Frankenwinheim, Gerolzhofen;80
e442c407-ba91-4f9c-bc71-8802ce17d819;Bayern;97453;DIMB IG Schweinfurt-Haßberge;Landkreis Schweinfurt;Schonungen;80
8583ddbf-1751-4ec9-a88a-9dc59c31b1a7;Bayern;97456;DIMB IG Schweinfurt-Haßberge;Landkreis Schweinfurt;Dittelbrunn;80
78928bfb-6754-43b7-9d77-c81121769eeb;Bayern;97461;DIMB IG Schweinfurt-Haßberge;Landkreis Haßberge;Hofheim in Unterfranken;80
93cc93fd-f486-486a-8cfa-3099083ca159;Bayern;97464;DIMB IG Schweinfurt-Haßberge;Landkreis Schweinfurt;Niederwerrn;80
201f9ece-a39c-4579-bd18-012ea104fc0c;Bayern;97469;DIMB IG Schweinfurt-Haßberge;Landkreis Schweinfurt;Gochsheim;80
6b8dfe17-81b9-45b9-b300-05a7758a7d92;Bayern;97475;DIMB IG Schweinfurt-Haßberge;Landkreis Haßberge;Zeil am Main;80
69b975fc-3ca3-42af-80b7-846a306b8e2a;Bayern;97478;DIMB IG Schweinfurt-Haßberge;Landkreis Haßberge;Knetzgau;80
039e1320-db4c-4f72-bf5f-5ef2649c221a;Bayern;97483;DIMB IG Schweinfurt-Haßberge;Landkreis Haßberge;Eltmann;80
4aab469c-dcf7-469c-a663-a54016fb3c16;Bayern;97486;DIMB IG Schweinfurt-Haßberge;Landkreis Haßberge;Königsberg in Bayern;80
7cb8be4b-6ec5-4da3-9bd9-c00f8c44560c;Bayern;97488;DIMB IG Schweinfurt-Haßberge;Landkreis Schweinfurt;Stadtlauringen;80
d85270d4-936f-40f6-a03d-3e9997117a67;Bayern;97490;DIMB IG Schweinfurt-Haßberge;Landkreis Schweinfurt;Poppenhausen;80
460dccaf-6ddb-4ef6-8ee2-21a7359e7f27;Bayern;97491;DIMB IG Schweinfurt-Haßberge;Landkreis Haßberge;Aidhausen;80
741f93dd-0294-4610-b582-e063087c6981;Bayern;97493;DIMB IG Schweinfurt-Haßberge;Landkreis Schweinfurt;Bergrheinfeld;80
dda559ef-19f6-4db7-8676-2a748741cd80;Bayern;97494;DIMB IG Schweinfurt-Haßberge;Landkreis Haßberge;Bundorf;80
367526c5-5d1e-44d4-b346-cce4b95a0306;Bayern;97496;DIMB IG Schweinfurt-Haßberge;Landkreis Haßberge;Burgpreppach;80
713ddf5f-8f4d-47b5-bc8f-65975a2054af;Bayern;97497;DIMB IG Schweinfurt-Haßberge;Landkreis Schweinfurt;Dingolshausen;80
77280298-0d27-4130-8074-fe8e6a6f385a;Bayern;97499;DIMB IG Schweinfurt-Haßberge;Landkreis Schweinfurt;Donnersdorf;80
6d0c1463-7c92-4d83-be31-0a1eae671fea;Bayern;97500;DIMB IG Schweinfurt-Haßberge;Landkreis Haßberge;Ebelsbach;80
328a5934-8dec-487e-9ada-f479c7eae9a3;Bayern;97502;DIMB IG Schweinfurt-Haßberge;Landkreis Schweinfurt;Euerbach;80
ef9d613b-a2aa-4608-bba6-08e9642ab9cb;Bayern;97503;DIMB IG Schweinfurt-Haßberge;Landkreis Haßberge;Gädheim;80
bd39a483-5ea0-44b9-a2f3-b82b41d514e9;Bayern;97505;DIMB IG Schweinfurt-Haßberge;Landkreis Schweinfurt;Geldersheim;80
5d4d8753-19c3-484f-be15-63daa30d29ee;Bayern;97506;DIMB IG Schweinfurt-Haßberge;Landkreis Schweinfurt;Grafenrheinfeld;80
66995290-2c79-468e-bfec-ebd592f96e40;Bayern;97508;DIMB IG Schweinfurt-Haßberge;Landkreis Schweinfurt;Grettstadt;80
e2bc01ab-ce67-4ea1-8f53-b67d804e13fa;Bayern;97509;DIMB IG Schweinfurt-Haßberge;Landkreis Schweinfurt;Kolitzheim;80
f2d6dddd-996e-4ae0-b5ca-3a3ab3b50901;Bayern;97511;DIMB IG Schweinfurt-Haßberge;Landkreis Schweinfurt;Lülsfeld;80
72b47898-2336-42b6-9ffb-9aaf5652087b;Bayern;97513;DIMB IG Schweinfurt-Haßberge;Landkreis Schweinfurt;Michelau i.Steigerwald;80
94fcc4d7-4293-4452-834c-95198650b3f8;Bayern;97514;DIMB IG Schweinfurt-Haßberge;Landkreis Haßberge;Oberaurach;80
cea13451-e926-4af7-ae5d-13fee14d36d7;Bayern;97516;DIMB IG Schweinfurt-Haßberge;Landkreis Schweinfurt;Oberschwarzach;80
5d334a9a-8d44-464f-a18c-a6c7f575a166;Bayern;97519;DIMB IG Schweinfurt-Haßberge;Landkreis Haßberge;Riedbach;80
6e9af8d7-f55b-422d-bc04-23f119f95d08;Bayern;97520;DIMB IG Schweinfurt-Haßberge;Landkreis Schweinfurt;Röthlein;80
a10b9fb7-aa39-4fca-8dca-04f01d00213b;Bayern;97522;DIMB IG Schweinfurt-Haßberge;Landkreis Haßberge;Sand a.Main;80
c3ae4e90-727b-429d-8f54-7cf68f7f0532;Bayern;97523;DIMB IG Schweinfurt-Haßberge;Landkreis Schweinfurt;Schwanfeld;80
6c7a9954-b530-48d4-abf8-d412d052fb95;Bayern;97525;DIMB IG Schweinfurt-Haßberge;Landkreis Schweinfurt;Schwebheim;80
5d434a1b-03e9-45eb-bb93-3811c9e00a87;Bayern;97526;DIMB IG Schweinfurt-Haßberge;Landkreis Schweinfurt;Sennfeld;80
2b618d3c-0adc-4c6a-904f-90cf14d37d9a;Bayern;97529;DIMB IG Schweinfurt-Haßberge;Landkreis Schweinfurt;Sulzheim;80
be7485fc-294f-46ee-87a5-b8bb21a1d097;Bayern;97531;DIMB IG Schweinfurt-Haßberge;Landkreis Haßberge;Theres;80
b2e4efd1-2281-4a8c-a111-71bb48111ac5;Bayern;97532;DIMB IG Schweinfurt-Haßberge;Landkreis Schweinfurt;Üchtelhausen;80
b32e532b-4192-46ee-a1d2-bbc3ff3f55be;Bayern;97534;DIMB IG Schweinfurt-Haßberge;Landkreis Schweinfurt;Waigolshausen;80
f3541201-1e63-471c-aaa1-9e82bede4aaf;Bayern;97535;DIMB IG Schweinfurt-Haßberge;Landkreis Schweinfurt;Wasserlosen;80
6d11f5fd-672a-4562-a202-9f60943f2c97;Bayern;97537;DIMB IG Schweinfurt-Haßberge;Landkreis Schweinfurt;Wipfeld;80
4f780d89-2631-43fe-874a-4ebdb1cc8fdc;Bayern;97539;DIMB IG Schweinfurt-Haßberge;Landkreis Haßberge;Wonfurt;80
c5042859-5c7f-433f-b582-a5af1cbdee25;Bayern;97840;DIMB IG Untermain;Landkreis Aschaffenburg;Rothenbuch;72
5ff2e2f3-87d8-4f34-b259-9cb430d3a775;Bayern;97901;DIMB IG Untermain;Landkreis Miltenberg;Altenbuch;72
a608f93c-b7ce-45a8-9ca8-0d2550446e90;Bayern;97903;DIMB IG Untermain;Landkreis Miltenberg;Collenberg;72
3e794039-9adc-401f-8c45-384aed8f2bb9;Bayern;97904;DIMB IG Untermain;Landkreis Miltenberg;Dorfprozelten;72
9cc3f95a-c108-4ffe-9d27-ba7cdb33e9ae;Bayern;97906;DIMB IG Untermain;Landkreis Miltenberg;Faulbach;72
d21857d2-3a6e-4194-91ef-3bd381cb4b3e;Bayern;97909;DIMB IG Untermain;Landkreis Miltenberg;Stadtprozelten;72
a9e482bb-cd3e-4ba6-8bf8-094f27285b8a;Thüringen;98527;DIMB IG Thüringen;Suhl;Suhl;1
7bfbec1a-6689-4251-a5bf-70adc8bc1844;Thüringen;98528;DIMB IG Thüringen;Suhl;Suhl;1
d297cb80-49e2-485b-bf0d-e72e23886b70;Thüringen;98529;DIMB IG Thüringen;Suhl;Suhl;1
2d641f77-62d2-4d37-9c8b-bb658dcd829c;Thüringen;98530;DIMB IG Thüringen;Suhl;Suhl;1
40719eed-2671-40cf-9cb8-f08ec275a1d4;Thüringen;98530;DIMB IG Thüringen;Landkreis Schmalkalden-Meiningen;Dillstädt, Grub, Marisfeld, Oberstadt, Rohr, Schmeheim, Suhl;1
3869dab6-3fb0-464a-8c85-60df5abf1285;Thüringen;98544;DIMB IG Thüringen;Landkreis Schmalkalden-Meiningen;Zella-Mehlis;1
5d4dd551-3cb7-470a-8bd1-148347eede8e;Thüringen;98547;DIMB IG Thüringen;Landkreis Schmalkalden-Meiningen;Christes, Kühndorf, Schwarza;1
87e9f6ca-9785-47d4-b6c9-b0c79f7634d8;Thüringen;98553;DIMB IG Thüringen;Landkreis Hildburghausen;Ahlstädt, Bischofrod, Eichenberg, Schleusingen;1
117efcf1-e0b0-4872-964a-eaba0a334e94;Thüringen;98559;DIMB IG Thüringen;Suhl;Suhl;1
6bf23a61-45d0-42a7-a94e-3500dad17a40;Thüringen;98559;DIMB IG Thüringen;Landkreis Schmalkalden-Meiningen;Oberhof, Suhl;1
c6d97d53-ef9c-42ae-97bb-c8a7abdbafba;Thüringen;98574;DIMB IG Thüringen;Landkreis Schmalkalden-Meiningen;Schmalkalden;1
ac5144f1-1a58-4283-a647-7dfed3257330;Thüringen;98587;DIMB IG Thüringen;Landkreis Schmalkalden-Meiningen;Schmalkalden, Steinbach-Hallenberg;1
fd6152c1-cbc5-4c63-9c3e-a79f21723d22;Thüringen;98590;DIMB IG Thüringen;Landkreis Schmalkalden-Meiningen;Rosa, Roßdorf, Schwallungen;1
763c9983-901c-4a9e-82d8-34489368fb81;Thüringen;98593;DIMB IG Thüringen;Landkreis Schmalkalden-Meiningen;Floh-Seligenthal;1
a8c3b3e0-9a67-4ed5-b67f-98b5fb93c79a;Thüringen;98596;DIMB IG Thüringen;Landkreis Schmalkalden-Meiningen;Brotterode-Trusetal;1
06544457-23ee-4439-8d7d-fe569623693d;Thüringen;98597;DIMB IG Thüringen;Landkreis Schmalkalden-Meiningen;Breitungen/Werra, Fambach;1
bfdd17d7-f529-4dd4-a7e9-d1b228f540e9;Thüringen;98617;DIMB IG Thüringen;Landkreis Schmalkalden-Meiningen;Belrieth, Einhausen, Ellingshausen, Grabfeld, Leutersdorf, Meiningen, Neubrunn, Obermaßfeld-Grimmenthal, Rhönblick, Ritschenhausen, Stepfershausen, Sülzfeld, Untermaßfeld, Utendorf, Vachdorf;1
e76736dc-2c13-46cd-a13f-c174edc5b9f7;Thüringen;98630;DIMB IG Thüringen;Landkreis Hildburghausen;Römhild;1
85c7c1c9-bbdf-4dc4-80cd-a059bfff676d;Thüringen;98631;DIMB IG Thüringen;Landkreis Schmalkalden-Meiningen;Grabfeld;1
8cfc5066-6efb-4177-95f7-d0a2cd339d69;Thüringen;98634;DIMB IG Thüringen;Landkreis Schmalkalden-Meiningen;Birx, Erbenhausen, Frankenheim/Rhön, Friedelshausen, Kaltennordheim, Mehmels, Oberweid, Wasungen;1
030d58c6-391f-4379-b31a-2354f0340efd;Thüringen;98639;DIMB IG Thüringen;Landkreis Schmalkalden-Meiningen;Meiningen, Rippershausen, Wasungen;1
b1cc490b-f564-4440-a64a-6280f9252f58;Thüringen;98646;DIMB IG Thüringen;Landkreis Hildburghausen;Dingsleben, Hildburghausen, Reurieth, Straufhain;1
07b8197a-b439-4e83-9461-1e80a54ec3ff;Thüringen;98660;DIMB IG Thüringen;Landkreis Hildburghausen;Beinerstadt, Ehrenberg, Grimmelshausen, Henfstädt, Kloster Veßra, Lengfeld, Sankt Bernhard, Themar;1
8e8f4534-a568-4d81-ab55-265aeb57aeba;Thüringen;98663;DIMB IG Thüringen;Landkreis Hildburghausen;Heldburg, Schlechtsart, Schweickershausen, Ummerstadt, Westhausen;1
e294e203-209d-437e-a994-f0b94e0b5581;Thüringen;98666;DIMB IG Thüringen;Landkreis Hildburghausen;Masserberg, Schleusegrund;1
0ee60a58-c8fb-4970-adf0-ab57057d1674;Thüringen;98667;DIMB IG Thüringen;Landkreis Hildburghausen;Schleusegrund;1
7f795a77-b7a6-44c2-889e-547add63d795;Thüringen;98669;DIMB IG Thüringen;Landkreis Hildburghausen;Veilsdorf;1
0d0ff115-65f8-434d-8f5f-0309918b8812;Thüringen;98673;DIMB IG Thüringen;Landkreis Hildburghausen;Auengrund, Brünn/Thür., Eisfeld;1
c48b3d17-9cc4-4101-ad61-481844828a7a;Thüringen;98693;DIMB IG Thüringen;Ilm-Kreis;Ilmenau, Martinroda;1
a6591cf9-75a7-4c0b-9d38-b6b3012553d8;Thüringen;98694;DIMB IG Thüringen;Ilm-Kreis;Ilmenau;1
b9c9dded-4133-4210-b1e1-97004fed79e0;Thüringen;98701;DIMB IG Thüringen;Ilm-Kreis;Großbreitenbach;1
65ca137e-85a2-4b4a-9e72-665b78289d76;Thüringen;98711;DIMB IG Thüringen;Suhl;Suhl;1
a82dfb27-646b-4a64-8dca-413033477d52;Thüringen;98716;DIMB IG Thüringen;Ilm-Kreis;Elgersburg, Geratal;1
6b47b326-7b7d-4f95-a711-aa2333f05a81;Thüringen;98724;DIMB IG Thüringen;Landkreis Sonneberg;Lauscha, Neuhaus am Rennweg;1
3067cc20-892d-4624-b4b5-9fae60f879ed;Thüringen;98743;DIMB IG Thüringen;Landkreis Saalfeld-Rudolstadt;Gräfenthal;1
fc06e6f4-179f-4b19-9be9-5b65a956af03;Thüringen;98744;DIMB IG Thüringen;Landkreis Saalfeld-Rudolstadt;Cursdorf, Deesbach, Meura, Schwarzatal, Unterweißbach;1
21cc2794-483c-4f6d-811a-4a587c7fa775;Thüringen;98746;DIMB IG Thüringen;Landkreis Saalfeld-Rudolstadt;Katzhütte;1
a43d13bd-e90f-492a-8f8c-6ac8333fe6d1;Thüringen;98746;DIMB IG Thüringen;Landkreis Sonneberg;Goldisthal;1
b77ed957-5a9e-43d0-9040-48afb47b8b21;Thüringen;99084;DIMB IG Thüringen;Erfurt;Erfurt;1
d9801026-1915-4c00-9be9-a6cd4ae9dd0f;Thüringen;99085;DIMB IG Thüringen;Erfurt;Erfurt;1
9efece81-7c6e-4b30-b9e9-1b834ed9809d;Thüringen;99086;DIMB IG Thüringen;Erfurt;Erfurt;1
6da908f6-ab1c-4915-b5b3-342402cf1fbc;Thüringen;99087;DIMB IG Thüringen;Erfurt;Erfurt;1
18249bdd-4b4b-41fc-bc8f-aaae96e13c75;Thüringen;99089;DIMB IG Thüringen;Erfurt;Erfurt;1
af1cd7a1-ed96-4486-be0c-42a5e18772d1;Thüringen;99090;DIMB IG Thüringen;Erfurt;Erfurt;1
414d62d4-6a7c-4f5b-b007-4b1795db24b8;Thüringen;99091;DIMB IG Thüringen;Erfurt;Erfurt;1
af3eb0ee-2871-4558-a551-55542434025b;Thüringen;99092;DIMB IG Thüringen;Erfurt;Erfurt;1
644f7054-24d1-41ad-b093-b6a7d960b362;Thüringen;99094;DIMB IG Thüringen;Erfurt;Erfurt;1
b66dc347-4c6d-4ad1-8ab1-1c556a151470;Thüringen;99095;DIMB IG Thüringen;Erfurt;Erfurt;1
d3961334-3b38-48d4-aa4b-69244998e9f7;Thüringen;99096;DIMB IG Thüringen;Erfurt;Erfurt;1
ffc27bdd-3e81-452d-9e8f-55c46fa1207e;Thüringen;99097;DIMB IG Thüringen;Erfurt;Erfurt;1
03d22655-8e9a-4d16-8641-da6d703b4645;Thüringen;99098;DIMB IG Thüringen;Erfurt;Erfurt;1
2206fb96-dc2e-4d47-b449-34a7b407ff0a;Thüringen;99099;DIMB IG Thüringen;Erfurt;Erfurt;1
8ff9fcfe-6a14-465f-a8b6-c5247b550f5c;Thüringen;99100;DIMB IG Thüringen;Landkreis Gotha;Bienstädt, Dachwig, Döllstädt, Gierstädt, Großfahner, Zimmernsupra;1
69b0aec7-83f4-4b10-ba49-21fcb1f127ac;Thüringen;99102;DIMB IG Thüringen;Landkreis Weimarer Land;Klettbach, Rockhausen;1
0f5a45c4-ce65-4ca1-a090-dad8379713bf;Thüringen;99189;DIMB IG Thüringen;Landkreis Sömmerda;Andisleben, Elxleben, Gebesee, Haßleben, Ringleben, Walschleben, Witterda;1
e9309fbf-ac41-459d-930f-7b07da4699fd;Thüringen;99192;DIMB IG Thüringen;Landkreis Gotha;Nesse-Apfelstädt, Nottleben;1
bb698bc9-99e0-4925-b9f6-1459823e2a49;Thüringen;99195;DIMB IG Thüringen;Landkreis Sömmerda;Alperstedt, Eckstedt, Großrudestedt, Markvippach, Nöda, Riethnordhausen, Schloßvippach;1
956498b2-eee2-4411-b81e-a3b839544c23;Thüringen;99198;DIMB IG Thüringen;Landkreis Sömmerda;Großmölsen, Kleinmölsen, Ollendorf, Udestedt;1
b7f7b84a-286e-4b42-af0f-fa80e62c8ae4;Thüringen;99198;DIMB IG Thüringen;Landkreis Weimarer Land;Mönchenholzhausen;1
b478b9c0-a012-44dd-8e35-c9d2f88ba638;Thüringen;99310;DIMB IG Thüringen;Ilm-Kreis;Alkersleben, Arnstadt, Bösleben-Wüllersleben, Dornheim, Osthausen-Wülfershausen, Witzleben;1
fd67232e-5be9-44d6-95e8-1f688e3f29cb;Thüringen;99326;DIMB IG Thüringen;Ilm-Kreis;Stadtilm;1
10db3b32-570f-4130-a787-58150a2490f2;Thüringen;99330;DIMB IG Thüringen;Ilm-Kreis;Geratal;1
fcad9d62-69ab-4503-aca6-ad13215633e1;Thüringen;99331;DIMB IG Thüringen;Ilm-Kreis;Geratal;1
2c9f4870-eae2-481e-8161-7ab8178db217;Thüringen;99334;DIMB IG Thüringen;Ilm-Kreis;Amt Wachsenburg, Elleben, Elxleben;1
ec6fcd03-067d-4cb6-b48f-7c75417ab3eb;Thüringen;99338;DIMB IG Thüringen;Ilm-Kreis;Angelroda, Geratal, Plaue;1
7a1f9d7a-50e8-4fcd-970d-c47e6055d5f5;Thüringen;99423;DIMB IG Thüringen;Weimar;Weimar;1
23b0f971-6f0e-47a7-a65c-6ea8c672c6fe;Thüringen;99425;DIMB IG Thüringen;Weimar;Weimar;1
08d64888-cab2-48c8-b3ae-68adb7d76e3c;Thüringen;99427;DIMB IG Thüringen;Weimar;Weimar;1
db1e76bc-4223-45ca-8282-01748e4a6153;Thüringen;99428;DIMB IG Thüringen;Landkreis Weimarer Land;Bechstedtstraß, Daasdorf am Berge, Hopfgarten, Isseroda, Niederzimmern, Nohra, Ottstedt am Berge;1
15fe80e3-8442-42eb-8afe-29966b34622a;Thüringen;99428;DIMB IG Thüringen;Weimar;Weimar;1
e59a375d-ca37-4da8-87c7-08645a80eecd;Thüringen;99438;DIMB IG Thüringen;Landkreis Weimarer Land;Bad Berka, Buchfart, Hetschburg, Oettern, Tonndorf, Troistedt, Vollersroda;1
a33305db-a679-4f3a-91f2-80db506d3ae1;Thüringen;99439;DIMB IG Thüringen;Landkreis Weimarer Land;Am Ettersberg, Ballstedt, Ettersburg, Neumark;1
3950734f-d315-4a2b-a00f-cee3791e2b50;Thüringen;99441;DIMB IG Thüringen;Landkreis Weimarer Land;Döbritschen, Frankendorf, Großschwabhausen, Hammerstedt, Kiliansroda, Kleinschwabhausen, Lehnstedt, Magdala, Mechelroda, Mellingen, Umpferstedt;1
5b737a8c-2812-4f17-8a00-5753504eb75f;Thüringen;99444;DIMB IG Thüringen;Landkreis Weimarer Land;Blankenhain;1
25fb3b99-cec0-48c3-9a6c-2eb2914abcad;Thüringen;99448;DIMB IG Thüringen;Landkreis Weimarer Land;Hohenfelden, Kranichfeld, Nauendorf, Rittersdorf;1
2613f227-b65c-4374-a2b3-0916fe039d7f;Thüringen;99510;DIMB IG Thüringen;Landkreis Weimarer Land;Apolda, Ilmtal-Weinstraße, Kapellendorf, Obertrebra, Saaleplatte, Wiegendorf;1
4958a8d2-5871-442f-bc6a-55099edda80d;Thüringen;99518;DIMB IG Thüringen;Landkreis Weimarer Land;Bad Sulza, Eberstedt, Großheringen, Niedertrebra, Rannstedt, Schmiedehausen;1
85979e49-fe32-468d-9d4b-b0ad82332265;Thüringen;99610;DIMB IG Thüringen;Landkreis Sömmerda;Sömmerda, Sprötau, Vogelsberg, Wundersleben;1
202025d5-a03e-4dd6-8792-2c619c0f140b;Thüringen;99625;DIMB IG Thüringen;Landkreis Sömmerda;Großneuhausen, Kleinneuhausen, Kölleda, Sömmerda;1
4f907791-7d58-4c41-bafa-33feaef82520;Thüringen;99628;DIMB IG Thüringen;Landkreis Sömmerda;Buttstädt;1
c97dd5cc-f2f4-45ee-a724-41b55f277a2c;Thüringen;99631;DIMB IG Thüringen;Landkreis Sömmerda;Günstedt, Weißensee;1
3011a295-5a0b-4102-a0ae-c97f2fda1542;Thüringen;99634;DIMB IG Thüringen;Landkreis Sömmerda;Gangloffsömmern, Henschleben, Schwerstedt, Straußfurt, Werningshausen;1
0a5e4144-4c0c-4d3d-887a-f5c4ca2efd47;Thüringen;99636;DIMB IG Thüringen;Landkreis Sömmerda;Ostramondra, Rastenberg;1
756aaefd-f5da-4345-91c6-e8f8b5592f3a;Thüringen;99638;DIMB IG Thüringen;Landkreis Sömmerda;Büchel, Griefstedt, Kindelbrück, Riethgen;1
0a87bdf9-3cf2-4f84-9625-2cdfcf31325e;Thüringen;99706;DIMB IG Thüringen;Kyffhäuserkreis;Sondershausen;1
049d5003-20c0-465e-9677-7710d72d763b;Thüringen;99707;DIMB IG Thüringen;Kyffhäuserkreis;Kyffhäuserland;1
f4d1ab5d-81d8-4d80-82c2-8f6556ccf6c6;Thüringen;99713;DIMB IG Thüringen;Kyffhäuserkreis;Abtsbessingen, Bellstedt, Ebeleben, Freienbessingen, Helbedündorf, Holzsußra, Rockstedt, Thüringenhausen, Wolferschwenda;1
64fce4f4-b7ce-4f0f-9566-51c1624a4b22;Thüringen;99718;DIMB IG Thüringen;Kyffhäuserkreis;Clingen, Greußen, Großenehrich, Niederbösa, Oberbösa, Topfstedt, Trebra, Wasserthaleben, Westgreußen;1
fc29af54-e0cb-41ee-afca-eda7f482dfc4;Thüringen;99734;DIMB IG Thüringen;Landkreis Nordhausen;Nordhausen;1
951f4521-a3dd-4551-ad23-0d8e08a846e9;Thüringen;99735;DIMB IG Harz;Landkreis Nordhausen;Bleicherode, Kleinfurra, Werther;41
6682811d-344d-484f-a44a-556b2ed6a07e;Thüringen;99752;DIMB IG Harz;Landkreis Nordhausen;Bleicherode, Kehmstedt, Lipprechterode;41
d384d0e2-4923-41d2-99b7-fc8916195665;Thüringen;99755;DIMB IG Harz;Landkreis Nordhausen;Ellrich, Hohenstein;41
8d7b5fc0-e9a0-42ff-ad70-4214de8f692b;Thüringen;99759;DIMB IG Harz;Landkreis Nordhausen;Bleicherode, Großlohra, Niedergebra, Sollstedt;41
037beeac-2cc1-4c08-914a-6c70e032db35;Thüringen;99765;DIMB IG Harz;Landkreis Nordhausen;Görsbach, Heringen/Helme, Urbach;41
be592863-06bc-45fd-bfc5-76d6e17d058f;Thüringen;99768;DIMB IG Harz;Landkreis Nordhausen;Harztor;41
989f8314-96f0-4dad-b75c-050d5282b20d;Thüringen;99817;DIMB IG Thüringen;Eisenach;Eisenach;1
7224bd3e-af1a-493c-b689-312d6cd46475;Thüringen;99819;DIMB IG Thüringen;Wartburgkreis;Bad Salzungen, Gerstungen, Krauthausen;1
88a03272-fb69-4793-aaa2-d13e374356ab;Thüringen;99820;DIMB IG Thüringen;Wartburgkreis;Hörselberg-Hainich;1
a67bee54-94ba-4f09-a0ad-420ba8c100da;Thüringen;99826;DIMB IG Thüringen;Wartburgkreis;Berka vor dem Hainich, Bischofroda, Ebenshausen, Frankenroda, Hallungen, Lauterbach, Mihla, Nazza;1
52f9bc05-6f6e-4448-af81-2fe0e48a5c8e;Thüringen;99830;DIMB IG Thüringen;Wartburgkreis;Treffurt;1
5e860fc6-9c72-48c8-9104-d90d66e28d89;Thüringen;99831;DIMB IG Thüringen;Wartburgkreis;Creuzburg;1
c8355576-02f5-44c8-b136-7917b66ee903;Thüringen;99834;DIMB IG Thüringen;Wartburgkreis;Gerstungen;1
540de74f-b34b-4263-81b1-1b972d6c181f;Thüringen;99837;DIMB IG Thüringen;Wartburgkreis;Werra-Suhl-Tal;1
b76f91f3-f8f3-4f0a-b0ec-971dfce8dd4a;Thüringen;99842;DIMB IG Thüringen;Wartburgkreis;Ruhla;1
1ae34b5f-df22-4c1f-a330-bc2859b6f333;Thüringen;99846;DIMB IG Thüringen;Wartburgkreis;Seebach;1
dda339f5-c307-426a-92a5-279130338f7e;Thüringen;99848;DIMB IG Thüringen;Wartburgkreis;Wutha-Farnroda;1
e8eeb88d-b004-412e-8e84-7b0df657003b;Thüringen;99867;DIMB IG Thüringen;Landkreis Gotha;Gotha;1
bb6f9786-552f-4c4a-8ee2-6f60818095ad;Thüringen;99869;DIMB IG Thüringen;Landkreis Gotha;Drei Gleichen, Emleben, Eschenbergen, Friemar, Hörsel, Molschleben, Nessetal, Pferdingsleben, Schwabhausen, Sonneborn, Tröchtelborn, Tüttleben;1
95cfade4-7605-4060-a40d-8bea9a5cd07b;Thüringen;99880;DIMB IG Thüringen;Landkreis Gotha;Hörsel, Waltershausen;1
793a6c65-6870-41e1-81ab-678920ffbaa6;Thüringen;99885;DIMB IG Thüringen;Landkreis Gotha;Luisenthal, Ohrdruf;1
1a3b495d-31e7-42a7-8453-e4e2142e6825;Thüringen;99887;DIMB IG Thüringen;Landkreis Gotha;Georgenthal, Herrenhof, Hohenkirchen, Petriroda;1
e06a3756-1a70-4cb7-b890-3cc5a3f6e9ad;Thüringen;99891;DIMB IG Thüringen;Landkreis Gotha;Bad Tabarz;1
7b010d45-14c7-4a01-aea8-929a90b35bd1;Thüringen;99894;DIMB IG Thüringen;Landkreis Gotha;Friedrichroda, Leinatal;1
acbcdbd9-9720-40fb-8500-e22c13f94660;Thüringen;99897;DIMB IG Thüringen;Landkreis Gotha;Tambach-Dietharz;1
47d727c1-39b9-423f-8072-3f2a6e4e8ec8;Thüringen;99947;DIMB IG Thüringen;Unstrut-Hainich-Kreis;Bad Langensalza, Bothenheilingen, Issersheilingen, Kirchheilingen, Kleinwelsbach, Neunheilingen, Schönstedt, Sundhausen, Tottleben, Unstrut-Hainich;1
6482f854-d2b3-454d-9ea6-9b6d06fee3bf;Thüringen;99955;DIMB IG Thüringen;Unstrut-Hainich-Kreis;Bad Tennstedt, Ballhausen, Blankenburg, Bruchstedt, Haussömmern, Herbsleben, Hornsömmern, Kutzleben, Mittelsömmern, Urleben;1
2e2e7256-3e99-4a65-b382-017060ba4d84;Thüringen;99958;DIMB IG Thüringen;Unstrut-Hainich-Kreis;Großvargula;1
75d170fa-294b-4c7c-985e-2fedf14c36bf;Thüringen;99958;DIMB IG Thüringen;Landkreis Gotha;Tonna;1
d6d57705-c3c4-4770-9aab-c832ea07fb71;Thüringen;99974;DIMB IG Thüringen;Unstrut-Hainich-Kreis;Mühlhausen, Unstruttal;1
d49d33a3-440d-49d0-915a-b05edb7b13ad;Thüringen;99976;DIMB IG Thüringen;Unstrut-Hainich-Kreis;Anrode, Dünwald, Menteroda, Rodeberg, Südeichsfeld, Unstruttal;1
fb4e225a-b37b-4be9-85ce-9783b940a860;Thüringen;99986;DIMB IG Thüringen;Unstrut-Hainich-Kreis;Kammerforst, Oppershausen, Unstrut-Hainich, Vogtei;1
5948da51-a9ff-48c9-bbb3-e4a56b5c0a8a;Thüringen;99988;DIMB IG Thüringen;Unstrut-Hainich-Kreis;Südeichsfeld;1
2bf06331-26e2-4e34-b60c-b1f7c1484955;Thüringen;99991;DIMB IG Thüringen;Unstrut-Hainich-Kreis;Unstrut-Hainich;1
bc969cce-aa27-422c-a7ac-77a74ed74a38;Thüringen;99994;DIMB IG Thüringen;Unstrut-Hainich-Kreis;Marolterode, Schlotheim;1
b993fefe-f4af-4848-aac3-ab776159b63c;Thüringen;99996;DIMB IG Thüringen;Unstrut-Hainich-Kreis;Menteroda, Obermehler;1
690b4a39-35db-4ca5-b56d-1de33d801ace;Thüringen;99998;DIMB IG Thüringen;Unstrut-Hainich-Kreis;Körner, Mühlhausen;1